station,datetime,TEC,Bz_GSM,speed_kms,Kp,TEC_baseline,TEC_disturbance,TEC_lag1,Bz_lag1,Kp_lag1,speed_lag1,TEC_lag2,Bz_lag2,Kp_lag2,speed_lag2,TEC_lag3,Bz_lag3,Kp_lag3,speed_lag3,target_1h,target_3h,target_6h,risk_1h
DRDN,2026-01-15 03:00:00,-76.07107396640471,2.3,521.0,2.0,-65.26430042262996,-10.806773543774751,-70.37222134604356,0.0,2.7,542.0,-60.15637949921634,-0.6,2.7,550.0,-52.18058929004609,1.1,2.7,567.0,-9.86098861012671,-4.801474108608332,-6.426686242202251,Green
DRDN,2026-01-15 04:00:00,-80.23320995617027,1.3,509.0,2.0,-70.37222134604356,-9.86098861012671,-76.07107396640471,2.3,2.0,521.0,-70.37222134604356,0.0,2.7,542.0,-60.15637949921634,-0.6,2.7,550.0,-11.1472353184585,1.8877640751885136,-6.331908725507986,Green
DRDN,2026-01-15 05:00:00,-84.36888297468263,-1.7,486.0,2.0,-73.22164765622414,-11.1472353184585,-80.23320995617027,1.3,2.0,509.0,-76.07107396640471,2.3,2.0,521.0,-70.37222134604356,0.0,2.7,542.0,-4.801474108608332,6.450954843451612,1.6883279328364154,Green
DRDN,2026-01-15 06:00:00,-82.95361606989583,-2.5,495.0,2.7,-78.1521419612875,-4.801474108608332,-84.36888297468263,-1.7,2.0,486.0,-80.23320995617027,1.3,2.0,509.0,-76.07107396640471,2.3,2.0,521.0,1.8877640751885136,-6.426686242202251,5.528865367100465,Green
DRDN,2026-01-15 07:00:00,-76.45768180579324,1.8,549.0,2.7,-78.34544588098176,1.8877640751885136,-82.95361606989583,-2.5,2.7,495.0,-84.36888297468263,-1.7,2.0,486.0,-80.23320995617027,1.3,2.0,509.0,6.450954843451612,-6.331908725507986,6.4568485500685,Green
DRDN,2026-01-15 08:00:00,-71.89449103753014,-4.3,571.0,2.7,-78.34544588098176,6.450954843451612,-76.45768180579324,1.8,2.7,549.0,-82.95361606989583,-2.5,2.7,495.0,-84.36888297468263,-1.7,2.0,486.0,-6.426686242202251,1.6883279328364154,13.088424238546004,Green
DRDN,2026-01-15 09:00:00,-88.02009925523531,-2.4,617.0,2.3,-81.59341301303306,-6.426686242202251,-71.89449103753014,-4.3,2.7,571.0,-76.45768180579324,1.8,2.7,549.0,-82.95361606989583,-2.5,2.7,495.0,-6.331908725507986,5.528865367100465,14.661442650858824,Green
DRDN,2026-01-15 10:00:00,-89.99315824779723,-0.9,620.0,2.3,-83.66124952228924,-6.331908725507986,-88.02009925523531,-2.4,2.3,617.0,-71.89449103753014,-4.3,2.7,571.0,-76.45768180579324,1.8,2.7,549.0,1.6883279328364154,6.4568485500685,3.936380441772755,Green
DRDN,2026-01-15 11:00:00,-79.57696020422298,0.8,628.0,2.3,-81.2652881370594,1.6883279328364154,-89.99315824779723,-0.9,2.3,620.0,-88.02009925523531,-2.4,2.3,617.0,-71.89449103753014,-4.3,2.7,571.0,5.528865367100465,13.088424238546004,1.525605691857372,Green
DRDN,2026-01-15 12:00:00,-72.48845563790765,1.5,639.0,1.0,-78.01732100500811,5.528865367100465,-79.57696020422298,0.8,2.3,628.0,-89.99315824779723,-0.9,2.3,620.0,-88.02009925523531,-2.4,2.3,617.0,6.4568485500685,14.661442650858824,2.721351999618463,Green
DRDN,2026-01-15 13:00:00,-69.57585937099681,0.9,587.0,1.0,-76.03270792106531,6.4568485500685,-72.48845563790765,1.5,1.0,639.0,-79.57696020422298,0.8,2.3,628.0,-89.99315824779723,-0.9,2.3,620.0,13.088424238546004,3.936380441772755,-2.460621209945259,Green
DRDN,2026-01-15 14:00:00,-62.944283682519306,0.3,576.0,1.0,-76.03270792106531,13.088424238546004,-69.57585937099681,0.9,1.0,587.0,-72.48845563790765,1.5,1.0,639.0,-79.57696020422298,0.8,2.3,628.0,14.661442650858824,1.525605691857372,0.3601187705245294,Green
DRDN,2026-01-15 15:00:00,-56.370714853593405,-1.6,593.0,3.0,-71.03215750445223,14.661442650858824,-62.944283682519306,0.3,1.0,576.0,-69.57585937099681,0.9,1.0,587.0,-72.48845563790765,1.5,1.0,639.0,3.936380441772755,2.721351999618463,1.1482146201273125,Green
DRDN,2026-01-15 16:00:00,-62.3236910849853,-0.4,621.0,3.0,-66.26007152675805,3.936380441772755,-56.370714853593405,-1.6,3.0,593.0,-62.944283682519306,0.3,1.0,576.0,-69.57585937099681,0.9,1.0,587.0,1.525605691857372,-2.460621209945259,0.8749821478204183,Green
DRDN,2026-01-15 17:00:00,-61.10838169189493,-0.7,628.0,3.0,-62.6339873837523,1.525605691857372,-62.3236910849853,-0.4,3.0,621.0,-56.370714853593405,-1.6,3.0,593.0,-62.944283682519306,0.3,1.0,576.0,2.721351999618463,0.3601187705245294,3.69476807974592,Green
DRDN,2026-01-15 18:00:00,-58.99468438882165,-0.5,626.0,3.0,-61.71603638844012,2.721351999618463,-61.10838169189493,-0.7,3.0,628.0,-62.3236910849853,-0.4,3.0,621.0,-56.370714853593405,-1.6,3.0,593.0,-2.460621209945259,1.1482146201273125,5.699929170007522,Green
DRDN,2026-01-15 19:00:00,-64.17665759838538,-1.9,615.0,3.0,-61.71603638844012,-2.460621209945259,-58.99468438882165,-0.5,3.0,626.0,-61.10838169189493,-0.7,3.0,628.0,-62.3236910849853,-0.4,3.0,621.0,0.3601187705245294,0.8749821478204183,-2.9550239243025302,Green
DRDN,2026-01-15 20:00:00,-60.38814415084587,-0.5,611.0,3.0,-60.7482629213704,0.3601187705245294,-64.17665759838538,-1.9,3.0,615.0,-58.99468438882165,-0.5,3.0,626.0,-61.10838169189493,-0.7,3.0,628.0,1.1482146201273125,3.69476807974592,-13.846528263449017,Green
DRDN,2026-01-15 21:00:00,-59.600048301243085,2.5,599.0,2.3,-60.7482629213704,1.1482146201273125,-60.38814415084587,-0.5,3.0,611.0,-64.17665759838538,-1.9,3.0,615.0,-58.99468438882165,-0.5,3.0,626.0,0.8749821478204183,5.699929170007522,-20.74657730683245,Green
DRDN,2026-01-15 22:00:00,-59.11911407822406,1.6,607.0,2.3,-59.99409622604448,0.8749821478204183,-59.600048301243085,2.5,2.3,599.0,-60.38814415084587,-0.5,3.0,611.0,-64.17665759838538,-1.9,3.0,615.0,3.69476807974592,-2.9550239243025302,-19.89301369555585,Green
DRDN,2026-01-15 23:00:00,-55.664813109987655,1.8,587.0,2.3,-59.359581189733575,3.69476807974592,-59.11911407822406,1.6,2.3,607.0,-59.600048301243085,2.5,2.3,599.0,-60.38814415084587,-0.5,3.0,611.0,5.699929170007522,-13.846528263449017,-21.13323729100273,Green
DRDN,2026-01-16 00:00:00,-53.65965201972605,2.2,550.0,3.3,-59.359581189733575,5.699929170007522,-55.664813109987655,1.8,2.3,587.0,-59.11911407822406,1.6,2.3,607.0,-59.600048301243085,2.5,2.3,599.0,-2.9550239243025302,-20.74657730683245,-11.294462111759104,Green
DRDN,2026-01-16 01:00:00,-62.314605114036105,0.5,550.0,3.3,-59.359581189733575,-2.9550239243025302,-53.65965201972605,2.2,3.3,550.0,-55.664813109987655,1.8,2.3,587.0,-59.11911407822406,1.6,2.3,607.0,-13.846528263449017,-19.89301369555585,2.28140279711495,Green
DRDN,2026-01-16 02:00:00,-73.20610945318259,4.3,563.0,3.3,-59.359581189733575,-13.846528263449017,-62.314605114036105,0.5,3.3,550.0,-53.65965201972605,2.2,3.3,550.0,-55.664813109987655,1.8,2.3,587.0,-20.74657730683245,-21.13323729100273,5.175324715823663,Yellow
DRDN,2026-01-16 03:00:00,-81.46343690296253,2.5,594.0,3.7,-60.71685959613008,-20.74657730683245,-73.20610945318259,4.3,3.3,563.0,-62.314605114036105,0.5,3.3,550.0,-53.65965201972605,2.2,3.3,550.0,-19.89301369555585,-11.294462111759104,-3.365118670811924,Yellow
DRDN,2026-01-16 04:00:00,-87.6533709791652,0.4,664.0,3.7,-67.76035728360935,-19.89301369555585,-81.46343690296253,2.5,3.7,594.0,-73.20610945318259,4.3,3.3,563.0,-62.314605114036105,0.5,3.3,550.0,-21.13323729100273,2.28140279711495,3.209027801798925,Yellow
DRDN,2026-01-16 05:00:00,-98.4680104690753,2.0,707.0,3.7,-77.33477317807257,-21.13323729100273,-87.6533709791652,0.4,3.7,664.0,-81.46343690296253,2.5,3.7,594.0,-73.20610945318259,4.3,3.3,563.0,-11.294462111759104,5.175324715823663,7.532420176577872,Green
DRDN,2026-01-16 06:00:00,-95.85286605282296,-1.4,688.0,3.3,-84.55840394106386,-11.294462111759104,-98.4680104690753,2.0,3.7,707.0,-87.6533709791652,0.4,3.7,664.0,-81.46343690296253,2.5,3.7,594.0,2.28140279711495,-3.365118670811924,10.50643278464257,Green
DRDN,2026-01-16 07:00:00,-83.09056538493529,1.5,679.0,3.3,-85.37196818205024,2.28140279711495,-95.85286605282296,-1.4,3.3,688.0,-98.4680104690753,2.0,3.7,707.0,-87.6533709791652,0.4,3.7,664.0,5.175324715823663,3.209027801798925,7.019501939958005,Green
DRDN,2026-01-16 08:00:00,-80.19664346622658,1.0,679.0,3.3,-85.37196818205024,5.175324715823663,-83.09056538493529,1.5,3.3,679.0,-95.85286605282296,-1.4,3.3,688.0,-98.4680104690753,2.0,3.7,707.0,-3.365118670811924,7.532420176577872,8.634439360913007,Green
DRDN,2026-01-16 09:00:00,-94.38360832078904,-0.4,656.0,2.7,-91.01848964997713,-3.365118670811924,-80.19664346622658,1.0,3.3,679.0,-83.09056538493529,1.5,3.3,679.0,-95.85286605282296,-1.4,3.3,688.0,3.209027801798925,10.50643278464257,9.175188034597149,Green
DRDN,2026-01-16 10:00:00,-87.96555271719117,2.3,612.0,2.7,-91.1745805189901,3.209027801798925,-94.38360832078904,-0.4,2.7,656.0,-80.19664346622658,1.0,3.3,679.0,-83.09056538493529,1.5,3.3,679.0,7.532420176577872,7.019501939958005,0.4585737572991348,Green
DRDN,2026-01-16 11:00:00,-77.99563887448535,5.8,604.0,2.7,-85.52805905106322,7.532420176577872,-87.96555271719117,2.3,2.7,612.0,-94.38360832078904,-0.4,2.7,656.0,-80.19664346622658,1.0,3.3,679.0,10.50643278464257,8.634439360913007,2.8700311801221687,Green
DRDN,2026-01-16 12:00:00,-71.13717164093836,2.6,608.0,3.3,-81.64360442558093,10.50643278464257,-77.99563887448535,5.8,2.7,604.0,-87.96555271719117,2.3,2.7,612.0,-94.38360832078904,-0.4,2.7,656.0,7.019501939958005,9.175188034597149,2.9872196711308803,Green
DRDN,2026-01-16 13:00:00,-72.07663923039796,4.0,653.0,3.3,-79.09614117035596,7.019501939958005,-71.13717164093836,2.6,3.3,608.0,-77.99563887448535,5.8,2.7,604.0,-87.96555271719117,2.3,2.7,612.0,8.634439360913007,0.4585737572991348,0.8385531938923094,Green
DRDN,2026-01-16 14:00:00,-66.40169969152865,-2.3,656.0,3.3,-75.03613905244165,8.634439360913007,-72.07663923039796,4.0,3.3,653.0,-71.13717164093836,2.6,3.3,608.0,-77.99563887448535,5.8,2.7,604.0,9.175188034597149,2.8700311801221687,3.618053568728179,Green
DRDN,2026-01-16 15:00:00,-62.431717401071005,-2.1,657.0,5.0,-71.60690543566815,9.175188034597149,-66.40169969152865,-2.3,3.3,656.0,-72.07663923039796,4.0,3.3,653.0,-71.13717164093836,2.6,3.3,608.0,0.4585737572991348,2.9872196711308803,4.261674847647626,Green
DRDN,2026-01-16 16:00:00,-70.22002412634009,3.6,663.0,5.0,-70.67859788363923,0.4585737572991348,-62.431717401071005,-2.1,5.0,657.0,-66.40169969152865,-2.3,3.3,656.0,-72.07663923039796,4.0,3.3,653.0,2.8700311801221687,0.8385531938923094,3.501220490085465,Green
DRDN,2026-01-16 17:00:00,-65.4408307288122,-3.1,686.0,5.0,-68.31086190893437,2.8700311801221687,-70.22002412634009,3.6,5.0,663.0,-62.431717401071005,-2.1,5.0,657.0,-66.40169969152865,-2.3,3.3,656.0,2.9872196711308803,3.618053568728179,3.513962067667265,Green
DRDN,2026-01-16 18:00:00,-62.93404553903954,2.1,672.0,4.0,-65.92126521017042,2.9872196711308803,-65.4408307288122,-3.1,5.0,686.0,-70.22002412634009,3.6,5.0,663.0,-62.431717401071005,-2.1,5.0,657.0,0.8385531938923094,4.261674847647626,4.690024408009855,Green
DRDN,2026-01-16 19:00:00,-63.76372434102758,1.9,695.0,4.0,-64.60227753491989,0.8385531938923094,-62.93404553903954,2.1,4.0,672.0,-65.4408307288122,-3.1,5.0,686.0,-70.22002412634009,3.6,5.0,663.0,3.618053568728179,3.501220490085465,-8.047055778556448,Green
DRDN,2026-01-16 20:00:00,-59.73083137130538,1.8,690.0,4.0,-63.34888494003356,3.618053568728179,-63.76372434102758,1.9,4.0,695.0,-62.93404553903954,2.1,4.0,672.0,-65.4408307288122,-3.1,5.0,686.0,4.261674847647626,3.513962067667265,-21.64520917609412,Green
DRDN,2026-01-16 21:00:00,-59.08721009238593,0.9,680.0,4.7,-63.34888494003356,4.261674847647626,-59.73083137130538,1.8,4.0,690.0,-63.76372434102758,1.9,4.0,695.0,-62.93404553903954,2.1,4.0,672.0,3.501220490085465,4.690024408009855,-22.560547678780345,Green
DRDN,2026-01-16 22:00:00,-57.83121796508699,-0.0,691.0,4.7,-61.33243845517246,3.501220490085465,-59.08721009238593,0.9,4.7,680.0,-59.73083137130538,1.8,4.0,690.0,-63.76372434102758,1.9,4.0,695.0,3.513962067667265,-8.047055778556448,-14.416786607856508,Green
DRDN,2026-01-16 23:00:00,-55.89505866417839,3.5,671.0,4.7,-59.40902073184566,3.513962067667265,-57.83121796508699,-0.0,4.7,691.0,-59.08721009238593,0.9,4.7,680.0,-59.73083137130538,1.8,4.0,690.0,4.690024408009855,-21.64520917609412,-13.749321635201,Green
DRDN,2026-01-17 00:00:00,-53.76918962072661,-0.1,674.0,5.0,-58.45921402873646,4.690024408009855,-55.89505866417839,3.5,4.7,671.0,-57.83121796508699,-0.0,4.7,691.0,-59.08721009238593,0.9,4.7,680.0,-8.047055778556448,-22.560547678780345,-6.22427511541737,Green
DRDN,2026-01-17 01:00:00,-66.50626980729291,-1.2,679.0,5.0,-58.45921402873646,-8.047055778556448,-53.76918962072661,-0.1,5.0,674.0,-55.89505866417839,3.5,4.7,671.0,-57.83121796508699,-0.0,4.7,691.0,-21.64520917609412,-14.416786607856508,7.157607198077102,Yellow
DRDN,2026-01-17 02:00:00,-80.10442320483058,-2.0,690.0,5.0,-58.45921402873646,-21.64520917609412,-66.50626980729291,-1.2,5.0,679.0,-53.76918962072661,-0.1,5.0,674.0,-55.89505866417839,3.5,4.7,671.0,-22.560547678780345,-13.749321635201,10.453448696813666,Yellow
DRDN,2026-01-17 03:00:00,-84.7292915649703,1.5,739.0,3.3,-62.16874388618995,-22.560547678780345,-80.10442320483058,-2.0,5.0,690.0,-66.50626980729291,-1.2,5.0,679.0,-53.76918962072661,-0.1,5.0,674.0,-14.416786607856508,-6.22427511541737,-1.9257930541308497,Green
DRDN,2026-01-17 04:00:00,-87.72213311391825,0.7,741.0,3.3,-73.30534650606174,-14.416786607856508,-84.7292915649703,1.5,3.3,739.0,-80.10442320483058,-2.0,5.0,690.0,-66.50626980729291,-1.2,5.0,679.0,-13.749321635201,7.157607198077102,-4.322176356377753,Green
DRDN,2026-01-17 05:00:00,-96.16617902010144,2.5,732.0,3.3,-82.41685738490044,-13.749321635201,-87.72213311391825,0.7,3.3,741.0,-84.7292915649703,1.5,3.3,739.0,-80.10442320483058,-2.0,5.0,690.0,-6.22427511541737,10.453448696813666,-0.7567384400709471,Green
DRDN,2026-01-17 06:00:00,-92.44998745486164,1.9,717.0,4.0,-86.22571233944427,-6.22427511541737,-96.16617902010144,2.5,3.3,732.0,-87.72213311391825,0.7,3.3,741.0,-84.7292915649703,1.5,3.3,739.0,7.157607198077102,-1.9257930541308497,5.732725068632121,Green
DRDN,2026-01-17 07:00:00,-79.06810514136717,-0.2,733.0,4.0,-86.22571233944427,7.157607198077102,-92.44998745486164,1.9,4.0,717.0,-96.16617902010144,2.5,3.3,732.0,-87.72213311391825,0.7,3.3,741.0,10.453448696813666,-4.322176356377753,4.891295608008775,Green
DRDN,2026-01-17 08:00:00,-75.7722636426306,-0.3,702.0,4.0,-86.22571233944427,10.453448696813666,-79.06810514136717,-0.2,4.0,733.0,-92.44998745486164,1.9,4.0,717.0,-96.16617902010144,2.5,3.3,732.0,-1.9257930541308497,-0.7567384400709471,17.576265143225612,Green
DRDN,2026-01-17 09:00:00,-91.57371922217996,0.9,709.0,3.0,-89.64792616804911,-1.9257930541308497,-75.7722636426306,-0.3,4.0,702.0,-79.06810514136717,-0.2,4.0,733.0,-92.44998745486164,1.9,4.0,717.0,-4.322176356377753,5.732725068632121,19.00647659077544,Green
DRDN,2026-01-17 10:00:00,-96.33402969489856,-0.0,693.0,3.0,-92.0118533385208,-4.322176356377753,-91.57371922217996,0.9,3.0,709.0,-75.7722636426306,-0.3,4.0,702.0,-79.06810514136717,-0.2,4.0,733.0,-0.7567384400709471,4.891295608008775,5.489258541829699,Green
DRDN,2026-01-17 11:00:00,-92.76859177859176,-0.8,692.0,3.0,-92.0118533385208,-0.7567384400709471,-96.33402969489856,-0.0,3.0,693.0,-91.57371922217996,0.9,3.0,709.0,-75.7722636426306,-0.3,4.0,702.0,5.732725068632121,17.576265143225612,7.861258944907135,Green
DRDN,2026-01-17 12:00:00,-80.1082690849157,-0.8,708.0,3.0,-85.84099415354783,5.732725068632121,-92.76859177859176,-0.8,3.0,692.0,-96.33402969489856,-0.0,3.0,693.0,-91.57371922217996,0.9,3.0,709.0,4.891295608008775,19.00647659077544,6.702515803651863,Green
DRDN,2026-01-17 13:00:00,-81.79112800616242,0.3,678.0,3.0,-86.6824236141712,4.891295608008775,-80.1082690849157,-0.8,3.0,708.0,-92.76859177859176,-0.8,3.0,692.0,-96.33402969489856,-0.0,3.0,693.0,17.576265143225612,5.489258541829699,-0.5171879863373334,Green
DRDN,2026-01-17 14:00:00,-69.10615847094559,0.9,673.0,3.0,-86.6824236141712,17.576265143225612,-81.79112800616242,0.3,3.0,678.0,-80.1082690849157,-0.8,3.0,708.0,-92.76859177859176,-0.8,3.0,692.0,19.00647659077544,7.861258944907135,2.240614441833287,Yellow
DRDN,2026-01-17 15:00:00,-61.94322195476362,2.5,705.0,3.7,-80.94969854553906,19.00647659077544,-69.10615847094559,0.9,3.0,673.0,-81.79112800616242,0.3,3.0,678.0,-80.1082690849157,-0.8,3.0,708.0,5.489258541829699,6.702515803651863,1.3408762936464171,Green
DRDN,2026-01-17 16:00:00,-69.1297520012563,0.4,700.0,3.7,-74.619010543086,5.489258541829699,-61.94322195476362,2.5,3.7,705.0,-69.10615847094559,0.9,3.0,673.0,-81.79112800616242,0.3,3.0,678.0,7.861258944907135,-0.5171879863373334,1.4111501726842164,Green
DRDN,2026-01-17 17:00:00,-61.25669629119382,-0.5,694.0,3.7,-69.11795523610095,7.861258944907135,-69.1297520012563,0.4,3.7,700.0,-61.94322195476362,2.5,3.7,705.0,-69.10615847094559,0.9,3.0,673.0,6.702515803651863,2.240614441833287,3.1650412200329967,Green
DRDN,2026-01-17 18:00:00,-58.822174409202745,1.3,699.0,4.0,-65.52469021285461,6.702515803651863,-61.25669629119382,-0.5,3.7,694.0,-69.1297520012563,0.4,3.7,700.0,-61.94322195476362,2.5,3.7,705.0,-0.5171879863373334,1.3408762936464171,4.267951931927264,Green
DRDN,2026-01-17 19:00:00,-62.97759792743828,0.5,705.0,4.0,-62.46040994110095,-0.5171879863373334,-58.822174409202745,1.3,4.0,699.0,-61.25669629119382,-0.5,3.7,694.0,-69.1297520012563,0.4,3.7,700.0,2.240614441833287,1.4111501726842164,-5.819000555425561,Green
DRDN,2026-01-17 20:00:00,-59.35934468114543,1.3,696.0,4.0,-61.59995912297872,2.240614441833287,-62.97759792743828,0.5,4.0,705.0,-58.822174409202745,1.3,4.0,699.0,-61.25669629119382,-0.5,3.7,694.0,1.3408762936464171,3.1650412200329967,-18.40315532531254,Green
DRDN,2026-01-17 21:00:00,-58.96714419252321,-0.6,688.0,3.7,-60.308020486169625,1.3408762936464171,-59.35934468114543,1.3,4.0,696.0,-62.97759792743828,0.5,4.0,705.0,-58.822174409202745,1.3,4.0,699.0,1.4111501726842164,4.267951931927264,-23.63184662587298,Green
DRDN,2026-01-17 22:00:00,-57.7520942641501,-2.5,708.0,3.7,-59.16324443683432,1.4111501726842164,-58.96714419252321,-0.6,3.7,688.0,-59.35934468114543,1.3,4.0,696.0,-62.97759792743828,0.5,4.0,705.0,3.1650412200329967,-5.819000555425561,-23.88209290590126,Green
DRDN,2026-01-17 23:00:00,-55.72961808082998,0.4,690.0,3.7,-58.894659300862976,3.1650412200329967,-57.7520942641501,-2.5,3.7,708.0,-58.96714419252321,-0.6,3.7,688.0,-59.35934468114543,1.3,4.0,696.0,4.267951931927264,-18.40315532531254,-30.001190103721623,Green
DRDN,2026-01-18 00:00:00,-54.09166729640939,2.8,681.0,2.7,-58.359619228336655,4.267951931927264,-55.72961808082998,0.4,3.7,690.0,-57.7520942641501,-2.5,3.7,708.0,-58.96714419252321,-0.6,3.7,688.0,-5.819000555425561,-23.63184662587298,-16.300098203127433,Green
DRDN,2026-01-18 01:00:00,-64.17861978376222,1.4,682.0,2.7,-58.359619228336655,-5.819000555425561,-54.09166729640939,2.8,2.7,681.0,-55.72961808082998,0.4,3.7,690.0,-57.7520942641501,-2.5,3.7,708.0,-18.40315532531254,-23.88209290590126,0.2841951277305554,Yellow
DRDN,2026-01-18 02:00:00,-76.7627745536492,0.3,673.0,2.7,-58.359619228336655,-18.40315532531254,-64.17861978376222,1.4,2.7,682.0,-54.09166729640939,2.8,2.7,681.0,-55.72961808082998,0.4,3.7,690.0,-23.63184662587298,-30.001190103721623,0.7358708298671388,Yellow
DRDN,2026-01-18 03:00:00,-84.59720364982914,0.0,677.0,3.7,-60.96535702395616,-23.63184662587298,-76.7627745536492,0.3,2.7,673.0,-64.17861978376222,1.4,2.7,682.0,-54.09166729640939,2.8,2.7,681.0,-23.88209290590126,-16.300098203127433,-5.273380681863912,Yellow
DRDN,2026-01-18 04:00:00,-94.35279007460696,0.6,662.0,3.7,-70.4706971687057,-23.88209290590126,-84.59720364982914,0.0,3.7,677.0,-76.7627745536492,0.3,2.7,673.0,-64.17861978376222,1.4,2.7,682.0,-30.001190103721623,0.2841951277305554,2.8844109534579445,Red
DRDN,2026-01-18 05:00:00,-110.6811792054608,-0.8,640.0,3.7,-80.67998910173917,-30.001190103721623,-94.35279007460696,0.6,3.7,662.0,-84.59720364982914,0.0,3.7,677.0,-76.7627745536492,0.3,2.7,673.0,-16.300098203127433,0.7358708298671388,0.5292509594164017,Green
DRDN,2026-01-18 06:00:00,-105.77509506534548,0.1,626.0,2.7,-89.47499686221805,-16.300098203127433,-110.6811792054608,-0.8,3.7,640.0,-94.35279007460696,0.6,3.7,662.0,-84.59720364982914,0.0,3.7,677.0,0.2841951277305554,-5.273380681863912,12.431927419871982,Green
DRDN,2026-01-18 07:00:00,-93.78439981914585,-0.9,615.0,2.7,-94.0685949468764,0.2841951277305554,-105.77509506534548,0.1,2.7,626.0,-110.6811792054608,-0.8,3.7,640.0,-94.35279007460696,0.6,3.7,662.0,0.7358708298671388,2.8844109534579445,12.530678488905878,Green
DRDN,2026-01-18 08:00:00,-93.33272411700926,-1.3,609.0,2.7,-94.0685949468764,0.7358708298671388,-93.78439981914585,-0.9,2.7,615.0,-105.77509506534548,0.1,2.7,626.0,-110.6811792054608,-0.8,3.7,640.0,-5.273380681863912,0.5292509594164017,21.95535697041747,Green
DRDN,2026-01-18 09:00:00,-104.8995514383348,-0.8,574.0,2.3,-99.62617075647088,-5.273380681863912,-93.33272411700926,-1.3,2.7,609.0,-93.78439981914585,-0.9,2.7,615.0,-105.77509506534548,0.1,2.7,626.0,2.8844109534579445,12.431927419871982,19.804243195099083,Green
DRDN,2026-01-18 10:00:00,-99.13072953141892,-1.2,565.0,2.3,-102.01514048487688,2.8844109534579445,-104.8995514383348,-0.8,2.3,574.0,-93.33272411700926,-1.3,2.7,609.0,-93.78439981914585,-0.9,2.7,615.0,0.5292509594164017,12.530678488905878,7.548526534923965,Green
DRDN,2026-01-18 11:00:00,-98.07222761258612,-1.9,556.0,2.3,-98.60147857200252,0.5292509594164017,-99.13072953141892,-1.2,2.3,565.0,-104.8995514383348,-0.8,2.3,574.0,-93.33272411700926,-1.3,2.7,609.0,12.431927419871982,21.95535697041747,7.308381941348593,Green
DRDN,2026-01-18 12:00:00,-83.496386295994,-2.3,552.0,2.3,-95.92831371586598,12.431927419871982,-98.07222761258612,-1.9,2.3,556.0,-99.13072953141892,-1.2,2.3,565.0,-104.8995514383348,-0.8,2.3,574.0,12.530678488905878,19.804243195099083,7.324382615360712,Green
DRDN,2026-01-18 13:00:00,-83.17179737589181,-2.8,535.0,2.3,-95.70247586479768,12.530678488905878,-83.496386295994,-2.3,2.3,552.0,-98.07222761258612,-1.9,2.3,556.0,-99.13072953141892,-1.2,2.3,565.0,21.95535697041747,7.548526534923965,0.7848913436628493,Yellow
DRDN,2026-01-18 14:00:00,-68.82894998387259,-2.2,528.0,2.3,-90.78430695429006,21.95535697041747,-83.17179737589181,-2.8,2.3,535.0,-83.496386295994,-2.3,2.3,552.0,-98.07222761258612,-1.9,2.3,556.0,19.804243195099083,7.308381941348593,2.9194535138000006,Yellow
DRDN,2026-01-18 15:00:00,-63.52984864084382,-2.7,541.0,2.7,-83.3340918359429,19.804243195099083,-68.82894998387259,-2.2,2.3,528.0,-83.17179737589181,-2.8,2.3,535.0,-83.496386295994,-2.3,2.3,552.0,7.548526534923965,7.324382615360712,0.9778322770725508,Green
DRDN,2026-01-18 16:00:00,-68.45184714495824,-1.2,523.0,2.7,-76.0003736798822,7.548526534923965,-63.52984864084382,-2.7,2.7,541.0,-68.82894998387259,-2.2,2.3,528.0,-83.17179737589181,-2.8,2.3,535.0,7.308381941348593,0.7848913436628493,2.4586869522437738,Green
DRDN,2026-01-18 17:00:00,-61.33201662306683,-1.7,498.0,2.7,-68.64039856441542,7.308381941348593,-68.45184714495824,-1.2,2.7,523.0,-63.52984864084382,-2.7,2.7,541.0,-68.82894998387259,-2.2,2.3,528.0,7.324382615360712,2.9194535138000006,3.3203006816938867,Green
DRDN,2026-01-18 18:00:00,-58.66646527754032,-2.9,497.0,3.7,-65.99084789290103,7.324382615360712,-61.33201662306683,-1.7,2.7,498.0,-68.45184714495824,-1.2,2.7,523.0,-63.52984864084382,-2.7,2.7,541.0,0.7848913436628493,0.9778322770725508,4.472915862178468,Green
DRDN,2026-01-18 19:00:00,-61.96006595351812,-2.9,497.0,3.7,-62.74495729718097,0.7848913436628493,-58.66646527754032,-2.9,3.7,497.0,-61.33201662306683,-1.7,2.7,498.0,-68.45184714495824,-1.2,2.7,523.0,2.9194535138000006,2.4586869522437738,-4.59252052370654,Green
DRDN,2026-01-18 20:00:00,-58.72658777449247,-2.5,487.0,3.7,-61.64604128829247,2.9194535138000006,-61.96006595351812,-2.9,3.7,497.0,-58.66646527754032,-2.9,3.7,497.0,-61.33201662306683,-1.7,2.7,498.0,0.9778322770725508,3.3203006816938867,-16.724894899702022,Green
DRDN,2026-01-18 21:00:00,-59.37635206892172,-2.7,481.0,3.0,-60.35418434599427,0.9778322770725508,-58.72658777449247,-2.5,3.7,487.0,-61.96006595351812,-2.9,3.7,497.0,-58.66646527754032,-2.9,3.7,497.0,2.4586869522437738,4.472915862178468,-24.029365895056884,Green
DRDN,2026-01-18 22:00:00,-56.59278296946332,-2.7,480.0,3.0,-59.051469921707096,2.4586869522437738,-59.37635206892172,-2.7,3.0,481.0,-58.72658777449247,-2.5,3.7,487.0,-61.96006595351812,-2.9,3.7,497.0,3.3203006816938867,-4.59252052370654,-19.42499649997346,Green
DRDN,2026-01-18 23:00:00,-55.37622584432251,-2.6,466.0,3.0,-58.6965265260164,3.3203006816938867,-56.59278296946332,-2.7,3.0,480.0,-59.37635206892172,-2.7,3.0,481.0,-58.72658777449247,-2.5,3.7,487.0,4.472915862178468,-16.724894899702022,-14.650268756526444,Green
DRDN,2026-01-19 00:00:00,-53.18676950979943,-2.7,469.0,3.3,-57.6596853719779,4.472915862178468,-55.37622584432251,-2.6,3.0,466.0,-56.59278296946332,-2.7,3.0,480.0,-59.37635206892172,-2.7,3.0,481.0,-4.59252052370654,-24.029365895056884,-6.395959469716132,Green
DRDN,2026-01-19 01:00:00,-62.25220589568444,-1.2,460.0,3.3,-57.6596853719779,-4.59252052370654,-53.18676950979943,-2.7,3.3,469.0,-55.37622584432251,-2.6,3.0,466.0,-56.59278296946332,-2.7,3.0,480.0,-16.724894899702022,-19.42499649997346,-3.735813619397021,Green
DRDN,2026-01-19 02:00:00,-74.70946241889455,1.7,471.0,3.3,-57.98456751919253,-16.724894899702022,-62.25220589568444,-1.2,3.3,460.0,-53.18676950979943,-2.7,3.3,469.0,-55.37622584432251,-2.6,3.0,466.0,-24.029365895056884,-14.650268756526444,-4.883409141868327,Yellow
DRDN,2026-01-19 03:00:00,-83.45186032763077,1.0,462.0,0.7,-59.422494432573885,-24.029365895056884,-74.70946241889455,1.7,3.3,471.0,-62.25220589568444,-1.2,3.3,460.0,-53.18676950979943,-2.7,3.3,469.0,-19.42499649997346,-6.395959469716132,-15.87552736001338,Yellow
DRDN,2026-01-19 04:00:00,-87.90583065726295,-1.4,443.0,0.7,-68.4808341572895,-19.42499649997346,-83.45186032763077,1.0,0.7,462.0,-74.70946241889455,1.7,3.3,471.0,-62.25220589568444,-1.2,3.3,460.0,-14.650268756526444,-3.735813619397021,-12.97453576155695,Green
DRDN,2026-01-19 05:00:00,-93.7309301297891,0.5,433.0,0.7,-79.08066137326266,-14.650268756526444,-87.90583065726295,-1.4,0.7,443.0,-83.45186032763077,1.0,0.7,462.0,-74.70946241889455,1.7,3.3,471.0,-6.395959469716132,-4.883409141868327,-9.239812411745064,Green
DRDN,2026-01-19 06:00:00,-92.074804962163,0.3,430.0,0.3,-85.67884549244687,-6.395959469716132,-93.7309301297891,0.5,0.7,433.0,-87.90583065726295,-1.4,0.7,443.0,-83.45186032763077,1.0,0.7,462.0,-3.735813619397021,-15.87552736001338,7.340331863565183,Green
DRDN,2026-01-19 07:00:00,-93.72613142911,2.4,430.0,0.3,-89.99031780971298,-3.735813619397021,-92.074804962163,0.3,0.3,430.0,-93.7309301297891,0.5,0.7,433.0,-87.90583065726295,-1.4,0.7,443.0,-4.883409141868327,-12.97453576155695,9.201905821235016,Green
DRDN,2026-01-19 08:00:00,-97.78387733750483,1.4,423.0,0.3,-92.9004681956365,-4.883409141868327,-93.72613142911,2.4,0.3,430.0,-92.074804962163,0.3,0.3,430.0,-93.7309301297891,0.5,0.7,433.0,-15.87552736001338,-9.239812411745064,22.62402258553695,Green
DRDN,2026-01-19 09:00:00,-109.60405813946294,-0.0,418.0,1.0,-93.72853077944956,-15.87552736001338,-97.78387733750483,1.4,0.3,423.0,-93.72613142911,2.4,0.3,430.0,-92.074804962163,0.3,0.3,430.0,-12.97453576155695,7.340331863565183,24.33220118332042,Green
DRDN,2026-01-19 10:00:00,-108.73193949520392,-0.6,415.0,1.0,-95.75740373364695,-12.97453576155695,-109.60405813946294,-0.0,1.0,418.0,-97.78387733750483,1.4,0.3,423.0,-93.72613142911,2.4,0.3,430.0,-9.239812411745064,9.201905821235016,9.614873566193822,Green
DRDN,2026-01-19 11:00:00,-112.49772082809945,-0.7,430.0,1.0,-103.25790841635438,-9.239812411745064,-108.73193949520392,-0.6,1.0,415.0,-109.60405813946294,-0.0,1.0,418.0,-97.78387733750483,1.4,0.3,423.0,7.340331863565183,22.62402258553695,15.16981865870067,Green
DRDN,2026-01-19 12:00:00,-95.9175765527892,1.1,429.0,1.3,-103.25790841635438,7.340331863565183,-112.49772082809945,-0.7,1.0,430.0,-108.73193949520392,-0.6,1.0,415.0,-109.60405813946294,-0.0,1.0,418.0,9.201905821235016,24.33220118332042,10.720650941877883,Green
DRDN,2026-01-19 13:00:00,-94.05600259511937,0.2,426.0,1.3,-103.25790841635438,9.201905821235016,-95.9175765527892,1.1,1.3,429.0,-112.49772082809945,-0.7,1.0,430.0,-108.73193949520392,-0.6,1.0,415.0,22.62402258553695,9.614873566193822,2.347496527200491,Yellow
DRDN,2026-01-19 14:00:00,-79.70073543845962,-1.9,421.0,1.3,-102.32475802399657,22.62402258553695,-94.05600259511937,0.2,1.3,426.0,-95.9175765527892,1.1,1.3,429.0,-112.49772082809945,-0.7,1.0,430.0,24.33220118332042,15.16981865870067,3.421572116882857,Yellow
DRDN,2026-01-19 15:00:00,-70.65458839063386,-2.7,423.0,3.0,-94.98678957395428,24.33220118332042,-79.70073543845962,-1.9,1.3,421.0,-94.05600259511937,0.2,1.3,426.0,-95.9175765527892,1.1,1.3,429.0,9.614873566193822,10.720650941877883,2.583158111313871,Green
DRDN,2026-01-19 16:00:00,-77.26349545059567,-1.7,419.0,3.0,-86.87836901678949,9.614873566193822,-70.65458839063386,-2.7,3.0,423.0,-79.70073543845962,-1.9,1.3,421.0,-94.05600259511937,0.2,1.3,426.0,15.16981865870067,2.347496527200491,0.7091392230950717,Green
DRDN,2026-01-19 17:00:00,-63.312296785826966,-3.8,431.0,3.0,-78.48211544452764,15.16981865870067,-77.26349545059567,-1.7,3.0,419.0,-70.65458839063386,-2.7,3.0,423.0,-79.70073543845962,-1.9,1.3,421.0,10.720650941877883,3.421572116882857,0.9035988512387618,Green
DRDN,2026-01-19 18:00:00,-63.23839097873688,-1.0,441.0,8.3,-73.95904192061477,10.720650941877883,-63.312296785826966,-3.8,3.0,431.0,-77.26349545059567,-1.7,3.0,419.0,-70.65458839063386,-2.7,3.0,423.0,2.347496527200491,2.583158111313871,8.213929174738269,Green
DRDN,2026-01-19 19:00:00,-65.95959533623287,-5.4,739.0,8.3,-68.30709186343336,2.347496527200491,-63.23839097873688,-1.0,8.3,441.0,-63.312296785826966,-3.8,3.0,431.0,-77.26349545059567,-1.7,3.0,419.0,3.421572116882857,0.7091392230950717,-4.075176591774174,Green
DRDN,2026-01-19 20:00:00,-61.214373944147056,-5.7,1108.0,8.3,-64.63594606102991,3.421572116882857,-65.95959533623287,-5.4,8.3,739.0,-63.23839097873688,-1.0,8.3,441.0,-63.312296785826966,-3.8,3.0,431.0,2.583158111313871,0.9035988512387618,-21.36336909852777,Green
DRDN,2026-01-19 21:00:00,-60.69218577096805,-21.8,1121.0,8.7,-63.27534388228192,2.583158111313871,-61.214373944147056,-5.7,8.3,1108.0,-65.95959533623287,-5.4,8.3,739.0,-63.23839097873688,-1.0,8.3,441.0,0.7091392230950717,8.213929174738269,-31.42665365246711,Green
DRDN,2026-01-19 22:00:00,-61.82011253254674,58.3,1084.0,8.7,-62.52925175564181,0.7091392230950717,-60.69218577096805,-21.8,8.7,1121.0,-61.214373944147056,-5.7,8.3,1108.0,-65.95959533623287,-5.4,8.3,739.0,0.9035988512387618,-4.075176591774174,-29.201291394996343,Green
DRDN,2026-01-19 23:00:00,-60.61364438710813,58.9,1074.0,8.7,-61.51724323834689,0.9035988512387618,-61.82011253254674,58.3,8.7,1084.0,-60.69218577096805,-21.8,8.7,1121.0,-61.214373944147056,-5.7,8.3,1108.0,8.213929174738269,-21.36336909852777,-27.24256767709531,Green
DRDN,2026-01-21 00:00:00,-52.739350682819286,-4.0,782.0,7.3,-60.953279857557554,8.213929174738269,-60.61364438710813,58.9,8.7,1074.0,-61.82011253254674,58.3,8.7,1084.0,-60.69218577096805,-21.8,8.7,1121.0,-4.075176591774174,-31.42665365246711,-18.59707328792551,Green
DRDN,2026-01-21 01:00:00,-65.02845644933173,-3.3,771.0,7.3,-60.953279857557554,-4.075176591774174,-52.739350682819286,-4.0,7.3,782.0,-60.61364438710813,58.9,8.7,1074.0,-61.82011253254674,58.3,8.7,1084.0,-21.36336909852777,-29.201291394996343,-0.7779936283750146,Yellow
DRDN,2026-01-21 02:00:00,-82.61951825028517,5.3,758.0,7.3,-61.2561491517574,-21.36336909852777,-65.02845644933173,-3.3,7.3,771.0,-52.739350682819286,-4.0,7.3,782.0,-60.61364438710813,58.9,8.7,1074.0,-31.42665365246711,-27.24256767709531,9.574029239024682,Red
DRDN,2026-01-21 03:00:00,-94.85093814340634,-2.1,770.0,6.7,-63.42428449093923,-31.42665365246711,-82.61951825028517,5.3,7.3,758.0,-65.02845644933173,-3.3,7.3,771.0,-52.739350682819286,-4.0,7.3,782.0,-29.201291394996343,-18.59707328792551,3.548607124884697,Red
DRDN,2026-01-21 04:00:00,-103.0252787448048,-5.4,778.0,6.7,-73.82398734980845,-29.201291394996343,-94.85093814340634,-2.1,6.7,770.0,-82.61951825028517,5.3,7.3,758.0,-65.02845644933173,-3.3,7.3,771.0,-27.24256767709531,-0.7779936283750146,4.217682943591996,Red
DRDN,2026-01-21 05:00:00,-115.97779587394106,-3.1,747.0,6.7,-88.73522819684575,-27.24256767709531,-103.0252787448048,-5.4,6.7,778.0,-94.85093814340634,-2.1,6.7,770.0,-82.61951825028517,5.3,7.3,758.0,-18.59707328792551,9.574029239024682,2.693815827885288,Yellow
DRDN,2026-01-21 06:00:00,-117.53518173203108,-5.7,736.0,7.0,-98.93810844410557,-18.59707328792551,-115.97779587394106,-3.1,6.7,747.0,-103.0252787448048,-5.4,6.7,778.0,-94.85093814340634,-2.1,6.7,770.0,-0.7779936283750146,3.548607124884697,14.86019815037112,Green
DRDN,2026-01-21 07:00:00,-104.58126600155484,-5.4,725.0,7.0,-103.80327237317982,-0.7779936283750146,-117.53518173203108,-5.7,7.0,736.0,-115.97779587394106,-3.1,6.7,747.0,-103.0252787448048,-5.4,6.7,778.0,9.574029239024682,4.217682943591996,16.880609860504308,Green
DRDN,2026-01-21 08:00:00,-94.22924313415514,-6.0,713.0,7.0,-103.80327237317982,9.574029239024682,-104.58126600155484,-5.4,7.0,725.0,-117.53518173203108,-5.7,7.0,736.0,-115.97779587394106,-3.1,6.7,747.0,3.548607124884697,2.693815827885288,29.150543883365746,Green
DRDN,2026-01-21 09:00:00,-100.25466524829513,-5.9,704.0,6.3,-103.80327237317982,3.548607124884697,-94.22924313415514,-6.0,7.0,713.0,-104.58126600155484,-5.4,7.0,725.0,-117.53518173203108,-5.7,7.0,736.0,4.217682943591996,14.86019815037112,21.578384325167,Green
DRDN,2026-01-21 10:00:00,-98.200282681333,-0.8,657.0,6.3,-102.417965624925,4.217682943591996,-100.25466524829513,-5.9,6.3,704.0,-94.22924313415514,-6.0,7.0,713.0,-104.58126600155484,-5.4,7.0,725.0,2.693815827885288,16.880609860504308,9.80352103418612,Green
DRDN,2026-01-21 11:00:00,-96.53365813692878,-2.6,648.0,6.3,-99.22747396481408,2.693815827885288,-98.200282681333,-0.8,6.3,657.0,-100.25466524829513,-5.9,6.3,704.0,-94.22924313415514,-6.0,7.0,713.0,14.86019815037112,29.150543883365746,3.234337750761576,Green
DRDN,2026-01-21 12:00:00,-82.50677225875977,1.2,641.0,4.3,-97.36697040913089,14.86019815037112,-96.53365813692878,-2.6,6.3,648.0,-98.200282681333,-0.8,6.3,657.0,-100.25466524829513,-5.9,6.3,704.0,16.880609860504308,21.578384325167,2.124074194391433,Green
DRDN,2026-01-21 13:00:00,-78.50084077503766,-1.0,636.0,4.3,-95.38145063554197,16.880609860504308,-82.50677225875977,1.2,4.3,641.0,-96.53365813692878,-2.6,6.3,648.0,-98.200282681333,-0.8,6.3,657.0,29.150543883365746,9.80352103418612,1.1349491315168263,Red
DRDN,2026-01-21 14:00:00,-60.36967131447852,-2.0,631.0,4.3,-89.52021519784427,29.150543883365746,-78.50084077503766,-1.0,4.3,636.0,-82.50677225875977,1.2,4.3,641.0,-96.53365813692878,-2.6,6.3,648.0,21.578384325167,3.234337750761576,3.721964660879138,Yellow
DRDN,2026-01-21 15:00:00,-58.92542219173172,0.8,626.0,4.0,-80.50380651689872,21.578384325167,-60.36967131447852,-2.0,4.3,631.0,-78.50084077503766,-1.0,4.3,636.0,-82.50677225875977,1.2,4.3,641.0,9.80352103418612,2.124074194391433,3.948165658826632,Green
DRDN,2026-01-21 16:00:00,-59.63173501057197,0.2,622.0,4.0,-69.43525604475809,9.80352103418612,-58.92542219173172,0.8,4.0,626.0,-60.36967131447852,-2.0,4.3,631.0,-78.50084077503766,-1.0,4.3,636.0,3.234337750761576,1.1349491315168263,4.07105698162276,Green
DRDN,2026-01-21 17:00:00,-56.76636541176367,-1.4,597.0,4.0,-60.00070316252525,3.234337750761576,-59.63173501057197,0.2,4.0,622.0,-58.92542219173172,0.8,4.0,626.0,-60.36967131447852,-2.0,4.3,631.0,2.124074194391433,3.721964660879138,3.739911403039237,Green
DRDN,2026-01-21 18:00:00,-57.15450440676042,-0.3,588.0,3.3,-59.27857860115185,2.124074194391433,-56.76636541176367,-1.4,4.0,597.0,-59.63173501057197,0.2,4.0,622.0,-58.92542219173172,0.8,4.0,626.0,1.1349491315168263,3.948165658826632,,Green
DRDN,2026-01-21 19:00:00,-56.90501416772924,1.2,584.0,3.3,-58.03996329924607,1.1349491315168263,-57.15450440676042,-0.3,3.3,588.0,-56.76636541176367,-1.4,4.0,597.0,-59.63173501057197,0.2,4.0,622.0,3.721964660879138,4.07105698162276,,Green
DRDN,2026-01-21 20:00:00,-53.30779462636569,0.0,585.0,3.3,-57.02975928724483,3.721964660879138,-56.90501416772924,1.2,3.3,584.0,-57.15450440676042,-0.3,3.3,588.0,-56.76636541176367,-1.4,4.0,597.0,3.948165658826632,3.739911403039237,,Green
DRDN,2026-01-21 21:00:00,-52.88752413091982,0.5,579.0,2.7,-56.83568978974645,3.948165658826632,-53.30779462636569,0.0,3.3,585.0,-56.90501416772924,1.2,3.3,584.0,-57.15450440676042,-0.3,3.3,588.0,4.07105698162276,,,Green
DRDN,2026-01-21 22:00:00,-50.96602303744192,0.3,585.0,2.7,-55.03708001906468,4.07105698162276,-52.88752413091982,0.5,2.7,579.0,-53.30779462636569,0.0,3.3,585.0,-56.90501416772924,1.2,3.3,584.0,3.739911403039237,,,Green
IISC,2026-01-15 03:00:00,-25.39291513744256,2.3,521.0,2.0,-7.295239806018132,-18.09767533142443,-16.130168017850252,0.0,2.7,542.0,1.539688405813989,-0.6,2.7,550.0,10.422388102272391,1.1,2.7,567.0,-24.67351242124267,-7.712586233336758,-6.996604581267071,Yellow
IISC,2026-01-15 04:00:00,-40.80368043909292,1.3,509.0,2.0,-16.130168017850252,-24.67351242124267,-25.39291513744256,2.3,2.0,521.0,-16.130168017850252,0.0,2.7,542.0,1.539688405813989,-0.6,2.7,550.0,-20.529024982862275,-2.196907733445478,-10.303740386497218,Yellow
IISC,2026-01-15 05:00:00,-41.29056656050868,-1.7,486.0,2.0,-20.761541577646405,-20.529024982862275,-40.80368043909292,1.3,2.0,509.0,-25.39291513744256,2.3,2.0,521.0,-16.130168017850252,0.0,2.7,542.0,-7.712586233336758,-3.577948607611376,-4.813170541069219,Green
IISC,2026-01-15 06:00:00,-40.8108840216045,-2.5,495.0,2.7,-33.09829778826774,-7.712586233336758,-41.29056656050868,-1.7,2.0,486.0,-40.80368043909292,1.3,2.0,509.0,-25.39291513744256,2.3,2.0,521.0,-2.196907733445478,-6.996604581267071,2.7240762263300624,Green
IISC,2026-01-15 07:00:00,-43.00418996379419,1.8,549.0,2.7,-40.80728223034871,-2.196907733445478,-40.8108840216045,-2.5,2.7,495.0,-41.29056656050868,-1.7,2.0,486.0,-40.80368043909292,1.3,2.0,509.0,-3.577948607611376,-10.303740386497218,18.129273763433982,Green
IISC,2026-01-15 08:00:00,-44.62867389866797,-4.3,571.0,2.7,-41.050725291056594,-3.577948607611376,-43.00418996379419,1.8,2.7,549.0,-40.8108840216045,-2.5,2.7,495.0,-41.29056656050868,-1.7,2.0,486.0,-6.996604581267071,-4.813170541069219,28.376441671411275,Green
IISC,2026-01-15 09:00:00,-49.143982843418506,-2.4,617.0,2.3,-42.14737826215144,-6.996604581267071,-44.62867389866797,-4.3,2.7,571.0,-43.00418996379419,1.8,2.7,549.0,-40.8108840216045,-2.5,2.7,495.0,-10.303740386497218,2.7240762263300624,22.677948555210293,Green
IISC,2026-01-15 10:00:00,-54.1201723177283,-0.9,620.0,2.3,-43.81643193123108,-10.303740386497218,-49.143982843418506,-2.4,2.3,617.0,-44.62867389866797,-4.3,2.7,571.0,-43.00418996379419,1.8,2.7,549.0,-4.813170541069219,18.129273763433982,9.558859497188568,Green
IISC,2026-01-15 11:00:00,-51.69949891211245,0.8,628.0,2.3,-46.886328371043234,-4.813170541069219,-54.1201723177283,-0.9,2.3,620.0,-49.143982843418506,-2.4,2.3,617.0,-44.62867389866797,-4.3,2.7,571.0,2.7240762263300624,28.376441671411275,1.068326023404552,Green
IISC,2026-01-15 12:00:00,-44.16225214471317,1.5,639.0,1.0,-46.886328371043234,2.7240762263300624,-51.69949891211245,0.8,2.3,628.0,-54.1201723177283,-0.9,2.3,620.0,-49.143982843418506,-2.4,2.3,617.0,18.129273763433982,22.677948555210293,2.904771804729116,Yellow
IISC,2026-01-15 13:00:00,-28.75705460760925,0.9,587.0,1.0,-46.886328371043234,18.129273763433982,-44.16225214471317,1.5,1.0,639.0,-51.69949891211245,0.8,2.3,628.0,-54.1201723177283,-0.9,2.3,620.0,28.376441671411275,9.558859497188568,-0.2375582281242074,Red
IISC,2026-01-15 14:00:00,-18.276675822654564,0.3,576.0,1.0,-46.65311749406584,28.376441671411275,-28.75705460760925,0.9,1.0,587.0,-44.16225214471317,1.5,1.0,639.0,-51.69949891211245,0.8,2.3,628.0,22.677948555210293,1.068326023404552,0.0190617945623721,Yellow
IISC,2026-01-15 15:00:00,-13.78170482095092,-1.6,593.0,3.0,-36.459653376161214,22.677948555210293,-18.276675822654564,0.3,1.0,576.0,-28.75705460760925,0.9,1.0,587.0,-44.16225214471317,1.5,1.0,639.0,9.558859497188568,2.904771804729116,11.581933447804149,Green
IISC,2026-01-15 16:00:00,-13.95800571794334,-0.4,621.0,3.0,-23.516865215131908,9.558859497188568,-13.78170482095092,-1.6,3.0,593.0,-18.276675822654564,0.3,1.0,576.0,-28.75705460760925,0.9,1.0,587.0,1.068326023404552,-0.2375582281242074,18.12902137049639,Green
IISC,2026-01-15 17:00:00,-16.14002377584546,-0.7,628.0,3.0,-17.208349799250012,1.068326023404552,-13.95800571794334,-0.4,3.0,621.0,-13.78170482095092,-1.6,3.0,593.0,-18.276675822654564,0.3,1.0,576.0,2.904771804729116,0.0190617945623721,16.769846903156697,Green
IISC,2026-01-15 18:00:00,-12.144242942165285,-0.5,626.0,3.0,-15.0490147468944,2.904771804729116,-16.14002377584546,-0.7,3.0,628.0,-13.95800571794334,-0.4,3.0,621.0,-13.78170482095092,-1.6,3.0,593.0,-0.2375582281242074,11.581933447804149,8.348158739935538,Green
IISC,2026-01-15 19:00:00,-14.433122174191755,-1.9,615.0,3.0,-14.195563946067548,-0.2375582281242074,-12.144242942165285,-0.5,3.0,626.0,-16.14002377584546,-0.7,3.0,628.0,-13.95800571794334,-0.4,3.0,621.0,0.0190617945623721,18.12902137049639,-1.7697844646502947,Green
IISC,2026-01-15 20:00:00,-13.919882128818596,-0.5,611.0,3.0,-13.938943923380968,0.0190617945623721,-14.433122174191755,-1.9,3.0,615.0,-12.144242942165285,-0.5,3.0,626.0,-16.14002377584546,-0.7,3.0,628.0,11.581933447804149,16.769846903156697,-21.95956120337799,Green
IISC,2026-01-15 21:00:00,-2.3570104755768218,2.5,599.0,2.3,-13.938943923380968,11.581933447804149,-13.919882128818596,-0.5,3.0,611.0,-14.433122174191755,-1.9,3.0,615.0,-12.144242942165285,-0.5,3.0,626.0,18.12902137049639,8.348158739935538,-37.61123974468104,Yellow
IISC,2026-01-15 22:00:00,5.0969588350044495,1.6,607.0,2.3,-13.03206253549194,18.12902137049639,-2.3570104755768218,2.5,2.3,599.0,-13.919882128818596,-0.5,3.0,611.0,-14.433122174191755,-1.9,3.0,615.0,16.769846903156697,-1.7697844646502947,-41.0634729050666,Green
IISC,2026-01-15 23:00:00,9.519220194285642,1.8,587.0,2.3,-7.250626708871053,16.769846903156697,5.0969588350044495,1.6,2.3,607.0,-2.3570104755768218,2.5,2.3,599.0,-13.919882128818596,-0.5,3.0,611.0,8.348158739935538,-21.95956120337799,-21.69757057719697,Green
IISC,2026-01-16 00:00:00,9.718132919649353,2.2,550.0,3.3,1.369974179713814,8.348158739935538,9.519220194285642,1.8,2.3,587.0,5.0969588350044495,1.6,2.3,607.0,-2.3570104755768218,2.5,2.3,599.0,-1.7697844646502947,-37.61123974468104,-5.720045345321353,Green
IISC,2026-01-16 01:00:00,1.55738990570386,0.5,550.0,3.3,3.3271743703541548,-1.7697844646502947,9.718132919649353,2.2,3.3,550.0,9.519220194285642,1.8,2.3,587.0,5.0969588350044495,1.6,2.3,607.0,-21.95956120337799,-41.0634729050666,-3.6180928488652384,Yellow
IISC,2026-01-16 02:00:00,-18.63238683302384,4.3,563.0,3.3,3.3271743703541548,-21.95956120337799,1.55738990570386,0.5,3.3,550.0,9.718132919649353,2.2,3.3,550.0,9.519220194285642,1.8,2.3,587.0,-37.61123974468104,-21.69757057719697,-0.3338363875067784,Red
IISC,2026-01-16 03:00:00,-34.28406537432688,2.5,594.0,3.7,3.3271743703541548,-37.61123974468104,-18.63238683302384,4.3,3.3,563.0,1.55738990570386,0.5,3.3,550.0,9.718132919649353,2.2,3.3,550.0,-41.0634729050666,-5.720045345321353,-0.5152791032628414,Red
IISC,2026-01-16 04:00:00,-49.60097136872658,0.4,664.0,3.7,-8.537498463659988,-41.0634729050666,-34.28406537432688,2.5,3.7,594.0,-18.63238683302384,4.3,3.3,563.0,1.55738990570386,0.5,3.3,550.0,-21.69757057719697,-3.6180928488652384,-1.0762108632122604,Yellow
IISC,2026-01-16 05:00:00,-48.15579668087233,2.0,707.0,3.7,-26.45822610367536,-21.69757057719697,-49.60097136872658,0.4,3.7,664.0,-34.28406537432688,2.5,3.7,594.0,-18.63238683302384,4.3,3.3,563.0,-5.720045345321353,-0.3338363875067784,3.99634812468485,Green
IISC,2026-01-16 06:00:00,-45.724156064969584,-1.4,688.0,3.3,-40.00411071964823,-5.720045345321353,-48.15579668087233,2.0,3.7,707.0,-49.60097136872658,0.4,3.7,664.0,-34.28406537432688,2.5,3.7,594.0,-3.6180928488652384,-0.5152791032628414,5.9827637684686295,Green
IISC,2026-01-16 07:00:00,-50.55806922178619,1.5,679.0,3.3,-46.93997637292095,-3.6180928488652384,-45.724156064969584,-1.4,3.3,688.0,-48.15579668087233,2.0,3.7,707.0,-49.60097136872658,0.4,3.7,664.0,-0.3338363875067784,-1.0762108632122604,14.301192841543738,Green
IISC,2026-01-16 08:00:00,-48.823469455885885,1.0,679.0,3.3,-48.48963306837911,-0.3338363875067784,-50.55806922178619,1.5,3.3,679.0,-45.724156064969584,-1.4,3.3,688.0,-48.15579668087233,2.0,3.7,707.0,-0.5152791032628414,3.99634812468485,22.12248829235008,Green
IISC,2026-01-16 09:00:00,-49.72749951556908,-0.4,656.0,2.7,-49.21222041230624,-0.5152791032628414,-48.823469455885885,1.0,3.3,679.0,-50.55806922178619,1.5,3.3,679.0,-45.724156064969584,-1.4,3.3,688.0,-1.0762108632122604,5.9827637684686295,21.111130046513352,Green
IISC,2026-01-16 10:00:00,-50.35169534893974,2.3,612.0,2.7,-49.27548448572748,-1.0762108632122604,-49.72749951556908,-0.4,2.7,656.0,-48.823469455885885,1.0,3.3,679.0,-50.55806922178619,1.5,3.3,679.0,3.99634812468485,14.301192841543738,9.782924638491394,Green
IISC,2026-01-16 11:00:00,-45.27913636104263,5.8,604.0,2.7,-49.27548448572748,3.99634812468485,-50.35169534893974,2.3,2.7,612.0,-49.72749951556908,-0.4,2.7,656.0,-48.823469455885885,1.0,3.3,679.0,5.9827637684686295,22.12248829235008,-0.9274192001563896,Green
IISC,2026-01-16 12:00:00,-43.29272071725885,2.6,608.0,3.3,-49.27548448572748,5.9827637684686295,-45.27913636104263,5.8,2.7,604.0,-50.35169534893974,2.3,2.7,612.0,-49.72749951556908,-0.4,2.7,656.0,14.301192841543738,21.111130046513352,2.552728881143409,Green
IISC,2026-01-16 13:00:00,-32.75011006692052,4.0,653.0,3.3,-47.05130290846426,14.301192841543738,-43.29272071725885,2.6,3.3,608.0,-45.27913636104263,5.8,2.7,604.0,-50.35169534893974,2.3,2.7,612.0,22.12248829235008,9.782924638491394,7.586811463468374,Yellow
IISC,2026-01-16 14:00:00,-22.16344024680067,-2.3,656.0,3.3,-44.285928539150746,22.12248829235008,-32.75011006692052,4.0,3.3,653.0,-43.29272071725885,2.6,3.3,608.0,-45.27913636104263,5.8,2.7,604.0,21.111130046513352,-0.9274192001563896,11.787810654827386,Yellow
IISC,2026-01-16 15:00:00,-16.910285345576334,-2.1,657.0,5.0,-38.021415392089686,21.111130046513352,-22.16344024680067,-2.3,3.3,656.0,-32.75011006692052,4.0,3.3,653.0,-43.29272071725885,2.6,3.3,608.0,9.782924638491394,2.552728881143409,12.697860771637936,Green
IISC,2026-01-16 16:00:00,-17.6738505183692,3.6,663.0,5.0,-27.456775156860598,9.782924638491394,-16.910285345576334,-2.1,5.0,657.0,-22.16344024680067,-2.3,3.3,656.0,-32.75011006692052,4.0,3.3,653.0,-0.9274192001563896,7.586811463468374,10.349223032896075,Green
IISC,2026-01-16 17:00:00,-24.01827864711345,-3.1,686.0,5.0,-23.09085944695706,-0.9274192001563896,-17.6738505183692,3.6,5.0,663.0,-16.910285345576334,-2.1,5.0,657.0,-22.16344024680067,-2.3,3.3,656.0,2.552728881143409,11.787810654827386,9.076753154493764,Green
IISC,2026-01-16 18:00:00,-17.365916501441525,2.1,672.0,4.0,-19.91864538258493,2.552728881143409,-24.01827864711345,-3.1,5.0,686.0,-17.6738505183692,3.6,5.0,663.0,-16.910285345576334,-2.1,5.0,657.0,7.586811463468374,12.697860771637936,3.119860527751901,Green
IISC,2026-01-16 19:00:00,-9.933072046436989,1.9,695.0,4.0,-17.519883509905362,7.586811463468374,-17.365916501441525,2.1,4.0,672.0,-24.01827864711345,-3.1,5.0,686.0,-17.6738505183692,3.6,5.0,663.0,11.787810654827386,10.349223032896075,-8.459440820594569,Green
IISC,2026-01-16 20:00:00,-5.350290268681544,1.8,690.0,4.0,-17.13810092350893,11.787810654827386,-9.933072046436989,1.9,4.0,695.0,-17.365916501441525,2.1,4.0,672.0,-24.01827864711345,-3.1,5.0,686.0,12.697860771637936,9.076753154493764,-31.606263430046315,Green
IISC,2026-01-16 21:00:00,-0.9516335023013212,0.9,680.0,4.7,-13.649494273939258,12.697860771637936,-5.350290268681544,1.8,4.0,690.0,-9.933072046436989,1.9,4.0,695.0,-17.365916501441525,2.1,4.0,672.0,10.349223032896075,3.119860527751901,-39.94075479069444,Green
IISC,2026-01-16 22:00:00,2.70754187533681,-0.0,691.0,4.7,-7.641681157559266,10.349223032896075,-0.9516335023013212,0.9,4.7,680.0,-5.350290268681544,1.8,4.0,690.0,-9.933072046436989,1.9,4.0,695.0,9.076753154493764,-8.459440820594569,-35.703517112697945,Green
IISC,2026-01-16 23:00:00,5.925791269002331,3.5,671.0,4.7,-3.1509618854914327,9.076753154493764,2.70754187533681,-0.0,4.7,691.0,-0.9516335023013212,0.9,4.7,680.0,-5.350290268681544,1.8,4.0,690.0,3.119860527751901,-31.606263430046315,-18.961154456106684,Green
IISC,2026-01-17 00:00:00,3.9978147142696456,-0.1,674.0,5.0,0.8779541865177445,3.119860527751901,5.925791269002331,3.5,4.7,671.0,2.70754187533681,-0.0,4.7,691.0,-0.9516335023013212,0.9,4.7,680.0,-8.459440820594569,-39.94075479069444,-5.946711371501301,Green
IISC,2026-01-17 01:00:00,-7.581486634076825,-1.2,679.0,5.0,0.8779541865177445,-8.459440820594569,3.9978147142696456,-0.1,5.0,674.0,5.925791269002331,3.5,4.7,671.0,2.70754187533681,-0.0,4.7,691.0,-31.606263430046315,-35.703517112697945,0.1890351144227793,Red
IISC,2026-01-17 02:00:00,-30.72830924352857,-2.0,690.0,5.0,0.8779541865177445,-31.606263430046315,-7.581486634076825,-1.2,5.0,679.0,3.9978147142696456,-0.1,5.0,674.0,5.925791269002331,3.5,4.7,671.0,-39.94075479069444,-18.961154456106684,6.299319745084517,Red
IISC,2026-01-17 03:00:00,-42.377727170064446,1.5,739.0,3.3,-2.4369723793700078,-39.94075479069444,-30.72830924352857,-2.0,5.0,690.0,-7.581486634076825,-1.2,5.0,679.0,3.9978147142696456,-0.1,5.0,674.0,-35.703517112697945,-5.946711371501301,-0.2835174443945547,Red
IISC,2026-01-17 04:00:00,-54.85841505150064,0.7,741.0,3.3,-19.154897938802694,-35.703517112697945,-42.377727170064446,1.5,3.3,739.0,-30.72830924352857,-2.0,5.0,690.0,-7.581486634076825,-1.2,5.0,679.0,-18.961154456106684,0.1890351144227793,-10.287071179956548,Yellow
IISC,2026-01-17 05:00:00,-55.51417266290319,2.5,732.0,3.3,-36.55301820679651,-18.961154456106684,-54.85841505150064,0.7,3.3,741.0,-42.377727170064446,1.5,3.3,739.0,-30.72830924352857,-2.0,5.0,690.0,-5.946711371501301,6.299319745084517,-9.648200993582414,Green
IISC,2026-01-17 06:00:00,-54.27114991306705,1.9,717.0,4.0,-48.32443854156575,-5.946711371501301,-55.51417266290319,2.5,3.3,732.0,-54.85841505150064,0.7,3.3,741.0,-42.377727170064446,1.5,3.3,739.0,0.1890351144227793,-0.2835174443945547,-0.2440897137672593,Green
IISC,2026-01-17 07:00:00,-53.89307968422149,-0.2,733.0,4.0,-54.08211479864427,0.1890351144227793,-54.27114991306705,1.9,4.0,717.0,-55.51417266290319,2.5,3.3,732.0,-54.85841505150064,0.7,3.3,741.0,6.299319745084517,-10.287071179956548,15.234052720045696,Green
IISC,2026-01-17 08:00:00,-47.78279505355975,-0.3,702.0,4.0,-54.08211479864427,6.299319745084517,-53.89307968422149,-0.2,4.0,733.0,-54.27114991306705,1.9,4.0,717.0,-55.51417266290319,2.5,3.3,732.0,-0.2835174443945547,-9.648200993582414,21.96918049570067,Green
IISC,2026-01-17 09:00:00,-54.83818480185616,0.9,709.0,3.0,-54.5546673574616,-0.2835174443945547,-47.78279505355975,-0.3,4.0,702.0,-53.89307968422149,-0.2,4.0,733.0,-54.27114991306705,1.9,4.0,717.0,-10.287071179956548,-0.2440897137672593,20.51552446684676,Green
IISC,2026-01-17 10:00:00,-64.84173853741815,-0.0,693.0,3.0,-54.5546673574616,-10.287071179956548,-54.83818480185616,0.9,3.0,709.0,-47.78279505355975,-0.3,4.0,702.0,-53.89307968422149,-0.2,4.0,733.0,-9.648200993582414,15.234052720045696,7.690237643496335,Green
IISC,2026-01-17 11:00:00,-64.20286835104402,-0.8,692.0,3.0,-54.5546673574616,-9.648200993582414,-64.84173853741815,-0.0,3.0,693.0,-54.83818480185616,0.9,3.0,709.0,-47.78279505355975,-0.3,4.0,702.0,-0.2440897137672593,21.96918049570067,1.892574193919156,Green
IISC,2026-01-17 12:00:00,-55.32636422939067,-0.8,708.0,3.0,-55.08227451562341,-0.2440897137672593,-64.20286835104402,-0.8,3.0,692.0,-64.84173853741815,-0.0,3.0,693.0,-54.83818480185616,0.9,3.0,709.0,15.234052720045696,20.51552446684676,7.061168571935934,Green
IISC,2026-01-17 13:00:00,-39.848221795577714,0.3,678.0,3.0,-55.08227451562341,15.234052720045696,-55.32636422939067,-0.8,3.0,708.0,-64.20286835104402,-0.8,3.0,692.0,-64.84173853741815,-0.0,3.0,693.0,21.96918049570067,7.690237643496335,7.66906064647975,Yellow
IISC,2026-01-17 14:00:00,-33.11309401992274,0.9,673.0,3.0,-55.08227451562341,21.96918049570067,-39.848221795577714,0.3,3.0,678.0,-55.32636422939067,-0.8,3.0,708.0,-64.20286835104402,-0.8,3.0,692.0,20.51552446684676,1.892574193919156,13.77126500876087,Yellow
IISC,2026-01-17 15:00:00,-27.07176854563744,2.5,705.0,3.7,-47.5872930124842,20.51552446684676,-33.11309401992274,0.9,3.0,673.0,-39.848221795577714,0.3,3.0,678.0,-55.32636422939067,-0.8,3.0,708.0,7.690237643496335,7.061168571935934,16.224421804755362,Green
IISC,2026-01-17 16:00:00,-28.790420264253893,0.4,700.0,3.7,-36.48065790775023,7.690237643496335,-27.07176854563744,2.5,3.7,705.0,-33.11309401992274,0.9,3.0,673.0,-39.848221795577714,0.3,3.0,678.0,1.892574193919156,7.66906064647975,18.921792645349417,Green
IISC,2026-01-17 17:00:00,-29.327945632084425,-0.5,694.0,3.7,-31.22051982600358,1.892574193919156,-28.790420264253893,0.4,3.7,700.0,-27.07176854563744,2.5,3.7,705.0,-33.11309401992274,0.9,3.0,673.0,7.061168571935934,13.77126500876087,17.150015651652513,Green
IISC,2026-01-17 18:00:00,-21.998014376233225,1.3,699.0,4.0,-29.05918294816916,7.061168571935934,-29.327945632084425,-0.5,3.7,694.0,-28.790420264253893,0.4,3.7,700.0,-27.07176854563744,2.5,3.7,705.0,7.66906064647975,16.224421804755362,10.725256874844268,Green
IISC,2026-01-17 19:00:00,-20.26203375846592,0.5,705.0,4.0,-27.931094404945668,7.66906064647975,-21.998014376233225,1.3,4.0,699.0,-29.327945632084425,-0.5,3.7,694.0,-28.790420264253893,0.4,3.7,700.0,13.77126500876087,18.921792645349417,-2.396914025568716,Green
IISC,2026-01-17 20:00:00,-10.763626452174464,1.3,696.0,4.0,-24.53489146093533,13.77126500876087,-20.26203375846592,0.5,4.0,705.0,-21.998014376233225,1.3,4.0,699.0,-29.327945632084425,-0.5,3.7,694.0,16.224421804755362,17.150015651652513,-23.705778600534263,Green
IISC,2026-01-17 21:00:00,-4.905602262594212,-0.6,688.0,3.7,-21.130024067349574,16.224421804755362,-10.763626452174464,1.3,4.0,696.0,-20.26203375846592,0.5,4.0,705.0,-21.998014376233225,1.3,4.0,699.0,18.921792645349417,10.725256874844268,-40.49362820659931,Yellow
IISC,2026-01-17 22:00:00,3.4089625400292265,-2.5,708.0,3.7,-15.512830105320193,18.921792645349417,-4.905602262594212,-0.6,3.7,688.0,-10.763626452174464,1.3,4.0,696.0,-20.26203375846592,0.5,4.0,705.0,17.150015651652513,-2.396914025568716,-44.41960979896396,Green
IISC,2026-01-17 23:00:00,9.315401294268176,0.4,690.0,3.7,-7.834614357384337,17.150015651652513,3.4089625400292265,-2.5,3.7,708.0,-4.905602262594212,-0.6,3.7,688.0,-10.763626452174464,1.3,4.0,696.0,10.725256874844268,-23.705778600534263,-30.561242648927323,Green
IISC,2026-01-18 00:00:00,9.976937013561775,2.8,681.0,2.7,-0.7483198612824928,10.725256874844268,9.315401294268176,0.4,3.7,690.0,3.4089625400292265,-2.5,3.7,708.0,-4.905602262594212,-0.6,3.7,688.0,-2.396914025568716,-40.49362820659931,-11.926879548967236,Green
IISC,2026-01-18 01:00:00,-1.384865511108205,1.4,682.0,2.7,1.0120485144605107,-2.396914025568716,9.976937013561775,2.8,2.7,681.0,9.315401294268176,0.4,3.7,690.0,3.4089625400292265,-2.5,3.7,708.0,-23.705778600534263,-44.41960979896396,-2.6522531220831382,Yellow
IISC,2026-01-18 02:00:00,-22.69373008607376,0.3,673.0,2.7,1.0120485144605107,-23.705778600534263,-1.384865511108205,1.4,2.7,682.0,9.976937013561775,2.8,2.7,681.0,9.315401294268176,0.4,3.7,690.0,-40.49362820659931,-30.561242648927323,0.3237759992670419,Red
IISC,2026-01-18 03:00:00,-39.4815796921388,0.0,677.0,3.7,1.0120485144605107,-40.49362820659931,-22.69373008607376,0.3,2.7,673.0,-1.384865511108205,1.4,2.7,682.0,9.976937013561775,2.8,2.7,681.0,-44.41960979896396,-11.926879548967236,-4.665234031678786,Red
IISC,2026-01-18 04:00:00,-56.45890759755494,0.6,662.0,3.7,-12.03929779859098,-44.41960979896396,-39.4815796921388,0.0,3.7,677.0,-22.69373008607376,0.3,2.7,673.0,-1.384865511108205,1.4,2.7,682.0,-30.561242648927323,-2.6522531220831382,-11.887933245281658,Red
IISC,2026-01-18 05:00:00,-61.6488975380336,-0.8,640.0,3.7,-31.08765488910628,-30.561242648927323,-56.45890759755494,0.6,3.7,662.0,-39.4815796921388,0.0,3.7,677.0,-22.69373008607376,0.3,2.7,673.0,-11.926879548967236,0.3237759992670419,-8.70536528461529,Green
IISC,2026-01-18 06:00:00,-59.89712319381411,0.1,626.0,2.7,-47.97024364484688,-11.926879548967236,-61.6488975380336,-0.8,3.7,640.0,-56.45890759755494,0.6,3.7,662.0,-39.4815796921388,0.0,3.7,677.0,-2.6522531220831382,-4.665234031678786,3.5641699509036826,Green
IISC,2026-01-18 07:00:00,-60.830268517767664,-0.9,615.0,2.7,-58.178015395684525,-2.6522531220831382,-59.89712319381411,0.1,2.7,626.0,-61.6488975380336,-0.8,3.7,640.0,-56.45890759755494,0.6,3.7,662.0,0.3237759992670419,-11.887933245281658,21.839680782040105,Green
IISC,2026-01-18 08:00:00,-59.249571195280026,-1.3,609.0,2.7,-59.57334719454707,0.3237759992670419,-60.830268517767664,-0.9,2.7,615.0,-59.89712319381411,0.1,2.7,626.0,-61.6488975380336,-0.8,3.7,640.0,-4.665234031678786,-8.70536528461529,22.31055555130147,Green
IISC,2026-01-18 09:00:00,-65.02892988746967,-0.8,574.0,2.3,-60.36369585579089,-4.665234031678786,-59.249571195280026,-1.3,2.7,609.0,-60.830268517767664,-0.9,2.7,615.0,-59.89712319381411,0.1,2.7,626.0,-11.887933245281658,3.5641699509036826,12.551685579299573,Green
IISC,2026-01-18 10:00:00,-73.1275162731823,-1.2,565.0,2.3,-61.23958302790064,-11.887933245281658,-65.02892988746967,-0.8,2.3,574.0,-59.249571195280026,-1.3,2.7,609.0,-60.830268517767664,-0.9,2.7,615.0,-8.70536528461529,21.839680782040105,7.8661838906581,Green
IISC,2026-01-18 11:00:00,-71.63496448723396,-1.9,556.0,2.3,-62.92959920261867,-8.70536528461529,-73.1275162731823,-1.2,2.3,565.0,-65.02892988746967,-0.8,2.3,574.0,-59.249571195280026,-1.3,2.7,609.0,3.5641699509036826,22.31055555130147,14.925505939115476,Green
IISC,2026-01-18 12:00:00,-59.365429251714986,-2.3,552.0,2.3,-62.92959920261867,3.5641699509036826,-71.63496448723396,-1.9,2.3,556.0,-73.1275162731823,-1.2,2.3,565.0,-65.02892988746967,-0.8,2.3,574.0,21.839680782040105,12.551685579299573,19.17258821464047,Yellow
IISC,2026-01-18 13:00:00,-40.357498787552224,-2.8,535.0,2.3,-62.19717956959233,21.839680782040105,-59.365429251714986,-2.3,2.3,552.0,-71.63496448723396,-1.9,2.3,556.0,-73.1275162731823,-1.2,2.3,565.0,22.31055555130147,7.8661838906581,12.6600757843321,Yellow
IISC,2026-01-18 14:00:00,-39.88662401829086,-2.2,528.0,2.3,-62.19717956959233,22.31055555130147,-40.357498787552224,-2.8,2.3,535.0,-59.365429251714986,-2.3,2.3,552.0,-71.63496448723396,-1.9,2.3,556.0,12.551685579299573,14.925505939115476,4.608857620182748,Green
IISC,2026-01-18 15:00:00,-37.30977844033403,-2.7,541.0,2.7,-49.8614640196336,12.551685579299573,-39.88662401829086,-2.2,2.3,528.0,-40.357498787552224,-2.8,2.3,535.0,-59.365429251714986,-2.3,2.3,552.0,7.8661838906581,19.17258821464047,7.928794637858528,Green
IISC,2026-01-18 16:00:00,-32.255877512263446,-1.2,523.0,2.7,-40.122061402921545,7.8661838906581,-37.30977844033403,-2.7,2.7,541.0,-39.88662401829086,-2.2,2.3,528.0,-40.357498787552224,-2.8,2.3,535.0,14.925505939115476,12.6600757843321,13.612659566485227,Green
IISC,2026-01-18 17:00:00,-23.67269529019697,-1.7,498.0,2.7,-38.59820122931245,14.925505939115476,-32.255877512263446,-1.2,2.7,523.0,-37.30977844033403,-2.7,2.7,541.0,-39.88662401829086,-2.2,2.3,528.0,19.17258821464047,4.608857620182748,12.818238219510008,Yellow
IISC,2026-01-18 18:00:00,-15.610239761658264,-2.9,497.0,3.7,-34.782827976298734,19.17258821464047,-23.67269529019697,-1.7,2.7,498.0,-32.255877512263446,-1.2,2.7,523.0,-37.30977844033403,-2.7,2.7,541.0,12.6600757843321,7.928794637858528,10.238209825957782,Green
IISC,2026-01-18 19:00:00,-15.304210616898107,-2.9,497.0,3.7,-27.964286401230208,12.6600757843321,-15.610239761658264,-2.9,3.7,497.0,-23.67269529019697,-1.7,2.7,498.0,-32.255877512263446,-1.2,2.7,523.0,4.608857620182748,13.612659566485227,-1.5129722075270935,Green
IISC,2026-01-18 20:00:00,-15.032609905744868,-2.5,487.0,3.7,-19.641467525927617,4.608857620182748,-15.304210616898107,-2.9,3.7,497.0,-15.610239761658264,-2.9,3.7,497.0,-23.67269529019697,-1.7,2.7,498.0,7.928794637858528,12.818238219510008,-19.83565258717332,Green
IISC,2026-01-18 21:00:00,-7.528430551419658,-2.7,481.0,3.0,-15.457225189278184,7.928794637858528,-15.032609905744868,-2.5,3.7,487.0,-15.304210616898107,-2.9,3.7,497.0,-15.610239761658264,-2.9,3.7,497.0,13.612659566485227,10.238209825957782,-34.56098018202162,Green
IISC,2026-01-18 22:00:00,-1.555750694836259,-2.7,480.0,3.0,-15.168410261321489,13.612659566485227,-7.528430551419658,-2.7,3.0,481.0,-15.032609905744868,-2.5,3.7,487.0,-15.304210616898107,-2.9,3.7,497.0,12.818238219510008,-1.5129722075270935,-33.65692260849496,Green
IISC,2026-01-18 23:00:00,1.5377179909277443,-2.6,466.0,3.0,-11.280520228582263,12.818238219510008,-1.555750694836259,-2.7,3.0,480.0,-7.528430551419658,-2.7,3.0,481.0,-15.032609905744868,-2.5,3.7,487.0,10.238209825957782,-19.83565258717332,-19.81995170795895,Green
IISC,2026-01-19 00:00:00,5.696119202829823,-2.7,469.0,3.3,-4.542090623127958,10.238209825957782,1.5377179909277443,-2.6,3.0,466.0,-1.555750694836259,-2.7,3.0,480.0,-7.528430551419658,-2.7,3.0,481.0,-1.5129722075270935,-34.56098018202162,-10.607102550716212,Green
IISC,2026-01-19 01:00:00,-4.581695109890446,-1.2,460.0,3.3,-3.068722902363352,-1.5129722075270935,5.696119202829823,-2.7,3.3,469.0,1.5377179909277443,-2.6,3.0,466.0,-1.555750694836259,-2.7,3.0,480.0,-19.83565258717332,-33.65692260849496,-12.44012444120044,Yellow
IISC,2026-01-19 02:00:00,-22.904375489536672,1.7,471.0,3.3,-3.068722902363352,-19.83565258717332,-4.581695109890446,-1.2,3.3,460.0,5.696119202829823,-2.7,3.3,469.0,1.5377179909277443,-2.6,3.0,466.0,-34.56098018202162,-19.81995170795895,-8.340242561551612,Red
IISC,2026-01-19 03:00:00,-37.62970308438498,1.0,462.0,0.7,-3.068722902363352,-34.56098018202162,-22.904375489536672,1.7,3.3,471.0,-4.581695109890446,-1.2,3.3,460.0,5.696119202829823,-2.7,3.3,469.0,-33.65692260849496,-10.607102550716212,-13.308594195178706,Red
IISC,2026-01-19 04:00:00,-47.39995790820852,-1.4,443.0,0.7,-13.74303529971356,-33.65692260849496,-37.62970308438498,1.0,0.7,462.0,-22.904375489536672,1.7,3.3,471.0,-4.581695109890446,-1.2,3.3,460.0,-19.81995170795895,-12.44012444120044,-22.08007659769258,Yellow
IISC,2026-01-19 05:00:00,-50.08699099491977,0.5,433.0,0.7,-30.267039286960824,-19.81995170795895,-47.39995790820852,-1.4,0.7,443.0,-37.62970308438498,1.0,0.7,462.0,-22.904375489536672,1.7,3.3,471.0,-10.607102550716212,-8.340242561551612,-19.85990241485615,Green
IISC,2026-01-19 06:00:00,-53.121933047012966,0.3,430.0,0.3,-42.51483049629675,-10.607102550716212,-50.08699099491977,0.5,0.7,433.0,-47.39995790820852,-1.4,0.7,443.0,-37.62970308438498,1.0,0.7,462.0,-12.44012444120044,-13.308594195178706,1.0730298573452757,Green
IISC,2026-01-19 07:00:00,-61.183598892764586,2.4,430.0,0.3,-48.74347445156415,-12.44012444120044,-53.121933047012966,0.3,0.3,430.0,-50.08699099491977,0.5,0.7,433.0,-47.39995790820852,-1.4,0.7,443.0,-8.340242561551612,-22.08007659769258,25.44990786265022,Green
IISC,2026-01-19 08:00:00,-59.94470458251798,1.4,423.0,0.3,-51.604462020966366,-8.340242561551612,-61.183598892764586,2.4,0.3,430.0,-53.121933047012966,0.3,0.3,430.0,-50.08699099491977,0.5,0.7,433.0,-13.308594195178706,-19.85990241485615,33.76837669646582,Green
IISC,2026-01-19 09:00:00,-69.84191300994418,-0.0,418.0,1.0,-56.53331881476547,-13.308594195178706,-59.94470458251798,1.4,0.3,423.0,-61.183598892764586,2.4,0.3,430.0,-53.121933047012966,0.3,0.3,430.0,-22.08007659769258,1.0730298573452757,30.74846578047313,Yellow
IISC,2026-01-19 10:00:00,-82.64422833533386,-0.6,415.0,1.0,-60.56415173764128,-22.08007659769258,-69.84191300994418,-0.0,1.0,418.0,-59.94470458251798,1.4,0.3,423.0,-61.183598892764586,2.4,0.3,430.0,-19.85990241485615,25.44990786265022,17.82551179995135,Yellow
IISC,2026-01-19 11:00:00,-85.37265836621053,-0.7,430.0,1.0,-65.51275595135438,-19.85990241485615,-82.64422833533386,-0.6,1.0,415.0,-69.84191300994418,-0.0,1.0,418.0,-59.94470458251798,1.4,0.3,423.0,1.0730298573452757,33.76837669646582,4.610310561942779,Green
IISC,2026-01-19 12:00:00,-67.69585329525363,1.1,429.0,1.3,-68.7688831525989,1.0730298573452757,-85.37265836621053,-0.7,1.0,430.0,-82.64422833533386,-0.6,1.0,415.0,-69.84191300994418,-0.0,1.0,418.0,25.44990786265022,30.74846578047313,-4.044215986237859,Yellow
IISC,2026-01-19 13:00:00,-43.31897528994868,0.2,426.0,1.3,-68.7688831525989,25.44990786265022,-67.69585329525363,1.1,1.3,429.0,-85.37265836621053,-0.7,1.0,430.0,-82.64422833533386,-0.6,1.0,415.0,33.76837669646582,17.82551179995135,-4.236096768058793,Red
IISC,2026-01-19 14:00:00,-35.00050645613308,-1.9,421.0,1.3,-68.7688831525989,33.76837669646582,-43.31897528994868,0.2,1.3,426.0,-67.69585329525363,1.1,1.3,429.0,-85.37265836621053,-0.7,1.0,430.0,30.74846578047313,4.610310561942779,15.754457555277542,Red
IISC,2026-01-19 15:00:00,-24.758948512128025,-2.7,423.0,3.0,-55.50741429260116,30.74846578047313,-35.00050645613308,-1.9,1.3,421.0,-43.31897528994868,0.2,1.3,426.0,-67.69585329525363,1.1,1.3,429.0,17.82551179995135,-4.044215986237859,29.831076613366942,Green
IISC,2026-01-19 16:00:00,-21.33422907308953,-1.7,419.0,3.0,-39.15974087304088,17.82551179995135,-24.758948512128025,-2.7,3.0,423.0,-35.00050645613308,-1.9,1.3,421.0,-43.31897528994868,0.2,1.3,426.0,4.610310561942779,-4.236096768058793,23.64155829842248,Green
IISC,2026-01-19 17:00:00,-25.77988533224752,-3.8,431.0,3.0,-30.3901958941903,4.610310561942779,-21.33422907308953,-1.7,3.0,419.0,-24.758948512128025,-2.7,3.0,423.0,-35.00050645613308,-1.9,1.3,421.0,-4.044215986237859,15.754457555277542,10.411512933952633,Green
IISC,2026-01-19 18:00:00,-33.868317304723234,-1.0,441.0,8.3,-29.824101318485376,-4.044215986237859,-25.77988533224752,-3.8,3.0,431.0,-21.33422907308953,-1.7,3.0,419.0,-24.758948512128025,-2.7,3.0,423.0,-4.236096768058793,29.831076613366942,3.845326036757875,Green
IISC,2026-01-19 19:00:00,-34.06019808654417,-5.4,739.0,8.3,-29.824101318485376,-4.236096768058793,-33.868317304723234,-1.0,8.3,441.0,-25.77988533224752,-3.8,3.0,431.0,-21.33422907308953,-1.7,3.0,419.0,15.754457555277542,23.64155829842248,-13.425912827852375,Green
IISC,2026-01-19 20:00:00,-9.514959366910231,-5.7,1108.0,8.3,-25.269416922187773,15.754457555277542,-34.06019808654417,-5.4,8.3,739.0,-33.868317304723234,-1.0,8.3,441.0,-25.77988533224752,-3.8,3.0,431.0,29.831076613366942,10.411512933952633,-32.353863303771334,Red
IISC,2026-01-19 21:00:00,6.274019410698423,-21.8,1121.0,8.7,-23.557057202668524,29.831076613366942,-9.514959366910231,-5.7,8.3,1108.0,-34.06019808654417,-5.4,8.3,739.0,-33.868317304723234,-1.0,8.3,441.0,23.64155829842248,3.845326036757875,-38.70707269015977,Yellow
IISC,2026-01-19 22:00:00,5.994135948843603,58.3,1084.0,8.7,-17.647422349578875,23.64155829842248,6.274019410698423,-21.8,8.7,1121.0,-9.514959366910231,-5.7,8.3,1108.0,-34.06019808654417,-5.4,8.3,739.0,10.411512933952633,-13.425912827852375,-30.770320413455288,Green
IISC,2026-01-19 23:00:00,8.65110122491932,58.9,1074.0,8.7,-1.7604117090333142,10.411512933952633,5.994135948843603,58.3,8.7,1084.0,6.274019410698423,-21.8,8.7,1121.0,-9.514959366910231,-5.7,8.3,1108.0,3.845326036757875,-32.353863303771334,-18.5024726169906,Green
IISC,2026-01-20 00:00:00,9.979403716528887,52.7,1054.0,6.7,6.134077679771012,3.845326036757875,8.65110122491932,58.9,8.7,1074.0,5.994135948843603,58.3,8.7,1084.0,6.274019410698423,-21.8,8.7,1121.0,-13.425912827852375,-38.70707269015977,-14.372167321736129,Green
IISC,2026-01-20 01:00:00,-7.291835148081362,36.9,1034.0,6.7,6.134077679771012,-13.425912827852375,9.979403716528887,52.7,6.7,1054.0,8.65110122491932,58.9,8.7,1074.0,5.994135948843603,58.3,8.7,1084.0,-32.353863303771334,-30.770320413455288,-16.063848748573378,Red
IISC,2026-01-20 02:00:00,-26.21978562400032,22.4,964.0,6.7,6.134077679771012,-32.353863303771334,-7.291835148081362,36.9,6.7,1034.0,9.979403716528887,52.7,6.7,1054.0,8.65110122491932,58.9,8.7,1074.0,-38.70707269015977,-18.5024726169906,-14.274526948415392,Red
IISC,2026-01-20 03:00:00,-39.35592228977865,10.1,923.0,5.7,-0.6488495996188797,-38.70707269015977,-26.21978562400032,22.4,6.7,964.0,-7.291835148081362,36.9,6.7,1034.0,9.979403716528887,52.7,6.7,1054.0,-30.770320413455288,-14.372167321736129,-20.620757371962355,Red
IISC,2026-01-20 04:00:00,-47.52613079949613,1.1,917.0,5.7,-16.755810386040842,-30.770320413455288,-39.35592228977865,10.1,5.7,923.0,-26.21978562400032,22.4,6.7,964.0,-7.291835148081362,36.9,6.7,1034.0,-18.5024726169906,-16.063848748573378,-21.954742341041168,Yellow
IISC,2026-01-20 05:00:00,-51.29032657388009,-3.5,909.0,5.7,-32.787853956889485,-18.5024726169906,-47.52613079949613,1.1,5.7,917.0,-39.35592228977865,10.1,5.7,923.0,-26.21978562400032,22.4,6.7,964.0,-14.372167321736129,-14.274526948415392,-1.9378549473847075,Green
IISC,2026-01-20 06:00:00,-57.81319386637352,-18.0,959.0,7.3,-43.44102654463739,-14.372167321736129,-51.29032657388009,-3.5,5.7,909.0,-47.52613079949613,1.1,5.7,917.0,-39.35592228977865,10.1,5.7,923.0,-16.063848748573378,-20.620757371962355,1.5075704548403903,Green
IISC,2026-01-20 07:00:00,-65.47207743526148,-19.3,969.0,7.3,-49.408228686688105,-16.063848748573378,-57.81319386637352,-18.0,7.3,959.0,-51.29032657388009,-3.5,5.7,909.0,-47.52613079949613,1.1,5.7,917.0,-14.274526948415392,-21.954742341041168,15.08484994043748,Green
IISC,2026-01-20 08:00:00,-68.8262871685422,-18.1,954.0,7.3,-54.5517602201268,-14.274526948415392,-65.47207743526148,-19.3,7.3,969.0,-57.81319386637352,-18.0,7.3,959.0,-51.29032657388009,-3.5,5.7,909.0,-20.620757371962355,-1.9378549473847075,36.679737918683536,Yellow
IISC,2026-01-20 09:00:00,-82.26339302277985,-16.3,951.0,7.7,-61.642635650817496,-20.620757371962355,-68.8262871685422,-18.1,7.3,954.0,-65.47207743526148,-19.3,7.3,969.0,-57.81319386637352,-18.0,7.3,959.0,-21.954742341041168,1.5075704548403903,27.186203031835557,Yellow
IISC,2026-01-20 10:00:00,-89.10392464294301,-14.5,951.0,7.7,-67.14918230190185,-21.954742341041168,-82.26339302277985,-16.3,7.7,951.0,-68.8262871685422,-18.1,7.3,954.0,-65.47207743526148,-19.3,7.3,969.0,-1.9378549473847075,15.08484994043748,14.281428877660035,Green
IISC,2026-01-20 11:00:00,-72.70199706331162,-8.6,948.0,7.7,-70.76414211592692,-1.9378549473847075,-89.10392464294301,-14.5,7.7,951.0,-82.26339302277985,-16.3,7.7,951.0,-68.8262871685422,-18.1,7.3,954.0,1.5075704548403903,36.679737918683536,11.466260719176963,Green
IISC,2026-01-20 12:00:00,-69.68685615363083,-3.8,951.0,7.3,-71.19442660847122,1.5075704548403903,-72.70199706331162,-8.6,7.7,948.0,-89.10392464294301,-14.5,7.7,951.0,-82.26339302277985,-16.3,7.7,951.0,15.08484994043748,27.186203031835557,12.429882236218948,Green
IISC,2026-01-20 13:00:00,-56.10957666803374,-8.2,924.0,7.3,-71.19442660847122,15.08484994043748,-69.68685615363083,-3.8,7.3,951.0,-72.70199706331162,-8.6,7.7,948.0,-89.10392464294301,-14.5,7.7,951.0,36.679737918683536,14.281428877660035,17.646132034548486,Red
IISC,2026-01-20 14:00:00,-34.51468868978768,-9.4,906.0,7.3,-71.19442660847122,36.679737918683536,-56.10957666803374,-8.2,7.3,924.0,-69.68685615363083,-3.8,7.3,951.0,-72.70199706331162,-8.6,7.7,948.0,27.186203031835557,11.466260719176963,25.82949351848442,Red
IISC,2026-01-20 15:00:00,-35.71201337899673,-7.9,882.0,7.3,-62.89821641083228,27.186203031835557,-34.51468868978768,-9.4,7.3,906.0,-56.10957666803374,-8.2,7.3,924.0,-69.68685615363083,-3.8,7.3,951.0,14.281428877660035,12.429882236218948,23.73822144396292,Green
IISC,2026-01-20 16:00:00,-31.6293661458552,-5.1,867.0,7.3,-45.910795023515234,14.281428877660035,-35.71201337899673,-7.9,7.3,882.0,-34.51468868978768,-9.4,7.3,906.0,-56.10957666803374,-8.2,7.3,924.0,11.466260719176963,17.646132034548486,15.436392895045724,Green
IISC,2026-01-20 17:00:00,-23.647090315215245,-4.3,862.0,7.3,-35.11335103439221,11.466260719176963,-31.6293661458552,-5.1,7.3,867.0,-35.71201337899673,-7.9,7.3,882.0,-34.51468868978768,-9.4,7.3,906.0,12.429882236218948,25.82949351848442,6.539262910836392,Green
IISC,2026-01-20 18:00:00,-20.64214518160249,-13.4,850.0,7.3,-33.07202741782144,12.429882236218948,-23.647090315215245,-4.3,7.3,862.0,-31.6293661458552,-5.1,7.3,867.0,-35.71201337899673,-7.9,7.3,882.0,17.646132034548486,23.73822144396292,2.48007467396292,Green
IISC,2026-01-20 19:00:00,-9.992096195986734,-11.1,850.0,7.3,-27.63822823053522,17.646132034548486,-20.64214518160249,-13.4,7.3,850.0,-23.647090315215245,-4.3,7.3,862.0,-31.6293661458552,-5.1,7.3,867.0,25.82949351848442,15.436392895045724,-13.38831070956681,Yellow
IISC,2026-01-20 20:00:00,3.684875770075551,-10.5,837.0,7.3,-22.14461774840887,25.82949351848442,-9.992096195986734,-11.1,7.3,850.0,-20.64214518160249,-13.4,7.3,850.0,-23.647090315215245,-4.3,7.3,862.0,23.73822144396292,6.539262910836392,-31.507317282626676,Yellow
IISC,2026-01-20 21:00:00,8.421100755168307,-12.9,843.0,7.7,-15.317120688794612,23.73822144396292,3.684875770075551,-10.5,7.3,837.0,-9.992096195986734,-11.1,7.3,850.0,-20.64214518160249,-13.4,7.3,850.0,15.436392895045724,2.48007467396292,-39.2113546224156,Green
IISC,2026-01-20 22:00:00,12.282782682090131,-11.4,817.0,7.7,-3.153610212955592,15.436392895045724,8.421100755168307,-12.9,7.7,843.0,3.684875770075551,-10.5,7.3,837.0,-9.992096195986734,-11.1,7.3,850.0,6.539262910836392,-13.38831070956681,-29.19049547263149,Green
IISC,2026-01-20 23:00:00,12.59225117345832,-8.6,796.0,7.7,6.052988262621929,6.539262910836392,12.282782682090131,-11.4,7.7,817.0,8.421100755168307,-12.9,7.7,843.0,3.684875770075551,-10.5,7.3,837.0,2.48007467396292,-31.507317282626676,-17.98451778877053,Green
IISC,2026-01-21 00:00:00,12.83201639259214,-4.0,782.0,7.3,10.35194171862922,2.48007467396292,12.59225117345832,-8.6,7.7,796.0,12.282782682090131,-11.4,7.7,817.0,8.421100755168307,-12.9,7.7,843.0,-13.38831070956681,-39.2113546224156,-22.469867178550032,Green
IISC,2026-01-21 01:00:00,-3.0363689909375884,-3.3,771.0,7.3,10.35194171862922,-13.38831070956681,12.83201639259214,-4.0,7.3,782.0,12.59225117345832,-8.6,7.7,796.0,12.282782682090131,-11.4,7.7,817.0,-31.507317282626676,-29.19049547263149,-19.7363465784019,Red
IISC,2026-01-21 02:00:00,-21.155375563997453,5.3,758.0,7.3,10.35194171862922,-31.507317282626676,-3.0363689909375884,-3.3,7.3,771.0,12.83201639259214,-4.0,7.3,782.0,12.59225117345832,-8.6,7.7,796.0,-39.2113546224156,-17.98451778877053,-7.591799551842627,Red
IISC,2026-01-21 03:00:00,-34.58814777683933,-2.1,770.0,6.7,4.623206845576272,-39.2113546224156,-21.155375563997453,5.3,7.3,758.0,-3.0363689909375884,-3.3,7.3,771.0,12.83201639259214,-4.0,7.3,782.0,-29.19049547263149,-22.469867178550032,-15.452408307702784,Red
IISC,2026-01-21 04:00:00,-41.28636775009901,-5.4,778.0,6.7,-12.09587227746752,-29.19049547263149,-34.58814777683933,-2.1,6.7,770.0,-21.155375563997453,5.3,7.3,758.0,-3.0363689909375884,-3.3,7.3,771.0,-17.98451778877053,-19.7363465784019,-23.25938675589063,Yellow
IISC,2026-01-21 05:00:00,-45.85627945918892,-3.1,747.0,6.7,-27.87176167041839,-17.98451778877053,-41.28636775009901,-5.4,6.7,778.0,-34.58814777683933,-2.1,6.7,770.0,-21.155375563997453,5.3,7.3,758.0,-22.469867178550032,-7.591799551842627,-8.480609812387982,Yellow
IISC,2026-01-21 06:00:00,-60.4071249420192,-5.7,736.0,7.0,-37.93725776346917,-22.469867178550032,-45.85627945918892,-3.1,6.7,747.0,-41.28636775009901,-5.4,6.7,778.0,-34.58814777683933,-2.1,6.7,770.0,-19.7363465784019,-15.452408307702784,5.32119666131959,Yellow
IISC,2026-01-21 07:00:00,-63.307670183045865,-5.4,725.0,7.0,-43.571323604643965,-19.7363465784019,-60.4071249420192,-5.7,7.0,736.0,-45.85627945918892,-3.1,6.7,747.0,-41.28636775009901,-5.4,6.7,778.0,-7.591799551842627,-23.25938675589063,20.029950475347057,Green
IISC,2026-01-21 08:00:00,-60.72350175244669,-6.0,713.0,7.0,-53.13170220060406,-7.591799551842627,-63.307670183045865,-5.4,7.0,725.0,-60.4071249420192,-5.7,7.0,736.0,-45.85627945918892,-3.1,6.7,747.0,-15.452408307702784,-8.480609812387982,32.38099802323066,Green
IISC,2026-01-21 09:00:00,-76.01772165493573,-5.9,704.0,6.3,-60.565313347232944,-15.452408307702784,-60.72350175244669,-6.0,7.0,713.0,-63.307670183045865,-5.4,7.0,725.0,-60.4071249420192,-5.7,7.0,736.0,-23.25938675589063,5.32119666131959,34.08876872846663,Yellow
IISC,2026-01-21 10:00:00,-85.2749727236369,-0.8,657.0,6.3,-62.01558596774628,-23.25938675589063,-76.01772165493573,-5.9,6.3,704.0,-60.72350175244669,-6.0,7.0,713.0,-63.307670183045865,-5.4,7.0,725.0,-8.480609812387982,20.029950475347057,26.114368644613208,Green
IISC,2026-01-21 11:00:00,-78.14330573137877,-2.6,648.0,6.3,-69.66269591899079,-8.480609812387982,-85.2749727236369,-0.8,6.3,657.0,-76.01772165493573,-5.9,6.3,704.0,-60.72350175244669,-6.0,7.0,713.0,5.32119666131959,32.38099802323066,16.230453656131473,Green
IISC,2026-01-21 12:00:00,-65.37532833229653,1.2,641.0,4.3,-70.69652499361612,5.32119666131959,-78.14330573137877,-2.6,6.3,648.0,-85.2749727236369,-0.8,6.3,657.0,-76.01772165493573,-5.9,6.3,704.0,20.029950475347057,34.08876872846663,14.10791735543506,Yellow
IISC,2026-01-21 13:00:00,-50.666574518269066,-1.0,636.0,4.3,-70.69652499361612,20.029950475347057,-65.37532833229653,1.2,4.3,641.0,-78.14330573137877,-2.6,6.3,648.0,-85.2749727236369,-0.8,6.3,657.0,32.38099802323066,26.114368644613208,13.931858652810584,Red
IISC,2026-01-21 14:00:00,-38.31552697038546,-2.0,631.0,4.3,-70.69652499361612,32.38099802323066,-50.666574518269066,-1.0,4.3,636.0,-65.37532833229653,1.2,4.3,641.0,-78.14330573137877,-2.6,6.3,648.0,34.08876872846663,16.230453656131473,13.461398321544191,Red
IISC,2026-01-21 15:00:00,-23.932182696816167,0.8,626.0,4.0,-58.0209514252828,34.08876872846663,-38.31552697038546,-2.0,4.3,631.0,-50.666574518269066,-1.0,4.3,636.0,-65.37532833229653,1.2,4.3,641.0,26.114368644613208,14.10791735543506,9.972051916126937,Yellow
IISC,2026-01-21 16:00:00,-18.37668209971406,0.2,622.0,4.0,-44.49105074432727,26.114368644613208,-23.932182696816167,0.8,4.0,626.0,-38.31552697038546,-2.0,4.3,631.0,-50.666574518269066,-1.0,4.3,636.0,16.230453656131473,13.931858652810584,12.373504519604698,Green
IISC,2026-01-21 17:00:00,-14.893401177469345,-1.4,597.0,4.0,-31.123854833600817,16.230453656131473,-18.37668209971406,0.2,4.0,622.0,-23.932182696816167,0.8,4.0,626.0,-38.31552697038546,-2.0,4.3,631.0,14.10791735543506,13.461398321544191,10.064247773606189,Green
IISC,2026-01-21 18:00:00,-7.046515042830056,-0.3,588.0,3.3,-21.154432398265115,14.10791735543506,-14.893401177469345,-1.4,4.0,597.0,-18.37668209971406,0.2,4.0,622.0,-23.932182696816167,0.8,4.0,626.0,13.931858652810584,9.972051916126937,,Green
IISC,2026-01-21 19:00:00,-2.7031829857811176,1.2,584.0,3.3,-16.6350416385917,13.931858652810584,-7.046515042830056,-0.3,3.3,588.0,-14.893401177469345,-1.4,4.0,597.0,-18.37668209971406,0.2,4.0,622.0,13.461398321544191,12.373504519604698,,Green
IISC,2026-01-21 20:00:00,2.4914402113944902,0.0,585.0,3.3,-10.9699581101497,13.461398321544191,-2.7031829857811176,1.2,3.3,584.0,-7.046515042830056,-0.3,3.3,588.0,-14.893401177469345,-1.4,4.0,597.0,9.972051916126937,10.064247773606189,,Green
IISC,2026-01-21 21:00:00,5.0972029018213485,0.5,579.0,2.7,-4.874849014305587,9.972051916126937,2.4914402113944902,0.0,3.3,585.0,-2.7031829857811176,1.2,3.3,584.0,-7.046515042830056,-0.3,3.3,588.0,12.373504519604698,,,Green
IISC,2026-01-21 22:00:00,12.267633132411383,0.3,585.0,2.7,-0.1058713871933136,12.373504519604698,5.0972029018213485,0.5,2.7,579.0,2.4914402113944902,0.0,3.3,585.0,-2.7031829857811176,1.2,3.3,584.0,10.064247773606189,,,Green
IITK,2026-01-15 03:00:00,-55.43242980326621,2.3,521.0,2.0,-49.87245423442137,-5.559975568844841,-60.59940955541056,0.0,2.7,542.0,-44.312478665576535,-0.6,2.7,550.0,-33.112247608735764,1.1,2.7,567.0,-4.585421859688907,-7.297648154328627,-13.426146723800535,Green
IITK,2026-01-15 04:00:00,-60.01785166295512,1.3,509.0,2.0,-55.43242980326621,-4.585421859688907,-55.43242980326621,2.3,2.0,521.0,-60.59940955541056,0.0,2.7,542.0,-44.312478665576535,-0.6,2.7,550.0,-6.361531796709585,-1.1076916696329704,-3.5462303373568176,Green
IITK,2026-01-15 05:00:00,-64.08667252982025,-1.7,486.0,2.0,-57.72514073311066,-6.361531796709585,-60.01785166295512,1.3,2.0,509.0,-55.43242980326621,2.3,2.0,521.0,-60.59940955541056,0.0,2.7,542.0,-7.297648154328627,3.696977591336641,6.161705404570526,Green
IITK,2026-01-15 06:00:00,-67.60627876351147,-2.5,495.0,2.7,-60.30863060918284,-7.297648154328627,-64.08667252982025,-1.7,2.0,486.0,-60.01785166295512,1.3,2.0,509.0,-55.43242980326621,2.3,2.0,521.0,-1.1076916696329704,-13.426146723800535,8.837477068887473,Green
IITK,2026-01-15 07:00:00,-62.8147928946765,1.8,549.0,2.7,-61.70710122504353,-1.1076916696329704,-67.60627876351147,-2.5,2.7,495.0,-64.08667252982025,-1.7,2.0,486.0,-60.01785166295512,1.3,2.0,509.0,3.696977591336641,-3.5462303373568176,11.779202721029373,Green
IITK,2026-01-15 08:00:00,-57.71934468747917,-4.3,571.0,2.7,-61.41632227881581,3.696977591336641,-62.8147928946765,1.8,2.7,549.0,-67.60627876351147,-2.5,2.7,495.0,-64.08667252982025,-1.7,2.0,486.0,-13.426146723800535,6.161705404570526,13.695135604219075,Green
IITK,2026-01-15 09:00:00,-76.87687943604891,-2.4,617.0,2.3,-63.45073271224837,-13.426146723800535,-57.71934468747917,-4.3,2.7,571.0,-62.8147928946765,1.8,2.7,549.0,-67.60627876351147,-2.5,2.7,495.0,-3.5462303373568176,8.837477068887473,13.43378845250345,Green
IITK,2026-01-15 10:00:00,-69.39270598402267,-0.9,620.0,2.3,-65.84647564666585,-3.5462303373568176,-76.87687943604891,-2.4,2.3,617.0,-57.71934468747917,-4.3,2.7,571.0,-62.8147928946765,1.8,2.7,549.0,6.161705404570526,11.779202721029373,1.9965306862903915,Green
IITK,2026-01-15 11:00:00,-59.04883042452346,0.8,628.0,2.3,-65.21053582909398,6.161705404570526,-69.39270598402267,-0.9,2.3,620.0,-76.87687943604891,-2.4,2.3,617.0,-57.71934468747917,-4.3,2.7,571.0,8.837477068887473,13.695135604219075,1.611949930745233,Green
IITK,2026-01-15 12:00:00,-52.094334590712506,1.5,639.0,1.0,-60.93181165959998,8.837477068887473,-59.04883042452346,0.8,2.3,628.0,-69.39270598402267,-0.9,2.3,620.0,-76.87687943604891,-2.4,2.3,617.0,11.779202721029373,13.43378845250345,4.752401231660144,Green
IITK,2026-01-15 13:00:00,-46.60488483497195,0.9,587.0,1.0,-58.38408755600132,11.779202721029373,-52.094334590712506,1.5,1.0,639.0,-59.04883042452346,0.8,2.3,628.0,-69.39270598402267,-0.9,2.3,620.0,13.695135604219075,1.9965306862903915,-2.014028781204708,Green
IITK,2026-01-15 14:00:00,-41.87644690339891,0.3,576.0,1.0,-55.57158250761798,13.695135604219075,-46.60488483497195,0.9,1.0,587.0,-52.094334590712506,1.5,1.0,639.0,-59.04883042452346,0.8,2.3,628.0,13.43378845250345,1.611949930745233,-3.3801566796652054,Green
IITK,2026-01-15 15:00:00,-35.915821260338774,-1.6,593.0,3.0,-49.34960971284222,13.43378845250345,-41.87644690339891,0.3,1.0,576.0,-46.60488483497195,0.9,1.0,587.0,-52.094334590712506,1.5,1.0,639.0,1.9965306862903915,4.752401231660144,-3.196992161684612,Green
IITK,2026-01-15 16:00:00,-42.611823462391165,-0.4,621.0,3.0,-44.60835414868156,1.9965306862903915,-35.915821260338774,-1.6,3.0,593.0,-41.87644690339891,0.3,1.0,576.0,-46.60488483497195,0.9,1.0,587.0,1.611949930745233,-2.014028781204708,0.4017556004554379,Green
IITK,2026-01-15 17:00:00,-40.6321852521498,-0.7,628.0,3.0,-42.24413518289504,1.611949930745233,-42.611823462391165,-0.4,3.0,621.0,-35.915821260338774,-1.6,3.0,593.0,-41.87644690339891,0.3,1.0,576.0,4.752401231660144,-3.3801566796652054,4.184517197833209,Green
IITK,2026-01-15 18:00:00,-36.50191484611421,-0.5,626.0,3.0,-41.25431607777436,4.752401231660144,-40.6321852521498,-0.7,3.0,628.0,-42.611823462391165,-0.4,3.0,621.0,-35.915821260338774,-1.6,3.0,593.0,-2.014028781204708,-3.196992161684612,-2.2002595768303834,Green
IITK,2026-01-15 19:00:00,-43.26834485897906,-1.9,615.0,3.0,-41.25431607777436,-2.014028781204708,-36.50191484611421,-0.5,3.0,626.0,-40.6321852521498,-0.7,3.0,628.0,-42.611823462391165,-0.4,3.0,621.0,-3.3801566796652054,0.4017556004554379,-3.1643247009645137,Green
IITK,2026-01-15 20:00:00,-45.00216103693569,-0.5,611.0,3.0,-41.62200435727048,-3.3801566796652054,-43.26834485897906,-1.9,3.0,615.0,-36.50191484611421,-0.5,3.0,626.0,-40.6321852521498,-0.7,3.0,628.0,-3.196992161684612,4.184517197833209,-11.888740920934737,Green
IITK,2026-01-15 21:00:00,-46.13707632236973,2.5,599.0,2.3,-42.94008416068512,-3.196992161684612,-45.00216103693569,-0.5,3.0,611.0,-43.26834485897906,-1.9,3.0,615.0,-36.50191484611421,-0.5,3.0,626.0,0.4017556004554379,-2.2002595768303834,-25.888532377390483,Green
IITK,2026-01-15 22:00:00,-42.46483365806819,1.6,607.0,2.3,-42.866589258523625,0.4017556004554379,-46.13707632236973,2.5,2.3,599.0,-45.00216103693569,-0.5,3.0,611.0,-43.26834485897906,-1.9,3.0,615.0,4.184517197833209,-3.1643247009645137,-26.763684122567568,Green
IITK,2026-01-15 23:00:00,-38.682072060690416,1.8,587.0,2.3,-42.866589258523625,4.184517197833209,-42.46483365806819,1.6,2.3,607.0,-46.13707632236973,2.5,2.3,599.0,-45.00216103693569,-0.5,3.0,611.0,-2.2002595768303834,-11.888740920934737,-15.76228337466128,Green
IITK,2026-01-16 00:00:00,-46.33551252478776,2.2,550.0,3.3,-44.135252947957376,-2.2002595768303834,-38.682072060690416,1.8,2.3,587.0,-42.46483365806819,1.6,2.3,607.0,-46.13707632236973,2.5,2.3,599.0,-3.1643247009645137,-25.888532377390483,-3.060135230180876,Green
IITK,2026-01-16 01:00:00,-48.73394338061722,0.5,550.0,3.3,-45.56961867965271,-3.1643247009645137,-46.33551252478776,2.2,3.3,550.0,-38.682072060690416,1.8,2.3,587.0,-42.46483365806819,1.6,2.3,607.0,-11.888740920934737,-26.763684122567568,9.06987309769059,Green
IITK,2026-01-16 02:00:00,-58.12503534451348,4.3,563.0,3.3,-46.23629442357874,-11.888740920934737,-48.73394338061722,0.5,3.3,550.0,-46.33551252478776,2.2,3.3,550.0,-38.682072060690416,1.8,2.3,587.0,-25.888532377390483,-15.76228337466128,8.613877607846689,Yellow
IITK,2026-01-16 03:00:00,-73.42326033009297,2.5,594.0,3.7,-47.53472795270249,-25.888532377390483,-58.12503534451348,4.3,3.3,563.0,-48.73394338061722,0.5,3.3,550.0,-46.33551252478776,2.2,3.3,550.0,-26.763684122567568,-3.060135230180876,0.2657942566031721,Red
IITK,2026-01-16 04:00:00,-80.19317348513292,0.4,664.0,3.7,-53.42948936256535,-26.763684122567568,-73.42326033009297,2.5,3.7,594.0,-58.12503534451348,4.3,3.3,563.0,-48.73394338061722,0.5,3.3,550.0,-15.76228337466128,9.06987309769059,5.0247282295358815,Green
IITK,2026-01-16 05:00:00,-81.5364312119645,2.0,707.0,3.7,-65.77414783730322,-15.76228337466128,-80.19317348513292,0.4,3.7,664.0,-73.42326033009297,2.5,3.7,594.0,-58.12503534451348,4.3,3.3,563.0,-3.060135230180876,8.613877607846689,8.56457185773889,Green
IITK,2026-01-16 06:00:00,-79.54353079045472,-1.4,688.0,3.3,-76.48339556027385,-3.060135230180876,-81.5364312119645,2.0,3.7,707.0,-80.19317348513292,0.4,3.7,664.0,-73.42326033009297,2.5,3.7,594.0,9.06987309769059,0.2657942566031721,10.980002609130892,Green
IITK,2026-01-16 07:00:00,-67.41352246258326,1.5,679.0,3.3,-76.48339556027385,9.06987309769059,-79.54353079045472,-1.4,3.3,688.0,-81.5364312119645,2.0,3.7,707.0,-80.19317348513292,0.4,3.7,664.0,8.613877607846689,5.0247282295358815,7.868831192351351,Green
IITK,2026-01-16 08:00:00,-67.86951795242716,1.0,679.0,3.3,-76.48339556027385,8.613877607846689,-67.41352246258326,1.5,3.3,679.0,-79.54353079045472,-1.4,3.3,688.0,-81.5364312119645,2.0,3.7,707.0,0.2657942566031721,8.56457185773889,12.345969990032444,Green
IITK,2026-01-16 09:00:00,-79.01194227724838,-0.4,656.0,2.7,-79.27773653385155,0.2657942566031721,-67.86951795242716,1.0,3.3,679.0,-67.41352246258326,1.5,3.3,679.0,-79.54353079045472,-1.4,3.3,688.0,5.0247282295358815,10.980002609130892,4.6110149048712685,Green
IITK,2026-01-16 10:00:00,-68.96248581817662,2.3,612.0,2.7,-73.9872140477125,5.0247282295358815,-79.01194227724838,-0.4,2.7,656.0,-67.86951795242716,1.0,3.3,679.0,-67.41352246258326,1.5,3.3,679.0,8.56457185773889,7.868831192351351,3.8081481108998574,Green
IITK,2026-01-16 11:00:00,-59.85143002756299,5.8,604.0,2.7,-68.41600188530188,8.56457185773889,-68.96248581817662,2.3,2.7,612.0,-79.01194227724838,-0.4,2.7,656.0,-67.86951795242716,1.0,3.3,679.0,10.980002609130892,12.345969990032444,0.0139799728162941,Green
IITK,2026-01-16 12:00:00,-56.66151759837432,2.6,608.0,3.3,-67.64152020750521,10.980002609130892,-59.85143002756299,5.8,2.7,604.0,-68.96248581817662,2.3,2.7,612.0,-79.01194227724838,-0.4,2.7,656.0,7.868831192351351,4.6110149048712685,5.029225642855515,Green
IITK,2026-01-16 13:00:00,-55.99164279764372,4.0,653.0,3.3,-63.86047398999507,7.868831192351351,-56.66151759837432,2.6,3.3,608.0,-59.85143002756299,5.8,2.7,604.0,-68.96248581817662,2.3,2.7,612.0,12.345969990032444,3.8081481108998574,7.186156716677175,Green
IITK,2026-01-16 14:00:00,-45.91050382293621,-2.3,656.0,3.3,-58.25647381296865,12.345969990032444,-55.99164279764372,4.0,3.3,653.0,-56.66151759837432,2.6,3.3,608.0,-59.85143002756299,5.8,2.7,604.0,4.6110149048712685,0.0139799728162941,5.35463140945383,Green
IITK,2026-01-16 15:00:00,-51.71556529313775,-2.1,657.0,5.0,-56.32658019800902,4.6110149048712685,-45.91050382293621,-2.3,3.3,656.0,-55.99164279764372,4.0,3.3,653.0,-56.66151759837432,2.6,3.3,608.0,3.8081481108998574,5.029225642855515,8.180064565468243,Green
IITK,2026-01-16 16:00:00,-50.04545593449088,3.6,663.0,5.0,-53.85360404539074,3.8081481108998574,-51.71556529313775,-2.1,5.0,657.0,-45.91050382293621,-2.3,3.3,656.0,-55.99164279764372,4.0,3.3,653.0,0.0139799728162941,7.186156716677175,10.6708657324593,Green
IITK,2026-01-16 17:00:00,-51.68760534750516,-3.1,686.0,5.0,-51.701585320321456,0.0139799728162941,-50.04545593449088,3.6,5.0,663.0,-51.71556529313775,-2.1,5.0,657.0,-45.91050382293621,-2.3,3.3,656.0,5.029225642855515,5.35463140945383,8.620531176725713,Green
IITK,2026-01-16 18:00:00,-45.83730499814251,2.1,672.0,4.0,-50.86653064099802,5.029225642855515,-51.68760534750516,-3.1,5.0,686.0,-50.04545593449088,3.6,5.0,663.0,-51.71556529313775,-2.1,5.0,657.0,7.186156716677175,8.180064565468243,3.42894694103299,Green
IITK,2026-01-16 19:00:00,-40.791823162036366,1.9,695.0,4.0,-47.97797987871354,7.186156716677175,-45.83730499814251,2.1,4.0,672.0,-51.68760534750516,-3.1,5.0,686.0,-50.04545593449088,3.6,5.0,663.0,5.35463140945383,10.6708657324593,-16.134007841539173,Green
IITK,2026-01-16 20:00:00,-42.586749056862864,1.8,690.0,4.0,-47.94138046631669,5.35463140945383,-40.791823162036366,1.9,4.0,695.0,-45.83730499814251,2.1,4.0,672.0,-51.68760534750516,-3.1,5.0,686.0,8.180064565468243,8.620531176725713,-29.612524765343707,Green
IITK,2026-01-16 21:00:00,-36.03196246203444,0.9,680.0,4.7,-44.212027027502685,8.180064565468243,-42.586749056862864,1.8,4.0,690.0,-40.791823162036366,1.9,4.0,695.0,-45.83730499814251,2.1,4.0,672.0,10.6708657324593,3.42894694103299,-26.77573288144226,Green
IITK,2026-01-16 22:00:00,-31.01842037699031,-0.0,691.0,4.7,-41.68928610944961,10.6708657324593,-36.03196246203444,0.9,4.7,680.0,-42.586749056862864,1.8,4.0,690.0,-40.791823162036366,1.9,4.0,695.0,8.620531176725713,-16.134007841539173,-16.600635106855954,Green
IITK,2026-01-16 23:00:00,-29.79136163530969,3.5,671.0,4.7,-38.41189281203541,8.620531176725713,-31.01842037699031,-0.0,4.7,691.0,-36.03196246203444,0.9,4.7,680.0,-42.586749056862864,1.8,4.0,690.0,3.42894694103299,-29.612524765343707,-11.635841795681928,Green
IITK,2026-01-17 00:00:00,-30.096244478479385,-0.1,674.0,5.0,-33.525191419512375,3.42894694103299,-29.79136163530969,3.5,4.7,671.0,-31.01842037699031,-0.0,4.7,691.0,-36.03196246203444,0.9,4.7,680.0,-16.134007841539173,-26.77573288144226,-2.269341296984265,Green
IITK,2026-01-17 01:00:00,-49.65919926105155,-1.2,679.0,5.0,-33.525191419512375,-16.134007841539173,-30.096244478479385,-0.1,5.0,674.0,-29.79136163530969,3.5,4.7,671.0,-31.01842037699031,-0.0,4.7,691.0,-29.612524765343707,-16.600635106855954,7.674809249043413,Red
IITK,2026-01-17 02:00:00,-63.13771618485608,-2.0,690.0,5.0,-33.525191419512375,-29.612524765343707,-49.65919926105155,-1.2,5.0,679.0,-30.096244478479385,-0.1,5.0,674.0,-29.79136163530969,3.5,4.7,671.0,-26.77573288144226,-11.635841795681928,7.600619588733053,Red
IITK,2026-01-17 03:00:00,-67.11454270046319,1.5,739.0,3.3,-40.33880981902093,-26.77573288144226,-63.13771618485608,-2.0,5.0,690.0,-49.65919926105155,-1.2,5.0,679.0,-30.096244478479385,-0.1,5.0,674.0,-16.600635106855954,-2.269341296984265,-14.597890858395957,Green
IITK,2026-01-17 04:00:00,-72.99909282980977,0.7,741.0,3.3,-56.398457722953815,-16.600635106855954,-67.11454270046319,1.5,3.3,739.0,-63.13771618485608,-2.0,5.0,690.0,-49.65919926105155,-1.2,5.0,679.0,-11.635841795681928,7.674809249043413,-2.1205153869572517,Green
IITK,2026-01-17 05:00:00,-76.76197123834156,2.5,732.0,3.3,-65.12612944265963,-11.635841795681928,-72.99909282980977,0.7,3.3,741.0,-67.11454270046319,1.5,3.3,739.0,-63.13771618485608,-2.0,5.0,690.0,-2.269341296984265,7.600619588733053,-8.324754430188818,Green
IITK,2026-01-17 06:00:00,-71.65322529443173,1.9,717.0,4.0,-69.38388399744747,-2.269341296984265,-76.76197123834156,2.5,3.3,732.0,-72.99909282980977,0.7,3.3,741.0,-67.11454270046319,1.5,3.3,739.0,7.674809249043413,-14.597890858395957,3.619764309169284,Green
IITK,2026-01-17 07:00:00,-61.709074748404056,-0.2,733.0,4.0,-69.38388399744747,7.674809249043413,-71.65322529443173,1.9,4.0,717.0,-76.76197123834156,2.5,3.3,732.0,-72.99909282980977,0.7,3.3,741.0,7.600619588733053,-2.1205153869572517,7.691345612113764,Green
IITK,2026-01-17 08:00:00,-61.783264408714416,-0.3,702.0,4.0,-69.38388399744747,7.600619588733053,-61.709074748404056,-0.2,4.0,733.0,-71.65322529443173,1.9,4.0,717.0,-76.76197123834156,2.5,3.3,732.0,-14.597890858395957,-8.324754430188818,16.221400846629543,Green
IITK,2026-01-17 09:00:00,-86.92404992051671,0.9,709.0,3.0,-72.32615906212075,-14.597890858395957,-61.783264408714416,-0.3,4.0,702.0,-61.709074748404056,-0.2,4.0,733.0,-71.65322529443173,1.9,4.0,717.0,-2.1205153869572517,3.619764309169284,12.375152934696269,Green
IITK,2026-01-17 10:00:00,-75.89425606834624,-0.0,693.0,3.0,-73.77374068138899,-2.1205153869572517,-86.92404992051671,0.9,3.0,709.0,-61.783264408714416,-0.3,4.0,702.0,-61.709074748404056,-0.2,4.0,733.0,-8.324754430188818,7.691345612113764,0.5178881568442435,Green
IITK,2026-01-17 11:00:00,-82.0984951115778,-0.8,692.0,3.0,-73.77374068138899,-8.324754430188818,-75.89425606834624,-0.0,3.0,693.0,-86.92404992051671,0.9,3.0,709.0,-61.783264408714416,-0.3,4.0,702.0,3.619764309169284,16.221400846629543,1.1569042694484324,Green
IITK,2026-01-17 12:00:00,-68.65472745000767,-0.8,708.0,3.0,-72.27449175917695,3.619764309169284,-82.0984951115778,-0.8,3.0,692.0,-75.89425606834624,-0.0,3.0,693.0,-86.92404992051671,0.9,3.0,709.0,7.691345612113764,12.375152934696269,0.8740544925361604,Green
IITK,2026-01-17 13:00:00,-64.58314614706319,0.3,678.0,3.0,-72.27449175917695,7.691345612113764,-68.65472745000767,-0.8,3.0,708.0,-82.0984951115778,-0.8,3.0,692.0,-75.89425606834624,-0.0,3.0,693.0,16.221400846629543,0.5178881568442435,-2.19103753424325,Green
IITK,2026-01-17 14:00:00,-56.05309091254741,0.9,673.0,3.0,-72.27449175917695,16.221400846629543,-64.58314614706319,0.3,3.0,678.0,-68.65472745000767,-0.8,3.0,708.0,-82.0984951115778,-0.8,3.0,692.0,12.375152934696269,1.1569042694484324,0.8917153945455851,Green
IITK,2026-01-17 15:00:00,-54.24378386383916,2.5,705.0,3.7,-66.61893679853543,12.375152934696269,-56.05309091254741,0.9,3.0,673.0,-64.58314614706319,0.3,3.0,678.0,-68.65472745000767,-0.8,3.0,708.0,0.5178881568442435,0.8740544925361604,1.1787528325757606,Green
IITK,2026-01-17 16:00:00,-63.54736983337471,0.4,700.0,3.7,-64.06525799021895,0.5178881568442435,-54.24378386383916,2.5,3.7,705.0,-56.05309091254741,0.9,3.0,673.0,-64.58314614706319,0.3,3.0,678.0,1.1569042694484324,-2.19103753424325,0.7394975087486557,Green
IITK,2026-01-17 17:00:00,-61.23356129447784,-0.5,694.0,3.7,-62.39046556392627,1.1569042694484324,-63.54736983337471,0.4,3.7,700.0,-54.24378386383916,2.5,3.7,705.0,-56.05309091254741,0.9,3.0,673.0,0.8740544925361604,0.8917153945455851,1.5919505949547457,Green
IITK,2026-01-17 18:00:00,-59.48545230940552,1.3,699.0,4.0,-60.35950680194168,0.8740544925361604,-61.23356129447784,-0.5,3.7,694.0,-63.54736983337471,0.4,3.7,700.0,-54.24378386383916,2.5,3.7,705.0,-2.19103753424325,1.1787528325757606,26.187045963414462,Green
IITK,2026-01-17 19:00:00,-62.55054433618493,0.5,705.0,4.0,-60.35950680194168,-2.19103753424325,-59.48545230940552,1.3,4.0,699.0,-61.23356129447784,-0.5,3.7,694.0,-63.54736983337471,0.4,3.7,700.0,0.8917153945455851,0.7394975087486557,14.538870034142406,Green
IITK,2026-01-17 20:00:00,-59.46779140739609,1.3,696.0,4.0,-60.35950680194168,0.8917153945455851,-62.55054433618493,0.5,4.0,705.0,-59.48545230940552,1.3,4.0,699.0,-61.23356129447784,-0.5,3.7,694.0,1.1787528325757606,1.5919505949547457,-1.700708523544101,Green
IITK,2026-01-17 21:00:00,-59.18075396936592,-0.6,688.0,3.7,-60.35950680194168,1.1787528325757606,-59.46779140739609,1.3,4.0,696.0,-62.55054433618493,0.5,4.0,705.0,-59.48545230940552,1.3,4.0,699.0,0.7394975087486557,26.187045963414462,-2.3539488687360617,Green
IITK,2026-01-17 22:00:00,-58.73712434965215,-2.5,708.0,3.7,-59.4766218584008,0.7394975087486557,-59.18075396936592,-0.6,3.7,688.0,-59.46779140739609,1.3,4.0,696.0,-62.55054433618493,0.5,4.0,705.0,1.5919505949547457,14.538870034142406,-4.658632083081692,Green
IITK,2026-01-17 23:00:00,-57.732322093426255,0.4,690.0,3.7,-59.324272688381,1.5919505949547457,-58.73712434965215,-2.5,3.7,708.0,-59.18075396936592,-0.6,3.7,688.0,-59.46779140739609,1.3,4.0,696.0,26.187045963414462,-1.700708523544101,-6.2178093210645855,Yellow
IITK,2026-01-19 00:00:00,-32.77189319609457,-2.7,469.0,3.3,-58.95893915950903,26.187045963414462,-57.732322093426255,0.4,3.7,690.0,-58.73712434965215,-2.5,3.7,708.0,-59.18075396936592,-0.6,3.7,688.0,14.538870034142406,-2.3539488687360617,-2.340149414418036,Green
IITK,2026-01-19 01:00:00,-43.69585318739679,-1.2,460.0,3.3,-58.2347232215392,14.538870034142406,-32.77189319609457,-2.7,3.3,469.0,-57.732322093426255,0.4,3.7,690.0,-58.73712434965215,-2.5,3.7,708.0,-1.700708523544101,-4.658632083081692,-5.649629512782255,Green
IITK,2026-01-19 02:00:00,-59.9354317450833,1.7,471.0,3.3,-58.2347232215392,-1.700708523544101,-43.69585318739679,-1.2,3.3,460.0,-32.77189319609457,-2.7,3.3,469.0,-57.732322093426255,0.4,3.7,690.0,-2.3539488687360617,-6.2178093210645855,-8.793364913833173,Green
IITK,2026-01-19 03:00:00,-60.58867209027526,1.0,462.0,0.7,-58.2347232215392,-2.3539488687360617,-59.9354317450833,1.7,3.3,471.0,-43.69585318739679,-1.2,3.3,460.0,-32.77189319609457,-2.7,3.3,469.0,-4.658632083081692,-2.340149414418036,-20.756152512532,Green
IITK,2026-01-19 04:00:00,-63.49250900233647,-1.4,443.0,0.7,-58.83387691925478,-4.658632083081692,-60.58867209027526,1.0,0.7,462.0,-59.9354317450833,1.7,3.3,471.0,-43.69585318739679,-1.2,3.3,460.0,-6.2178093210645855,-5.649629512782255,-11.240743797295991,Green
IITK,2026-01-19 05:00:00,-66.47986123874387,0.5,433.0,0.7,-60.26205191767928,-6.2178093210645855,-63.49250900233647,-1.4,0.7,443.0,-60.58867209027526,1.0,0.7,462.0,-59.9354317450833,1.7,3.3,471.0,-2.340149414418036,-8.793364913833173,-17.50601651598643,Green
IITK,2026-01-19 06:00:00,-64.3807399607239,0.3,430.0,0.3,-62.04059054630586,-2.340149414418036,-66.47986123874387,0.5,0.7,433.0,-63.49250900233647,-1.4,0.7,443.0,-60.58867209027526,1.0,0.7,462.0,-5.649629512782255,-20.756152512532,0.2639436088647642,Green
IITK,2026-01-19 07:00:00,-69.58625399431244,2.4,430.0,0.3,-63.93662448153019,-5.649629512782255,-64.3807399607239,0.3,0.3,430.0,-66.47986123874387,0.5,0.7,433.0,-63.49250900233647,-1.4,0.7,443.0,-8.793364913833173,-11.240743797295991,21.738196198109662,Green
IITK,2026-01-19 08:00:00,-74.22366551356706,1.4,423.0,0.3,-65.43030059973388,-8.793364913833173,-69.58625399431244,2.4,0.3,430.0,-64.3807399607239,0.3,0.3,430.0,-66.47986123874387,0.5,0.7,433.0,-20.756152512532,-17.50601651598643,18.684249917265007,Yellow
IITK,2026-01-19 09:00:00,-88.78921012906015,-0.0,418.0,1.0,-68.03305761652815,-20.756152512532,-74.22366551356706,1.4,0.3,423.0,-69.58625399431244,2.4,0.3,430.0,-64.3807399607239,0.3,0.3,430.0,-11.240743797295991,0.2639436088647642,24.893114360552893,Green
IITK,2026-01-19 10:00:00,-83.14570355123574,-0.6,415.0,1.0,-71.90495975393975,-11.240743797295991,-88.78921012906015,-0.0,1.0,418.0,-74.22366551356706,1.4,0.3,423.0,-69.58625399431244,2.4,0.3,430.0,-17.50601651598643,21.738196198109662,7.349971264223292,Green
IITK,2026-01-19 11:00:00,-96.19070104838784,-0.7,430.0,1.0,-78.6846845324014,-17.50601651598643,-83.14570355123574,-0.6,1.0,415.0,-88.78921012906015,-0.0,1.0,418.0,-74.22366551356706,1.4,0.3,423.0,0.2639436088647642,18.684249917265007,19.65501564155103,Green
IITK,2026-01-19 12:00:00,-82.61781633350621,1.1,429.0,1.3,-82.88175994237098,0.2639436088647642,-96.19070104838784,-0.7,1.0,430.0,-83.14570355123574,-0.6,1.0,415.0,-88.78921012906015,-0.0,1.0,418.0,21.738196198109662,24.893114360552893,12.716964563484488,Yellow
IITK,2026-01-19 13:00:00,-61.143563744261314,0.2,426.0,1.3,-82.88175994237098,21.738196198109662,-82.61781633350621,1.1,1.3,429.0,-96.19070104838784,-0.7,1.0,430.0,-83.14570355123574,-0.6,1.0,415.0,18.684249917265007,7.349971264223292,3.628176395263708,Yellow
IITK,2026-01-19 14:00:00,-64.19751002510597,-1.9,421.0,1.3,-82.88175994237098,18.684249917265007,-61.143563744261314,0.2,1.3,426.0,-82.61781633350621,1.1,1.3,429.0,-96.19070104838784,-0.7,1.0,430.0,24.893114360552893,19.65501564155103,3.684286076935109,Yellow
IITK,2026-01-19 15:00:00,-48.514548818753205,-2.7,423.0,3.0,-73.4076631793061,24.893114360552893,-64.19751002510597,-1.9,1.3,421.0,-61.143563744261314,0.2,1.3,426.0,-82.61781633350621,1.1,1.3,429.0,7.349971264223292,12.716964563484488,3.857451616767335,Green
IITK,2026-01-19 16:00:00,-55.32056562046035,-1.7,419.0,3.0,-62.67053688468364,7.349971264223292,-48.514548818753205,-2.7,3.0,423.0,-64.19751002510597,-1.9,1.3,421.0,-61.143563744261314,0.2,1.3,426.0,19.65501564155103,3.628176395263708,0.0941596290402628,Yellow
IITK,2026-01-19 17:00:00,-38.5770490408098,-3.8,431.0,3.0,-58.23206468236083,19.65501564155103,-55.32056562046035,-1.7,3.0,419.0,-48.514548818753205,-2.7,3.0,423.0,-64.19751002510597,-1.9,1.3,421.0,12.716964563484488,3.684286076935109,0.7449756719128331,Green
IITK,2026-01-19 18:00:00,-39.20059265612229,-1.0,441.0,8.3,-51.91755721960678,12.716964563484488,-38.5770490408098,-3.8,3.0,431.0,-55.32056562046035,-1.7,3.0,419.0,-48.514548818753205,-2.7,3.0,423.0,3.628176395263708,3.857451616767335,0.0125895680103198,Green
IITK,2026-01-19 19:00:00,-41.25819602822578,-5.4,739.0,8.3,-44.88637242348949,3.628176395263708,-39.20059265612229,-1.0,8.3,441.0,-38.5770490408098,-3.8,3.0,431.0,-55.32056562046035,-1.7,3.0,419.0,3.684286076935109,0.0941596290402628,-18.51537056308991,Green
IITK,2026-01-19 20:00:00,-36.54510826523892,-5.7,1108.0,8.3,-40.22939434217403,3.684286076935109,-41.25819602822578,-5.4,8.3,739.0,-39.20059265612229,-1.0,8.3,441.0,-38.5770490408098,-3.8,3.0,431.0,3.857451616767335,0.7449756719128331,-44.96059970090724,Green
IITK,2026-01-19 21:00:00,-35.031369231698704,-21.8,1121.0,8.7,-38.88882084846604,3.857451616767335,-36.54510826523892,-5.7,8.3,1108.0,-41.25819602822578,-5.4,8.3,739.0,-39.20059265612229,-1.0,8.3,441.0,0.0941596290402628,0.0125895680103198,-55.90426443244132,Green
IITK,2026-01-19 22:00:00,-38.38872978272927,58.3,1084.0,8.7,-38.482889411769534,0.0941596290402628,-35.031369231698704,-21.8,8.7,1121.0,-36.54510826523892,-5.7,8.3,1108.0,-41.25819602822578,-5.4,8.3,739.0,0.7449756719128331,-18.51537056308991,-36.47875166363828,Green
IITK,2026-01-19 23:00:00,-36.89877843890361,58.9,1074.0,8.7,-37.643754110816445,0.7449756719128331,-38.38872978272927,58.3,8.7,1084.0,-35.031369231698704,-21.8,8.7,1121.0,-36.54510826523892,-5.7,8.3,1108.0,0.0125895680103198,-44.96059970090724,-26.74774790367853,Green
IITK,2026-01-20 00:00:00,-36.87359930288297,52.7,1054.0,6.7,-36.88618887089329,0.0125895680103198,-36.89877843890361,58.9,8.7,1074.0,-38.38872978272927,58.3,8.7,1084.0,-35.031369231698704,-21.8,8.7,1121.0,-18.51537056308991,-55.90426443244132,-22.998443497030195,Yellow
IITK,2026-01-20 01:00:00,-55.4015594339832,36.9,1034.0,6.7,-36.88618887089329,-18.51537056308991,-36.87359930288297,52.7,6.7,1054.0,-36.89877843890361,58.9,8.7,1074.0,-38.38872978272927,58.3,8.7,1084.0,-44.96059970090724,-36.47875166363828,-20.46557750011098,Red
IITK,2026-01-20 02:00:00,-82.60435381172368,22.4,964.0,6.7,-37.643754110816445,-44.96059970090724,-55.4015594339832,36.9,6.7,1034.0,-36.87359930288297,52.7,6.7,1054.0,-36.89877843890361,58.9,8.7,1074.0,-55.90426443244132,-26.74774790367853,-29.813479993398172,Red
IITK,2026-01-20 03:00:00,-102.79940904079756,10.1,923.0,5.7,-46.89514460835623,-55.90426443244132,-82.60435381172368,22.4,6.7,964.0,-55.4015594339832,36.9,6.7,1034.0,-36.87359930288297,52.7,6.7,1054.0,-36.47875166363828,-22.998443497030195,-43.41402799333133,Red
IITK,2026-01-20 04:00:00,-105.48170828649172,1.1,917.0,5.7,-69.00295662285345,-36.47875166363828,-102.79940904079756,10.1,5.7,923.0,-82.60435381172368,22.4,6.7,964.0,-55.4015594339832,36.9,6.7,1034.0,-26.74774790367853,-20.46557750011098,-26.59505019680924,Red
IITK,2026-01-20 05:00:00,-119.44962932993916,-3.5,909.0,5.7,-92.70188142626064,-26.74774790367853,-105.48170828649172,1.1,5.7,917.0,-102.79940904079756,10.1,5.7,923.0,-82.60435381172368,22.4,6.7,964.0,-22.998443497030195,-29.813479993398172,-13.305107690802146,Yellow
IITK,2026-01-20 06:00:00,-127.13900216067483,-18.0,959.0,7.3,-104.14055866364464,-22.998443497030195,-119.44962932993916,-3.5,5.7,909.0,-105.48170828649172,1.1,5.7,917.0,-102.79940904079756,10.1,5.7,923.0,-20.46557750011098,-43.41402799333133,15.67825651216009,Yellow
IITK,2026-01-20 07:00:00,-132.93124630832642,-19.3,969.0,7.3,-112.46566880821544,-20.46557750011098,-127.13900216067483,-18.0,7.3,959.0,-119.44962932993916,-3.5,5.7,909.0,-105.48170828649172,1.1,5.7,917.0,-29.813479993398172,-26.59505019680924,52.97673626556947,Red
IITK,2026-01-20 08:00:00,-153.10779573870516,-18.1,954.0,7.3,-123.294315745307,-29.813479993398172,-132.93124630832642,-19.3,7.3,969.0,-127.13900216067483,-18.0,7.3,959.0,-119.44962932993916,-3.5,5.7,909.0,-43.41402799333133,-13.305107690802146,61.50305308092861,Red
IITK,2026-01-20 09:00:00,-173.44915222783197,-16.3,951.0,7.7,-130.03512423450064,-43.41402799333133,-153.10779573870516,-18.1,7.3,954.0,-132.93124630832642,-19.3,7.3,969.0,-127.13900216067483,-18.0,7.3,959.0,-26.59505019680924,15.67825651216009,46.29653690811704,Yellow
IITK,2026-01-20 10:00:00,-169.61457122032502,-14.5,951.0,7.7,-143.01952102351578,-26.59505019680924,-173.44915222783197,-16.3,7.7,951.0,-153.10779573870516,-18.1,7.3,954.0,-132.93124630832642,-19.3,7.3,969.0,-13.305107690802146,52.97673626556947,14.595284197410107,Green
IITK,2026-01-20 11:00:00,-174.66629117031724,-8.6,948.0,7.7,-161.3611834795151,-13.305107690802146,-169.61457122032502,-14.5,7.7,951.0,-173.44915222783197,-16.3,7.7,951.0,-153.10779573870516,-18.1,7.3,954.0,15.67825651216009,61.50305308092861,12.606087311104574,Green
IITK,2026-01-20 12:00:00,-145.682926967355,-3.8,951.0,7.3,-161.3611834795151,15.67825651216009,-174.66629117031724,-8.6,7.7,948.0,-169.61457122032502,-14.5,7.7,951.0,-173.44915222783197,-16.3,7.7,951.0,52.97673626556947,46.29653690811704,11.959365256739048,Red
IITK,2026-01-20 13:00:00,-108.38444721394562,-8.2,924.0,7.3,-161.3611834795151,52.97673626556947,-145.682926967355,-3.8,7.3,951.0,-174.66629117031724,-8.6,7.7,948.0,-169.61457122032502,-14.5,7.7,951.0,61.50305308092861,14.595284197410107,8.43566450515739,Red
IITK,2026-01-20 14:00:00,-96.14569601291142,-9.4,906.0,7.3,-157.64874909384002,61.50305308092861,-108.38444721394562,-8.2,7.3,924.0,-145.682926967355,-3.8,7.3,951.0,-174.66629117031724,-8.6,7.7,948.0,46.29653690811704,12.606087311104574,10.558360875354635,Red
IITK,2026-01-20 15:00:00,-80.73715018253328,-7.9,882.0,7.3,-127.03368709065032,46.29653690811704,-96.14569601291142,-9.4,7.3,906.0,-108.38444721394562,-8.2,7.3,924.0,-145.682926967355,-3.8,7.3,951.0,14.595284197410107,11.959365256739048,8.722673559054243,Green
IITK,2026-01-20 16:00:00,-87.66978741601841,-5.1,867.0,7.3,-102.26507161342852,14.595284197410107,-80.73715018253328,-7.9,7.3,882.0,-96.14569601291142,-9.4,7.3,906.0,-108.38444721394562,-8.2,7.3,924.0,12.606087311104574,8.43566450515739,7.730342984514152,Green
IITK,2026-01-20 17:00:00,-79.30165440336035,-4.3,862.0,7.3,-91.90774171446492,12.606087311104574,-87.66978741601841,-5.1,7.3,867.0,-80.73715018253328,-7.9,7.3,882.0,-96.14569601291142,-9.4,7.3,906.0,11.959365256739048,10.558360875354635,4.460869414317827,Green
IITK,2026-01-20 18:00:00,-72.24410354253679,-13.4,850.0,7.3,-84.20346879927584,11.959365256739048,-79.30165440336035,-4.3,7.3,862.0,-87.66978741601841,-5.1,7.3,867.0,-80.73715018253328,-7.9,7.3,882.0,8.43566450515739,8.722673559054243,1.025692562505462,Green
IITK,2026-01-20 19:00:00,-71.58373778778942,-11.1,850.0,7.3,-80.01940229294681,8.43566450515739,-72.24410354253679,-13.4,7.3,850.0,-79.30165440336035,-4.3,7.3,862.0,-87.66978741601841,-5.1,7.3,867.0,10.558360875354635,7.730342984514152,-13.389396034764864,Green
IITK,2026-01-20 20:00:00,-65.21451809759394,-10.5,837.0,7.3,-75.77287897294858,10.558360875354635,-71.58373778778942,-11.1,7.3,850.0,-72.24410354253679,-13.4,7.3,850.0,-79.30165440336035,-4.3,7.3,862.0,8.722673559054243,4.460869414317827,-29.497883976757542,Green
IITK,2026-01-20 21:00:00,-63.19124710610886,-12.9,843.0,7.7,-71.9139206651631,8.722673559054243,-65.21451809759394,-10.5,7.3,837.0,-71.58373778778942,-11.1,7.3,850.0,-72.24410354253679,-13.4,7.3,850.0,7.730342984514152,1.025692562505462,-37.43019672005491,Green
IITK,2026-01-20 22:00:00,-60.668784958177525,-11.4,817.0,7.7,-68.39912794269168,7.730342984514152,-63.19124710610886,-12.9,7.7,843.0,-65.21451809759394,-10.5,7.3,837.0,-71.58373778778942,-11.1,7.3,850.0,4.460869414317827,-13.389396034764864,-27.509237844755845,Green
IITK,2026-01-20 23:00:00,-59.74201318753357,-8.6,796.0,7.7,-64.2028826018514,4.460869414317827,-60.668784958177525,-11.4,7.7,817.0,-63.19124710610886,-12.9,7.7,843.0,-65.21451809759394,-10.5,7.3,837.0,1.025692562505462,-29.497883976757542,-22.94999851941365,Green
IITK,2026-01-21 00:00:00,-61.13986198109794,-4.0,782.0,7.3,-62.1655545436034,1.025692562505462,-59.74201318753357,-8.6,7.7,796.0,-60.668784958177525,-11.4,7.7,817.0,-63.19124710610886,-12.9,7.7,843.0,-13.389396034764864,-37.43019672005491,-18.012416597138454,Green
IITK,2026-01-21 01:00:00,-75.55495057836826,-3.3,771.0,7.3,-62.1655545436034,-13.389396034764864,-61.13986198109794,-4.0,7.3,782.0,-59.74201318753357,-8.6,7.7,796.0,-60.668784958177525,-11.4,7.7,817.0,-29.497883976757542,-27.509237844755845,-2.9407272211958717,Red
IITK,2026-01-21 02:00:00,-91.66343852036094,5.3,758.0,7.3,-62.1655545436034,-29.497883976757542,-75.55495057836826,-3.3,7.3,771.0,-61.13986198109794,-4.0,7.3,782.0,-59.74201318753357,-8.6,7.7,796.0,-37.43019672005491,-22.94999851941365,11.003964957617413,Red
IITK,2026-01-21 03:00:00,-105.777602999788,-2.1,770.0,6.7,-68.3474062797331,-37.43019672005491,-91.66343852036094,5.3,7.3,758.0,-75.55495057836826,-3.3,7.3,771.0,-61.13986198109794,-4.0,7.3,782.0,-27.509237844755845,-18.012416597138454,7.449271799254205,Red
IITK,2026-01-21 04:00:00,-111.11843239412045,-5.4,778.0,6.7,-83.6091945493646,-27.509237844755845,-105.777602999788,-2.1,6.7,770.0,-91.66343852036094,5.3,7.3,758.0,-75.55495057836826,-3.3,7.3,771.0,-22.94999851941365,-2.9407272211958717,17.541242941085173,Yellow
IITK,2026-01-21 05:00:00,-121.67051927948812,-3.1,747.0,6.7,-98.72052076007446,-22.94999851941365,-111.11843239412045,-5.4,6.7,778.0,-105.777602999788,-2.1,6.7,770.0,-91.66343852036094,5.3,7.3,758.0,-18.012416597138454,11.003964957617413,-2.5534264677773137,Yellow
IITK,2026-01-21 06:00:00,-126.46043429409268,-5.7,736.0,7.0,-108.44801769695422,-18.012416597138454,-121.67051927948812,-3.1,6.7,747.0,-111.11843239412045,-5.4,6.7,778.0,-105.777602999788,-2.1,6.7,770.0,-2.9407272211958717,7.449271799254205,1.1463160663959542,Green
IITK,2026-01-21 07:00:00,-116.9998868365122,-5.4,725.0,7.0,-114.05915961531632,-2.9407272211958717,-126.46043429409268,-5.7,7.0,736.0,-121.67051927948812,-3.1,6.7,747.0,-111.11843239412045,-5.4,6.7,778.0,11.003964957617413,17.541242941085173,15.429744021347489,Green
IITK,2026-01-21 08:00:00,-103.05519465769892,-6.0,713.0,7.0,-114.05915961531632,11.003964957617413,-116.9998868365122,-5.4,7.0,725.0,-126.46043429409268,-5.7,7.0,736.0,-121.67051927948812,-3.1,6.7,747.0,7.449271799254205,-2.5534264677773137,26.64092295296344,Green
IITK,2026-01-21 09:00:00,-106.60988781606213,-5.9,704.0,6.3,-114.05915961531632,7.449271799254205,-103.05519465769892,-6.0,7.0,713.0,-116.9998868365122,-5.4,7.0,725.0,-126.46043429409268,-5.7,7.0,736.0,17.541242941085173,1.1463160663959542,20.38722145016662,Green
IITK,2026-01-21 10:00:00,-94.263644385202,-0.8,657.0,6.3,-111.80488732628716,17.541242941085173,-106.60988781606213,-5.9,6.3,704.0,-103.05519465769892,-6.0,7.0,713.0,-116.9998868365122,-5.4,7.0,725.0,-2.5534264677773137,15.429744021347489,7.259037856765005,Green
IITK,2026-01-21 11:00:00,-111.71674075161675,-2.6,648.0,6.3,-109.16331428383944,-2.5534264677773137,-94.263644385202,-0.8,6.3,657.0,-106.60988781606213,-5.9,6.3,704.0,-103.05519465769892,-6.0,7.0,713.0,1.1463160663959542,26.64092295296344,5.213612041684186,Green
IITK,2026-01-21 12:00:00,-104.3172556832702,1.2,641.0,4.3,-105.46357174966616,1.1463160663959542,-111.71674075161675,-2.6,6.3,648.0,-94.263644385202,-0.8,6.3,657.0,-106.60988781606213,-5.9,6.3,704.0,15.429744021347489,20.38722145016662,5.0282247204018375,Green
IITK,2026-01-21 13:00:00,-88.25648114913707,-1.0,636.0,4.3,-103.68622517048456,15.429744021347489,-104.3172556832702,1.2,4.3,641.0,-111.71674075161675,-2.6,6.3,648.0,-94.263644385202,-0.8,6.3,657.0,26.64092295296344,7.259037856765005,1.953774697811653,Red
IITK,2026-01-21 14:00:00,-72.64952708127267,-2.0,631.0,4.3,-99.2904500342361,26.64092295296344,-88.25648114913707,-1.0,4.3,636.0,-104.3172556832702,1.2,4.3,641.0,-111.71674075161675,-2.6,6.3,648.0,20.38722145016662,5.213612041684186,5.837159725304311,Yellow
IITK,2026-01-21 15:00:00,-70.87284131700291,0.8,626.0,4.0,-91.26006276716952,20.38722145016662,-72.64952708127267,-2.0,4.3,631.0,-88.25648114913707,-1.0,4.3,636.0,-104.3172556832702,1.2,4.3,641.0,7.259037856765005,5.0282247204018375,6.969902370733564,Green
IITK,2026-01-21 16:00:00,-73.73840543560705,0.2,622.0,4.0,-80.99744329237205,7.259037856765005,-70.87284131700291,0.8,4.0,626.0,-72.64952708127267,-2.0,4.3,631.0,-88.25648114913707,-1.0,4.3,636.0,5.213612041684186,1.953774697811653,5.27453641651686,Green
IITK,2026-01-21 17:00:00,-67.98035421675567,-1.4,597.0,4.0,-73.19396625843986,5.213612041684186,-73.73840543560705,0.2,4.0,622.0,-70.87284131700291,0.8,4.0,626.0,-72.64952708127267,-2.0,4.3,631.0,5.0282247204018375,5.837159725304311,3.436829638813947,Green
IITK,2026-01-21 18:00:00,-66.73295947873595,-0.3,588.0,3.3,-71.76118419913779,5.0282247204018375,-67.98035421675567,-1.4,4.0,597.0,-73.73840543560705,0.2,4.0,622.0,-70.87284131700291,0.8,4.0,626.0,1.953774697811653,6.969902370733564,,Green
IITK,2026-01-21 19:00:00,-67.47282306906764,1.2,584.0,3.3,-69.4265977668793,1.953774697811653,-66.73295947873595,-0.3,3.3,588.0,-67.98035421675567,-1.4,4.0,597.0,-73.73840543560705,0.2,4.0,622.0,5.837159725304311,5.27453641651686,,Green
IITK,2026-01-21 20:00:00,-61.88942891760734,0.0,585.0,3.3,-67.72658864291165,5.837159725304311,-67.47282306906764,1.2,3.3,584.0,-66.73295947873595,-0.3,3.3,588.0,-67.98035421675567,-1.4,4.0,597.0,6.969902370733564,3.436829638813947,,Green
IITK,2026-01-21 21:00:00,-60.13298890316824,0.5,579.0,2.7,-67.1028912739018,6.969902370733564,-61.88942891760734,0.0,3.3,585.0,-67.47282306906764,1.2,3.3,584.0,-66.73295947873595,-0.3,3.3,588.0,5.27453641651686,,,Green
IITK,2026-01-21 22:00:00,-59.03665778165479,0.3,585.0,2.7,-64.31119419817165,5.27453641651686,-60.13298890316824,0.5,2.7,579.0,-61.88942891760734,0.0,3.3,585.0,-67.47282306906764,1.2,3.3,584.0,3.436829638813947,,,Green
