time,TEC,station
2026-01-15 00:00:00,13.260863093231988,IISC
2026-01-15 00:00:30,11.918593396137826,IISC
2026-01-15 00:01:00,10.822776689359609,IISC
2026-01-15 00:01:30,10.398623693391064,IISC
2026-01-15 00:02:00,13.088451781132186,IISC
2026-01-15 00:02:30,8.703069449803598,IISC
2026-01-15 00:03:00,6.45326041504713,IISC
2026-01-15 00:03:30,9.206552801779559,IISC
2026-01-15 00:04:00,14.508888332527599,IISC
2026-01-15 00:04:30,15.436101591844144,IISC
2026-01-15 00:05:00,10.714887392895536,IISC
2026-01-15 00:05:30,13.01652558742985,IISC
2026-01-15 00:06:00,9.765038546214647,IISC
2026-01-15 00:06:30,10.053801053429932,IISC
2026-01-15 00:07:00,11.085095748512805,IISC
2026-01-15 00:07:30,8.814131943485519,IISC
2026-01-15 00:08:00,8.88076945151582,IISC
2026-01-15 00:08:30,7.98803846210596,IISC
2026-01-15 00:09:00,7.942555720406099,IISC
2026-01-15 00:09:30,10.287561180007234,IISC
2026-01-15 00:10:00,11.54415408725447,IISC
2026-01-15 00:10:30,10.012549264996158,IISC
2026-01-15 00:11:00,9.843311161935347,IISC
2026-01-15 00:11:30,9.586280800275333,IISC
2026-01-15 00:12:00,11.488093970270151,IISC
2026-01-15 00:12:30,12.767957128361626,IISC
2026-01-15 00:13:00,13.31798095838378,IISC
2026-01-15 00:13:30,9.255208748578031,IISC
2026-01-15 00:14:00,7.96371048279615,IISC
2026-01-15 00:14:30,8.550755140105231,IISC
2026-01-15 00:15:00,9.748114725269538,IISC
2026-01-15 00:15:30,10.441990958457882,IISC
2026-01-15 00:16:00,8.947406955605736,IISC
2026-01-15 00:16:30,9.091259343010401,IISC
2026-01-15 00:17:00,8.596237885745474,IISC
2026-01-15 00:17:30,8.330745617553283,IISC
2026-01-15 00:18:00,6.023818733406549,IISC
2026-01-15 00:18:30,10.808602984491108,IISC
2026-01-15 00:19:00,11.990942690289264,IISC
2026-01-15 00:19:30,7.711863031203348,IISC
2026-01-15 00:20:00,9.599608294394667,IISC
2026-01-15 00:20:30,8.85707612031842,IISC
2026-01-15 00:21:00,9.701468464131796,IISC
2026-01-15 00:21:30,10.654384766312987,IISC
2026-01-15 00:22:00,10.205057600381412,IISC
2026-01-15 00:22:30,12.573333297823533,IISC
2026-01-15 00:23:00,13.655399424218688,IISC
2026-01-15 00:23:30,10.22409688101593,IISC
2026-01-15 00:24:00,12.151295798189942,IISC
2026-01-15 00:24:30,10.66094274860388,IISC
2026-01-15 00:25:00,10.72292620213091,IISC
2026-01-15 00:25:30,9.396839892807712,IISC
2026-01-15 00:26:00,7.1483001412728004,IISC
2026-01-15 00:26:30,7.528133905128408,IISC
2026-01-15 00:27:00,10.256463675471686,IISC
2026-01-15 00:27:30,11.216043720181109,IISC
2026-01-15 00:28:00,11.582549981248537,IISC
2026-01-15 00:28:30,12.691588437670287,IISC
2026-01-15 00:29:00,13.44840007370006,IISC
2026-01-15 00:29:30,17.056344875570062,IISC
2026-01-15 00:30:00,19.247660991470852,IISC
2026-01-15 00:30:30,18.30627403950099,IISC
2026-01-15 00:31:00,15.6169748164852,IISC
2026-01-15 00:31:30,11.90788379740696,IISC
2026-01-15 00:32:00,11.821017053677865,IISC
2026-01-15 00:32:30,14.893481923240484,IISC
2026-01-15 00:33:00,15.262368103499362,IISC
2026-01-15 00:33:30,17.627999462735414,IISC
2026-01-15 00:34:00,16.399965467869617,IISC
2026-01-15 00:34:30,15.10410402783798,IISC
2026-01-15 00:35:00,12.21727220622735,IISC
2026-01-15 00:35:30,14.55196471970514,IISC
2026-01-15 00:36:00,17.135357917175206,IISC
2026-01-15 00:36:30,13.308461313042539,IISC
2026-01-15 00:37:00,14.801685363745666,IISC
2026-01-15 00:37:30,9.787383257561395,IISC
2026-01-15 00:38:00,11.759139366594269,IISC
2026-01-15 00:38:30,12.82890928136575,IISC
2026-01-15 00:39:00,12.70515392936321,IISC
2026-01-15 00:39:30,11.641333785972774,IISC
2026-01-15 00:40:00,15.840686429266631,IISC
2026-01-15 00:40:30,16.708333922974514,IISC
2026-01-15 00:41:00,13.192865645225634,IISC
2026-01-15 00:41:30,7.904873803469783,IISC
2026-01-15 00:42:00,14.392510695087058,IISC
2026-01-15 00:42:30,10.732207849208992,IISC
2026-01-15 00:43:00,8.94846469490735,IISC
2026-01-15 00:43:30,10.08130224128619,IISC
2026-01-15 00:44:00,11.340275073044387,IISC
2026-01-15 00:44:30,11.822207007067487,IISC
2026-01-15 00:45:00,11.140362557819351,IISC
2026-01-15 00:45:30,10.961869239070948,IISC
2026-01-15 00:46:00,10.44423864129817,IISC
2026-01-15 00:46:30,11.566366593871619,IISC
2026-01-15 00:47:00,11.489019494991217,IISC
2026-01-15 00:47:30,14.673340173794292,IISC
2026-01-15 00:48:00,11.778971954118482,IISC
2026-01-15 00:48:30,5.116279399684625,IISC
2026-01-15 00:49:00,3.3361061065369446,IISC
2026-01-15 00:49:30,-0.7213774136563865,IISC
2026-01-15 00:50:00,4.925886526352998,IISC
2026-01-15 00:50:30,0.9826387285824905,IISC
2026-01-15 00:51:00,5.100413334787751,IISC
2026-01-15 00:51:30,5.410330600452711,IISC
2026-01-15 00:52:00,6.164497907831845,IISC
2026-01-15 00:52:30,3.763432315484863,IISC
2026-01-15 00:53:00,4.575378549589956,IISC
2026-01-15 00:53:30,4.082737017328537,IISC
2026-01-15 00:54:00,5.1346575957922465,IISC
2026-01-15 00:54:30,1.93566080794466,IISC
2026-01-15 00:55:00,9.45617899325373,IISC
2026-01-15 00:55:30,10.569977261263771,IISC
2026-01-15 00:56:00,11.393955273891052,IISC
2026-01-15 00:56:30,11.556846962814257,IISC
2026-01-15 00:57:00,9.722729009613396,IISC
2026-01-15 00:57:30,5.867273478322856,IISC
2026-01-15 00:58:00,5.720247881879195,IISC
2026-01-15 00:58:30,6.416239572983775,IISC
2026-01-15 00:59:00,6.912450992011637,IISC
2026-01-15 00:59:30,5.624919230140282,IISC
2026-01-15 01:00:00,6.388870596260237,IISC
2026-01-15 01:00:30,8.383235864025234,IISC
2026-01-15 01:01:00,5.760574147069552,IISC
2026-01-15 01:01:30,6.858902983088329,IISC
2026-01-15 01:02:00,4.866917626535508,IISC
2026-01-15 01:02:30,4.910945981744263,IISC
2026-01-15 01:03:00,7.114743405150056,IISC
2026-01-15 01:03:30,3.4246916669033514,IISC
2026-01-15 01:04:00,5.567801365481035,IISC
2026-01-15 01:04:30,7.789448125194601,IISC
2026-01-15 01:05:00,5.984285761117536,IISC
2026-01-15 01:05:30,11.48884949848346,IISC
2026-01-15 01:06:00,9.971146362926374,IISC
2026-01-15 01:06:30,10.228176735844624,IISC
2026-01-15 01:07:00,12.771281434149278,IISC
2026-01-15 01:07:30,14.46033815671807,IISC
2026-01-15 01:08:00,13.06367048793411,IISC
2026-01-15 01:08:30,12.081787286439111,IISC
2026-01-15 01:09:00,9.829711674923471,IISC
2026-01-15 01:09:30,12.469372758313673,IISC
2026-01-15 01:10:00,13.180626109448044,IISC
2026-01-15 01:10:30,13.339740150549753,IISC
2026-01-15 01:11:00,11.918593395012007,IISC
2026-01-15 01:11:30,11.65068343811337,IISC
2026-01-15 01:12:00,14.068672829451904,IISC
2026-01-15 01:12:30,12.84743859800505,IISC
2026-01-15 01:13:00,13.489334539203456,IISC
2026-01-15 01:13:30,11.584045931771806,IISC
2026-01-15 01:14:00,11.411332408161515,IISC
2026-01-15 01:14:30,5.998735223631783,IISC
2026-01-15 01:15:00,4.617026994219812,IISC
2026-01-15 01:15:30,9.622999407045182,IISC
2026-01-15 01:16:00,12.466652849653064,IISC
2026-01-15 01:16:30,9.928987948404805,IISC
2026-01-15 01:17:00,11.086304582170706,IISC
2026-01-15 01:17:30,14.108111350511482,IISC
2026-01-15 01:18:00,6.503276311954073,IISC
2026-01-15 01:18:30,6.391760487496535,IISC
2026-01-15 01:19:00,6.442078602668906,IISC
2026-01-15 01:19:30,5.711785971969552,IISC
2026-01-15 01:20:00,5.760744140410924,IISC
2026-01-15 01:20:30,10.13162035582528,IISC
2026-01-15 01:21:00,10.184658369525852,IISC
2026-01-15 01:21:30,7.50147889955206,IISC
2026-01-15 01:22:00,4.037688709037568,IISC
2026-01-15 01:22:30,4.305598655803792,IISC
2026-01-15 01:23:00,5.212684675637454,IISC
2026-01-15 01:23:30,1.4442658854281318,IISC
2026-01-15 01:24:00,0.9206855023422452,IISC
2026-01-15 01:24:30,5.015492065273373,IISC
2026-01-15 01:25:00,2.956529218862619,IISC
2026-01-15 01:25:30,2.1120008550451197,IISC
2026-01-15 01:26:00,6.389040594034541,IISC
2026-01-15 01:26:30,9.722275700791338,IISC
2026-01-15 01:27:00,9.765794056977697,IISC
2026-01-15 01:27:30,5.027958263061298,IISC
2026-01-15 01:28:00,2.6575670740126855,IISC
2026-01-15 01:28:30,1.9071018596072362,IISC
2026-01-15 01:29:00,0.16500715373510358,IISC
2026-01-15 01:29:30,-0.9789366494001402,IISC
2026-01-15 01:30:00,-0.5156473495116266,IISC
2026-01-15 01:30:30,-0.2681366070878261,IISC
2026-01-15 01:31:00,-0.4141044829466831,IISC
2026-01-15 01:31:30,-0.09202321580567545,IISC
2026-01-15 01:32:00,-0.15548750297583544,IISC
2026-01-15 01:32:30,2.0340304398581295,IISC
2026-01-15 01:33:00,3.6698224951596927,IISC
2026-01-15 01:33:30,-3.0760347385973446,IISC
2026-01-15 01:34:00,-6.267495151036942,IISC
2026-01-15 01:34:30,-7.155201882458227,IISC
2026-01-15 01:35:00,-6.274634875807606,IISC
2026-01-15 01:35:30,-1.9669962954743883,IISC
2026-01-15 01:36:00,0.6235366356321984,IISC
2026-01-15 01:36:30,-2.369201223837845,IISC
2026-01-15 01:37:00,-4.687234363263344,IISC
2026-01-15 01:37:30,-2.0967014365896866,IISC
2026-01-15 01:38:00,-3.5103684572428246,IISC
2026-01-15 01:38:30,-4.75030199930363,IISC
2026-01-15 01:39:00,-5.29054175580853,IISC
2026-01-15 01:39:30,-3.143862197061978,IISC
2026-01-15 01:40:00,-8.598617795480006,IISC
2026-01-15 01:40:30,-6.741267395174929,IISC
2026-01-15 01:41:00,-4.433433876496726,IISC
2026-01-15 01:41:30,-4.671424949585172,IISC
2026-01-15 01:42:00,-4.792460436623122,IISC
2026-01-15 01:42:30,-3.5712261798452425,IISC
2026-01-15 01:43:00,-2.4084697388905334,IISC
2026-01-15 01:43:30,-2.8178144192555052,IISC
2026-01-15 01:44:00,-4.501431319436876,IISC
2026-01-15 01:44:30,-6.161589113177525,IISC
2026-01-15 01:45:00,-7.104033811344669,IISC
2026-01-15 01:45:30,-6.516195835029221,IISC
2026-01-15 01:46:00,2.166908801833565,IISC
2026-01-15 01:46:30,-8.089316889166296,IISC
2026-01-15 01:47:00,-12.296659229637175,IISC
2026-01-15 01:47:30,-7.8564256042868506,IISC
2026-01-15 01:48:00,-4.497351484310091,IISC
2026-01-15 01:48:30,-3.1510019306985,IISC
2026-01-15 01:49:00,-1.1015587164709284,IISC
2026-01-15 01:49:30,-2.824614152910489,IISC
2026-01-15 01:50:00,-2.407109807358151,IISC
2026-01-15 01:50:30,-4.7707012433313265,IISC
2026-01-15 01:51:00,-5.449995775993678,IISC
2026-01-15 01:51:30,-7.430081589784418,IISC
2026-01-15 01:52:00,-8.43440395287051,IISC
2026-01-15 01:52:30,-5.842681068374299,IISC
2026-01-15 01:53:00,-8.910386116497664,IISC
2026-01-15 01:53:30,-10.946532042839792,IISC
2026-01-15 01:54:00,-11.571126410976449,IISC
2026-01-15 01:54:30,-9.44919793060968,IISC
2026-01-15 01:55:00,-10.046079561552116,IISC
2026-01-15 01:55:30,-5.6895734766106365,IISC
2026-01-15 01:56:00,-9.498488514093456,IISC
2026-01-15 01:56:30,-10.448337372595487,IISC
2026-01-15 01:57:00,-7.468689029471603,IISC
2026-01-15 01:57:30,-0.6346428874631292,IISC
2026-01-15 01:58:00,-5.082299557990279,IISC
2026-01-15 01:58:30,-3.636503729323398,IISC
2026-01-15 01:59:00,-6.907030075997521,IISC
2026-01-15 01:59:30,-8.961157551750325,IISC
2026-01-15 02:00:00,-8.513734316758686,IISC
2026-01-15 02:00:30,-8.664990870408815,IISC
2026-01-15 02:01:00,-7.277767294369932,IISC
2026-01-15 02:01:30,-8.328327920403165,IISC
2026-01-15 02:02:00,-7.972021279069787,IISC
2026-01-15 02:02:30,-10.290734396926991,IISC
2026-01-15 02:03:00,-9.99919532441437,IISC
2026-01-15 02:03:30,-8.741412450478723,IISC
2026-01-15 02:04:00,-6.174678622628017,IISC
2026-01-15 02:04:30,-3.184320674370146,IISC
2026-01-15 02:05:00,-9.674337481632525,IISC
2026-01-15 02:05:30,-10.57513374023602,IISC
2026-01-15 02:06:00,-8.418934532207842,IISC
2026-01-15 02:06:30,-7.315165893433185,IISC
2026-01-15 02:07:00,-7.758509277536514,IISC
2026-01-15 02:07:30,-10.24449612194761,IISC
2026-01-15 02:08:00,-12.794400579238275,IISC
2026-01-15 02:08:30,-10.590603152032825,IISC
2026-01-15 02:09:00,-7.933432724717085,IISC
2026-01-15 02:09:30,-4.296928986527829,IISC
2026-01-15 02:10:00,-8.189273142345884,IISC
2026-01-15 02:10:30,-20.041705003632973,IISC
2026-01-15 02:11:00,-16.51753307288515,IISC
2026-01-15 02:11:30,-15.410398563164865,IISC
2026-01-15 02:12:00,-16.46993485573436,IISC
2026-01-15 02:12:30,-17.63513919725852,IISC
2026-01-15 02:13:00,-16.25383894426654,IISC
2026-01-15 02:13:30,-13.404609718035093,IISC
2026-01-15 02:14:00,-12.916252017089727,IISC
2026-01-15 02:14:30,-14.786121497412315,IISC
2026-01-15 02:15:00,-17.57326150751517,IISC
2026-01-15 02:15:30,-12.551649674353001,IISC
2026-01-15 02:16:00,-14.975350862733166,IISC
2026-01-15 02:16:30,-16.45946324462762,IISC
2026-01-15 02:17:00,-17.857898847708224,IISC
2026-01-15 02:17:30,-22.047493856249467,IISC
2026-01-15 02:18:00,-19.918266977755334,IISC
2026-01-15 02:18:30,-20.50531165082594,IISC
2026-01-15 02:19:00,-15.793088209244994,IISC
2026-01-15 02:19:30,-11.763899197884477,IISC
2026-01-15 02:20:00,-15.45038106266353,IISC
2026-01-15 02:20:30,-17.38167869438824,IISC
2026-01-15 02:21:00,-17.57326150928834,IISC
2026-01-15 02:21:30,-15.675282634534067,IISC
2026-01-15 02:22:00,-16.74743245608479,IISC
2026-01-15 02:22:30,-15.462280614291469,IISC
2026-01-15 02:23:00,-16.265897155952395,IISC
2026-01-15 02:23:30,-16.685819206535616,IISC
2026-01-15 02:24:00,-15.762413807916817,IISC
2026-01-15 02:24:30,-16.95977338520036,IISC
2026-01-15 02:25:00,-19.265642544821908,IISC
2026-01-15 02:25:30,-16.47427158263508,IISC
2026-01-15 02:26:00,-16.382248362889026,IISC
2026-01-15 02:26:30,-18.195211530057538,IISC
2026-01-15 02:27:00,-21.116684287444826,IISC
2026-01-15 02:27:30,-17.225265661273312,IISC
2026-01-15 02:28:00,-18.52522584146813,IISC
2026-01-15 02:28:30,-17.44950615679325,IISC
2026-01-15 02:29:00,-16.07444655809558,IISC
2026-01-15 02:29:30,-18.40781689424479,IISC
2026-01-15 02:30:00,-17.36911804079722,IISC
2026-01-15 02:30:30,-21.106106912160378,IISC
2026-01-15 02:31:00,-24.00497051623357,IISC
2026-01-15 02:31:30,-21.70835655998592,IISC
2026-01-15 02:32:00,-18.302704182779955,IISC
2026-01-15 02:32:30,-16.54514003408051,IISC
2026-01-15 02:33:00,-14.619792182602701,IISC
2026-01-15 02:33:30,-16.064398049014102,IISC
2026-01-15 02:34:00,-18.729898163355987,IISC
2026-01-15 02:34:30,-21.408487809313012,IISC
2026-01-15 02:35:00,-23.40285306377922,IISC
2026-01-15 02:35:30,-21.072920381591636,IISC
2026-01-15 02:36:00,-21.106239129696213,IISC
2026-01-15 02:36:30,-22.936390554851712,IISC
2026-01-15 02:37:00,-12.87055772789543,IISC
2026-01-15 02:37:30,-13.62804933881057,IISC
2026-01-15 02:38:00,-14.148909828434464,IISC
2026-01-15 02:38:30,-16.91776607418239,IISC
2026-01-15 02:39:00,-19.274557751169556,IISC
2026-01-15 02:39:30,-15.874685158336018,IISC
2026-01-15 02:40:00,-19.566946799888182,IISC
2026-01-15 02:40:30,-19.59142589170818,IISC
2026-01-15 02:41:00,-17.722855906807904,IISC
2026-01-15 02:41:30,-16.483942332394655,IISC
2026-01-15 02:42:00,-19.2106401534886,IISC
2026-01-15 02:42:30,-19.53294808095121,IISC
2026-01-15 02:43:00,-20.017089932845114,IISC
2026-01-15 02:43:30,-18.29403450653796,IISC
2026-01-15 02:44:00,-20.12316597037866,IISC
2026-01-15 02:44:30,-16.916406127451392,IISC
2026-01-15 02:45:00,-13.498854176452847,IISC
2026-01-15 02:45:30,-14.116271030897463,IISC
2026-01-15 02:46:00,-10.12482061203789,IISC
2026-01-15 02:46:30,-16.59681809851698,IISC
2026-01-15 02:47:00,-14.633051675262157,IISC
2026-01-15 02:47:30,-15.66797290059014,IISC
2026-01-15 02:48:00,-18.857053410683424,IISC
2026-01-15 02:48:30,-20.442753989180662,IISC
2026-01-15 02:49:00,-18.298114341664746,IISC
2026-01-15 02:49:30,-18.893772038281003,IISC
2026-01-15 02:50:00,-20.026609575160705,IISC
2026-01-15 02:50:30,-19.86613559746041,IISC
2026-01-15 02:51:00,-17.828931939275247,IISC
2026-01-15 02:51:30,-17.201995422250217,IISC
2026-01-15 02:52:00,-17.917328608511376,IISC
2026-01-15 02:52:30,-19.724700899325097,IISC
2026-01-15 02:53:00,-18.57418399921418,IISC
2026-01-15 02:53:30,-16.961284435434955,IISC
2026-01-15 02:54:00,-17.799013040266445,IISC
2026-01-15 02:54:30,-21.46271577513665,IISC
2026-01-15 02:55:00,-18.2137975075554,IISC
2026-01-15 02:55:30,-13.814362355061855,IISC
2026-01-15 02:56:00,-17.974446472537345,IISC
2026-01-15 02:56:30,-20.444113930845454,IISC
2026-01-15 02:57:00,-20.774581558958864,IISC
2026-01-15 02:57:30,-17.673897743432736,IISC
2026-01-15 02:58:00,-21.29000224139395,IISC
2026-01-15 02:58:30,-23.55703729228158,IISC
2026-01-15 02:59:00,-21.72110608465349,IISC
2026-01-15 02:59:30,-20.2129226015444,IISC
2026-01-15 03:00:00,-19.94773253810776,IISC
2026-01-15 03:00:30,-19.212000095153392,IISC
2026-01-15 03:01:00,-17.37062911073372,IISC
2026-01-15 03:01:30,-16.815769892040446,IISC
2026-01-15 03:02:00,-19.902854214925583,IISC
2026-01-15 03:02:30,-24.076537825042067,IISC
2026-01-15 03:03:00,-22.749227561127867,IISC
2026-01-15 03:03:30,-20.794980785254843,IISC
2026-01-15 03:04:00,-20.93913538698456,IISC
2026-01-15 03:04:30,-18.3892309398263,IISC
2026-01-15 03:05:00,-21.065780643522185,IISC
2026-01-15 03:05:30,-18.24915618842199,IISC
2026-01-15 03:06:00,-18.291314608009763,IISC
2026-01-15 03:06:30,-19.459510830822257,IISC
2026-01-15 03:07:00,-18.553784767852,IISC
2026-01-15 03:07:30,-20.01980984150572,IISC
2026-01-15 03:08:00,-17.718776056482504,IISC
2026-01-15 03:08:30,-17.374708945860508,IISC
2026-01-15 03:09:00,-17.3815086896479,IISC
2026-01-15 03:09:30,-19.71654118854189,IISC
2026-01-15 03:10:00,-22.23924666561677,IISC
2026-01-15 03:10:30,-20.614107566059953,IISC
2026-01-15 03:11:00,-21.288642294662953,IISC
2026-01-15 03:11:30,-24.019419961016098,IISC
2026-01-15 03:12:00,-21.744225219610076,IISC
2026-01-15 03:12:30,-20.664425676166122,IISC
2026-01-15 03:13:00,-20.722903486923087,IISC
2026-01-15 03:13:30,-21.35255991260873,IISC
2026-01-15 03:14:00,-21.200245605162003,IISC
2026-01-15 03:14:30,-20.480832553376832,IISC
2026-01-15 03:15:00,-18.172999039764832,IISC
2026-01-15 03:15:30,-18.797215632930637,IISC
2026-01-15 03:16:00,-21.91965864681477,IISC
2026-01-15 03:16:30,-21.02617212468831,IISC
2026-01-15 03:17:00,-19.97901137371515,IISC
2026-01-15 03:17:30,-20.5447501713226,IISC
2026-01-15 03:18:00,-18.669380442634935,IISC
2026-01-15 03:18:30,-20.812660128221236,IISC
2026-01-15 03:19:00,-20.788181046533655,IISC
2026-01-15 03:19:30,-19.37791389524111,IISC
2026-01-15 03:20:00,-20.611387667531755,IISC
2026-01-15 03:20:30,-20.259160861325167,IISC
2026-01-15 03:21:00,-21.57967138145197,IISC
2026-01-15 03:21:30,-24.232931957483164,IISC
2026-01-15 03:22:00,-26.286455011903723,IISC
2026-01-15 03:22:30,-21.887019864476382,IISC
2026-01-15 03:23:00,-22.244686472805576,IISC
2026-01-15 03:23:30,-23.044336503308493,IISC
2026-01-15 03:24:00,-22.043414007049893,IISC
2026-01-15 03:24:30,-23.728390874227077,IISC
2026-01-15 03:25:00,-24.683075110704916,IISC
2026-01-15 03:25:30,-27.332255836410702,IISC
2026-01-15 03:26:00,-27.79599845187622,IISC
2026-01-15 03:26:30,-25.75471493829945,IISC
2026-01-15 03:27:00,-23.314966353669117,IISC
2026-01-15 03:27:30,-22.93418062558195,IISC
2026-01-15 03:28:00,-24.08605747749007,IISC
2026-01-15 03:28:30,-22.637711741736535,IISC
2026-01-15 03:29:00,-22.293644636180748,IISC
2026-01-15 03:29:30,-22.326283408386722,IISC
2026-01-15 03:30:00,-24.782351374053835,IISC
2026-01-15 03:30:30,-22.202528053217804,IISC
2026-01-15 03:31:00,-23.125933449022046,IISC
2026-01-15 03:31:30,-25.580641462891958,IISC
2026-01-15 03:32:00,-25.64183916711092,IISC
2026-01-15 03:32:30,-24.347167690601307,IISC
2026-01-15 03:33:00,-25.03258199305228,IISC
2026-01-15 03:33:30,-24.734753152343462,IISC
2026-01-15 03:34:00,-24.292769720037334,IISC
2026-01-15 03:34:30,-23.361204628648498,IISC
2026-01-15 03:35:00,-24.503561817976202,IISC
2026-01-15 03:35:30,-24.790511074704636,IISC
2026-01-15 03:36:00,-25.707116726721484,IISC
2026-01-15 03:36:30,-25.0149026652845,IISC
2026-01-15 03:37:00,-23.649513821975518,IISC
2026-01-15 03:37:30,-26.145020318834618,IISC
2026-01-15 03:38:00,-29.56257225463455,IISC
2026-01-15 03:38:30,-26.827714732889802,IISC
2026-01-15 03:39:00,-27.660003545731097,IISC
2026-01-15 03:39:30,-27.14594281002701,IISC
2026-01-15 03:40:00,-25.730235856611866,IISC
2026-01-15 03:40:30,-23.645433976716326,IISC
2026-01-15 03:41:00,-24.24653146025657,IISC
2026-01-15 03:41:30,-24.517161305550992,IISC
2026-01-15 03:42:00,-24.586518700288345,IISC
2026-01-15 03:42:30,-27.326816024155693,IISC
2026-01-15 03:43:00,-24.364847018369087,IISC
2026-01-15 03:43:30,-24.26285084129335,IISC
2026-01-15 03:44:00,-26.810035405122026,IISC
2026-01-15 03:44:30,-29.139628101893408,IISC
2026-01-15 03:45:00,-32.10023716601522,IISC
2026-01-15 03:45:30,-29.954237576834515,IISC
2026-01-15 03:46:00,-29.150507701072407,IISC
2026-01-15 03:46:30,-29.41433780257944,IISC
2026-01-15 03:47:00,-29.504094443877584,IISC
2026-01-15 03:47:30,-26.368051957617276,IISC
2026-01-15 03:48:00,-28.25702117387974,IISC
2026-01-15 03:48:30,-30.064393449494844,IISC
2026-01-15 03:49:00,-35.675543206318274,IISC
2026-01-15 03:49:30,-32.87291487662395,IISC
2026-01-15 03:50:00,-39.84514694584453,IISC
2026-01-15 03:50:30,-36.01145061122326,IISC
2026-01-15 03:51:00,-33.144678038725,IISC
2026-01-15 03:51:30,-32.31918896460489,IISC
2026-01-15 03:52:00,-31.187711364323775,IISC
2026-01-15 03:52:30,-30.238466929968546,IISC
2026-01-15 03:53:00,-30.29014499693812,IISC
2026-01-15 03:53:30,-33.90216965470635,IISC
2026-01-15 03:54:00,-36.50511211556516,IISC
2026-01-15 03:54:30,-38.00649585488686,IISC
2026-01-15 03:55:00,-35.1043645913896,IISC
2026-01-15 03:55:30,-36.22632255442132,IISC
2026-01-15 03:56:00,-33.69137755676747,IISC
2026-01-15 03:56:30,-35.69730238441145,IISC
2026-01-15 03:57:00,-40.28441049988728,IISC
2026-01-15 03:57:30,-39.85602655008974,IISC
2026-01-15 03:58:00,-37.13884836624518,IISC
2026-01-15 03:58:30,-36.98517411713367,IISC
2026-01-15 03:59:00,-38.953020380581485,IISC
2026-01-15 03:59:30,-38.142490776230595,IISC
2026-01-15 04:00:00,-36.89813738449613,IISC
2026-01-15 04:00:30,-36.64382691010608,IISC
2026-01-15 04:01:00,-37.68418793755666,IISC
2026-01-15 04:01:30,-34.92349138232712,IISC
2026-01-15 04:02:00,-34.602543401595504,IISC
2026-01-15 04:02:30,-35.71362177558064,IISC
2026-01-15 04:03:00,-38.9285413039601,IISC
2026-01-15 04:03:30,-37.44619685940201,IISC
2026-01-15 04:04:00,-35.819697792849375,IISC
2026-01-15 04:04:30,-38.85510405383114,IISC
2026-01-15 04:05:00,-35.70954192018904,IISC
2026-01-15 04:05:30,-34.12792118695099,IISC
2026-01-15 04:06:00,-38.94078084480389,IISC
2026-01-15 04:06:30,-38.49063770678076,IISC
2026-01-15 04:07:00,-34.714059236185456,IISC
2026-01-15 04:07:30,-36.14744551736838,IISC
2026-01-15 04:08:00,-36.81110065185858,IISC
2026-01-15 04:08:30,-35.93393352090131,IISC
2026-01-15 04:09:00,-38.593993840719904,IISC
2026-01-15 04:09:30,-39.4167630061794,IISC
2026-01-15 04:10:00,-41.97346720725746,IISC
2026-01-15 04:10:30,-39.79618879766798,IISC
2026-01-15 04:11:00,-36.33647843721407,IISC
2026-01-15 04:11:30,-35.814258000859176,IISC
2026-01-15 04:12:00,-37.719546608290834,IISC
2026-01-15 04:12:30,-39.801628584591974,IISC
2026-01-15 04:13:00,-41.40500851112181,IISC
2026-01-15 04:13:30,-40.05729901584543,IISC
2026-01-15 04:14:00,-38.380481839186636,IISC
2026-01-15 04:14:30,-38.19688872652976,IISC
2026-01-15 04:15:00,-36.70910446971664,IISC
2026-01-15 04:15:30,-36.1311261312654,IISC
2026-01-15 04:16:00,-36.32695878476607,IISC
2026-01-15 04:16:30,-37.69098767627785,IISC
2026-01-15 04:17:00,-39.66835357697505,IISC
2026-01-15 04:17:30,-37.53051368844515,IISC
2026-01-15 04:18:00,-36.47383327995778,IISC
2026-01-15 04:18:30,-33.32011146592969,IISC
2026-01-15 04:19:00,-36.27256082940071,IISC
2026-01-15 04:19:30,-37.56451241751453,IISC
2026-01-15 04:20:00,-39.46844106808277,IISC
2026-01-15 04:20:30,-38.00921574834884,IISC
2026-01-15 04:21:00,-43.78202943562892,IISC
2026-01-15 04:21:30,-43.94386337145917,IISC
2026-01-15 04:22:00,-45.680008323681975,IISC
2026-01-15 04:22:30,-46.308304772872674,IISC
2026-01-15 04:23:00,-49.7948741401584,IISC
2026-01-15 04:23:30,-43.921254217159984,IISC
2026-01-15 04:24:00,-45.08741052050925,IISC
2026-01-15 04:24:30,-45.10287995003778,IISC
2026-01-15 04:25:00,-42.289825353839895,IISC
2026-01-15 04:25:30,-40.99158399816316,IISC
2026-01-15 04:26:00,-40.249051824086905,IISC
2026-01-15 04:26:30,-40.06460873839039,IISC
2026-01-15 04:27:00,-40.570339784535236,IISC
2026-01-15 04:27:30,-41.53182375910098,IISC
2026-01-15 04:28:00,-40.611988228531814,IISC
2026-01-15 04:28:30,-47.564897688985766,IISC
2026-01-15 04:29:00,-46.4522893945598,IISC
2026-01-15 04:29:30,-41.38069941264319,IISC
2026-01-15 04:30:00,-41.98757668752188,IISC
2026-01-15 04:30:30,-43.87127610386897,IISC
2026-01-15 04:31:00,-46.51178714383364,IISC
2026-01-15 04:31:30,-43.13231378109573,IISC
2026-01-15 04:32:00,-44.100937489298005,IISC
2026-01-15 04:32:30,-38.85323413087567,IISC
2026-01-15 04:33:00,-38.74137831720229,IISC
2026-01-15 04:33:30,-41.11295944781938,IISC
2026-01-15 04:34:00,-42.96453007388445,IISC
2026-01-15 04:34:30,-42.93835105941639,IISC
2026-01-15 04:35:00,-45.72760653019374,IISC
2026-01-15 04:35:30,-47.518489418131914,IISC
2026-01-15 04:36:00,-47.316197004993484,IISC
2026-01-15 04:36:30,-43.009748364751104,IISC
2026-01-15 04:37:00,-42.90265238680085,IISC
2026-01-15 04:37:30,-46.28331571179424,IISC
2026-01-15 04:38:00,-41.60203112877779,IISC
2026-01-15 04:38:30,-40.70837461710961,IISC
2026-01-15 04:39:00,-46.371372408912954,IISC
2026-01-15 04:39:30,-45.238534862534124,IISC
2026-01-15 04:40:00,-42.49211777584418,IISC
2026-01-15 04:40:30,-45.94536838172654,IISC
2026-01-15 04:41:00,-42.60397357621878,IISC
2026-01-15 04:41:30,-42.06373381528095,IISC
2026-01-15 04:42:00,-42.75906443742314,IISC
2026-01-15 04:42:30,-44.706360356998594,IISC
2026-01-15 04:43:00,-47.32426227073928,IISC
2026-01-15 04:43:30,-43.12927278515966,IISC
2026-01-15 04:44:00,-42.36029715711074,IISC
2026-01-15 04:44:30,-44.120373424214705,IISC
2026-01-15 04:45:00,-43.238219817970055,IISC
2026-01-15 04:45:30,-45.23190510702189,IISC
2026-01-15 04:46:00,-40.07497834361321,IISC
2026-01-15 04:46:30,-38.03097492644203,IISC
2026-01-15 04:47:00,-41.95034807736708,IISC
2026-01-15 04:47:30,-46.6414922938148,IISC
2026-01-15 04:48:00,-45.41821813467214,IISC
2026-01-15 04:48:30,-45.03029265585001,IISC
2026-01-15 04:49:00,-45.22306543743852,IISC
2026-01-15 04:49:30,-40.7440732751598,IISC
2026-01-15 04:50:00,-40.12529645878557,IISC
2026-01-15 04:50:30,-38.9149418113191,IISC
2026-01-15 04:51:00,-39.40860332072721,IISC
2026-01-15 04:51:30,-44.218743078785366,IISC
2026-01-15 04:52:00,-42.17677958677689,IISC
2026-01-15 04:52:30,-41.29264271552447,IISC
2026-01-15 04:53:00,-43.44289213887282,IISC
2026-01-15 04:53:30,-39.35964515228584,IISC
2026-01-15 04:54:00,-38.86870354647213,IISC
2026-01-15 04:54:30,-38.89046273469773,IISC
2026-01-15 04:55:00,-35.65650391155467,IISC
2026-01-15 04:55:30,-33.34595048928207,IISC
2026-01-15 04:56:00,-38.67423082957005,IISC
2026-01-15 04:56:30,-40.053219170586225,IISC
2026-01-15 04:57:00,-42.00202614940286,IISC
2026-01-15 04:57:30,-40.49792249635435,IISC
2026-01-15 04:58:00,-41.45260672269978,IISC
2026-01-15 04:58:30,-40.23001253945572,IISC
2026-01-15 04:59:00,-39.74315077890121,IISC
2026-01-15 04:59:30,-41.730036326980205,IISC
2026-01-15 05:00:00,-38.893182638292124,IISC
2026-01-15 05:00:30,-39.962102567358464,IISC
2026-01-15 05:01:00,-39.56363751150352,IISC
2026-01-15 05:01:30,-45.04831199943121,IISC
2026-01-15 05:02:00,-50.44186987399873,IISC
2026-01-15 05:02:30,-47.25958913302387,IISC
2026-01-15 05:03:00,-44.474413485974345,IISC
2026-01-15 05:03:30,-41.71643684447162,IISC
2026-01-15 05:04:00,-42.4195304949552,IISC
2026-01-15 05:04:30,-41.59948122295769,IISC
2026-01-15 05:05:00,-41.19149649945613,IISC
2026-01-15 05:05:30,-36.78934145350058,IISC
2026-01-15 05:06:00,-34.73717836100963,IISC
2026-01-15 05:06:30,-35.213160522385145,IISC
2026-01-15 05:07:00,-39.375964543455034,IISC
2026-01-15 05:07:30,-40.0668186429624,IISC
2026-01-15 05:08:00,-37.59171139773031,IISC
2026-01-15 05:08:30,-40.60008866803801,IISC
2026-01-15 05:09:00,-41.945928239092375,IISC
2026-01-15 05:09:30,-43.4262327603876,IISC
2026-01-15 05:10:00,-40.984444268959564,IISC
2026-01-15 05:10:30,-40.050329262251495,IISC
2026-01-15 05:11:00,-42.2517467877439,IISC
2026-01-15 05:11:30,-43.64280465409785,IISC
2026-01-15 05:12:00,-40.2640112583927,IISC
2026-01-15 05:12:30,-40.643437044815066,IISC
2026-01-15 05:13:00,-43.11582440165137,IISC
2026-01-15 05:13:30,-42.71327948533862,IISC
2026-01-15 05:14:00,-43.7927390294343,IISC
2026-01-15 05:14:30,-40.70242484129563,IISC
2026-01-15 05:15:00,-41.02847261086953,IISC
2026-01-15 05:15:30,-41.32358156128273,IISC
2026-01-15 05:16:00,-39.92895382146113,IISC
2026-01-15 05:16:30,-39.638604697905194,IISC
2026-01-15 05:17:00,-39.21974039992238,IISC
2026-01-15 05:17:30,-38.18328922882255,IISC
2026-01-15 05:18:00,-42.08515302505637,IISC
2026-01-15 05:18:30,-41.67461840966677,IISC
2026-01-15 05:19:00,-43.83676738907599,IISC
2026-01-15 05:19:30,-42.99903877981158,IISC
2026-01-15 05:20:00,-40.728603846897826,IISC
2026-01-15 05:20:30,-36.05207908630574,IISC
2026-01-15 05:21:00,-37.946488109757,IISC
2026-01-15 05:21:30,-41.615120638228284,IISC
2026-01-15 05:22:00,-39.95989266278646,IISC
2026-01-15 05:22:30,-41.750775550724626,IISC
2026-01-15 05:23:00,-39.70167233394549,IISC
2026-01-15 05:23:30,-38.06072382134377,IISC
2026-01-15 05:24:00,-37.88818028284227,IISC
2026-01-15 05:24:30,-38.344065417470425,IISC
2026-01-15 05:25:00,-39.61229346393111,IISC
2026-01-15 05:25:30,-41.78594533201725,IISC
2026-01-15 05:26:00,-40.10837264966161,IISC
2026-01-15 05:26:30,-39.67787322379394,IISC
2026-01-15 05:27:00,-40.25962921513289,IISC
2026-01-15 05:27:30,-42.652232885186166,IISC
2026-01-15 05:28:00,-42.282685620203374,IISC
2026-01-15 05:28:30,-38.54146581527604,IISC
2026-01-15 05:29:00,-38.822295271818625,IISC
2026-01-15 05:29:30,-38.689945797718266,IISC
2026-01-15 05:30:00,-40.371749449101515,IISC
2026-01-15 05:30:30,-43.56783747086256,IISC
2026-01-15 05:31:00,-38.13926087361379,IISC
2026-01-15 05:31:30,-40.31925919376371,IISC
2026-01-15 05:32:00,-45.52579010018434,IISC
2026-01-15 05:32:30,-46.62245300234423,IISC
2026-01-15 05:33:00,-40.60762504837148,IISC
2026-01-15 05:33:30,-37.410082643567165,IISC
2026-01-15 05:34:00,-34.96247657711438,IISC
2026-01-15 05:34:30,-37.339214190151544,IISC
2026-01-15 05:35:00,-40.970164801686515,IISC
2026-01-15 05:35:30,-42.026845207007504,IISC
2026-01-15 05:36:00,-40.780961889132726,IISC
2026-01-15 05:36:30,-39.89682502231324,IISC
2026-01-15 05:37:00,-39.49343013612724,IISC
2026-01-15 05:37:30,-38.4688785255212,IISC
2026-01-15 05:38:00,-38.69259013956919,IISC
2026-01-15 05:38:30,-38.94010087460477,IISC
2026-01-15 05:39:00,-39.88135560165058,IISC
2026-01-15 05:39:30,-38.8889327857595,IISC
2026-01-15 05:40:00,-39.2221203022687,IISC
2026-01-15 05:40:30,-41.947118192482,IISC
2026-01-15 05:41:00,-39.313746877288004,IISC
2026-01-15 05:41:30,-36.390026425239284,IISC
2026-01-15 05:42:00,-37.40267847978445,IISC
2026-01-15 05:42:30,-40.00630091147566,IISC
2026-01-15 05:43:00,-39.506519645577725,IISC
2026-01-15 05:43:30,-40.68219559820862,IISC
2026-01-15 05:44:00,-40.74764314546108,IISC
2026-01-15 05:44:30,-41.63653983027199,IISC
2026-01-15 05:45:00,-42.987139232616556,IISC
2026-01-15 05:45:30,-41.00229359640147,IISC
2026-01-15 05:46:00,-43.08352561232849,IISC
2026-01-15 05:46:30,-43.77250979078022,IISC
2026-01-15 05:47:00,-41.949498103694175,IISC
2026-01-15 05:47:30,-41.71269697576276,IISC
2026-01-15 05:48:00,-41.607980891292975,IISC
2026-01-15 05:48:30,-37.57308008799925,IISC
2026-01-15 05:49:00,-41.18768865367554,IISC
2026-01-15 05:49:30,-41.65510313240743,IISC
2026-01-15 05:50:00,-43.03830731082281,IISC
2026-01-15 05:50:30,-42.59183603657267,IISC
2026-01-15 05:51:00,-46.919465875521084,IISC
2026-01-15 05:51:30,-45.84850599849412,IISC
2026-01-15 05:52:00,-42.02256137746462,IISC
2026-01-15 05:52:30,-44.50433237203618,IISC
2026-01-15 05:53:00,-46.47701401120815,IISC
2026-01-15 05:53:30,-45.02791274611548,IISC
2026-01-15 05:54:00,-42.4227037000538,IISC
2026-01-15 05:54:30,-44.038927595514615,IISC
2026-01-15 05:55:00,-45.85823719652265,IISC
2026-01-15 05:55:30,-46.151230664884785,IISC
2026-01-15 05:56:00,-46.60076936074794,IISC
2026-01-15 05:56:30,-47.41628548654496,IISC
2026-01-15 05:57:00,-45.46898956302913,IISC
2026-01-15 05:57:30,-47.414487315448326,IISC
2026-01-15 05:58:00,-48.04373574951536,IISC
2026-01-15 05:58:30,-41.5008849142293,IISC
2026-01-15 05:59:00,-40.75454487866723,IISC
2026-01-15 05:59:30,-41.59893724730502,IISC
2026-01-15 06:00:00,-41.6527664927918,IISC
2026-01-15 06:00:30,-39.22958457388676,IISC
2026-01-15 06:01:00,-41.86825660142445,IISC
2026-01-15 06:01:30,-43.93575004765465,IISC
2026-01-15 06:02:00,-41.352465022123546,IISC
2026-01-15 06:02:30,-39.18717888158514,IISC
2026-01-15 06:03:00,-38.8505296857119,IISC
2026-01-15 06:03:30,-38.06386096675621,IISC
2026-01-15 06:04:00,-40.482715792098105,IISC
2026-01-15 06:04:30,-42.47232124469263,IISC
2026-01-15 06:05:00,-41.16553383997711,IISC
2026-01-15 06:05:30,-46.43855081116119,IISC
2026-01-15 06:06:00,-45.47187429780269,IISC
2026-01-15 06:06:30,-45.540242657873485,IISC
2026-01-15 06:07:00,-47.361956208347124,IISC
2026-01-15 06:07:30,-45.55495482499219,IISC
2026-01-15 06:08:00,-45.41908354806526,IISC
2026-01-15 06:08:30,-46.43249285051246,IISC
2026-01-15 06:09:00,-44.54241095608777,IISC
2026-01-15 06:09:30,-45.13003255870377,IISC
2026-01-15 06:10:00,-45.031374440524615,IISC
2026-01-15 06:10:30,-41.47362411903598,IISC
2026-01-15 06:11:00,-39.70470130862794,IISC
2026-01-15 06:11:30,-40.44117553978718,IISC
2026-01-15 06:12:00,-36.664473414182105,IISC
2026-01-15 06:12:30,-39.533347733590894,IISC
2026-01-15 06:13:00,-39.67268069632978,IISC
2026-01-15 06:13:30,-43.79555165782087,IISC
2026-01-15 06:14:00,-46.390087164658745,IISC
2026-01-15 06:14:30,-45.86996848212285,IISC
2026-01-15 06:15:00,-42.80031622442406,IISC
2026-01-15 06:15:30,-39.81201364617287,IISC
2026-01-15 06:16:00,-40.874752018993476,IISC
2026-01-15 06:16:30,-41.0019690668828,IISC
2026-01-15 06:17:00,-40.133864144468916,IISC
2026-01-15 06:17:30,-40.966832928649225,IISC
2026-01-15 06:18:00,-41.713172957118616,IISC
2026-01-15 06:18:30,-43.682787162462375,IISC
2026-01-15 06:19:00,-43.35055160866487,IISC
2026-01-15 06:19:30,-43.45336375529907,IISC
2026-01-15 06:20:00,-40.87205959203848,IISC
2026-01-15 06:20:30,-39.06226962996858,IISC
2026-01-15 06:21:00,-40.73878458385865,IISC
2026-01-15 06:21:30,-37.84163980578118,IISC
2026-01-15 06:22:00,-37.75702075622096,IISC
2026-01-15 06:22:30,-36.65274214291057,IISC
2026-01-15 06:23:00,-37.134013000090526,IISC
2026-01-15 06:23:30,-39.964520266197326,IISC
2026-01-15 06:24:00,-42.491456692597914,IISC
2026-01-15 06:24:30,-38.07762118341422,IISC
2026-01-15 06:25:00,-39.67787323246277,IISC
2026-01-15 06:25:30,-40.19193396563376,IISC
2026-01-15 06:26:00,-41.732212250362345,IISC
2026-01-15 06:26:30,-40.17099075051298,IISC
2026-01-15 06:27:00,-41.86929510781282,IISC
2026-01-15 06:27:30,-41.997810293765326,IISC
2026-01-15 06:28:00,-43.26963464695584,IISC
2026-01-15 06:28:30,-42.46617673166257,IISC
2026-01-15 06:29:00,-37.58884038162572,IISC
2026-01-15 06:29:30,-35.535770661921156,IISC
2026-01-15 06:30:00,-38.52493865186392,IISC
2026-01-15 06:30:30,-39.13313807156306,IISC
2026-01-15 06:31:00,-39.52661667408419,IISC
2026-01-15 06:31:30,-39.44199762846435,IISC
2026-01-15 06:32:00,-41.894892376648805,IISC
2026-01-15 06:32:30,-40.56320005089871,IISC
2026-01-15 06:33:00,-41.063510189895304,IISC
2026-01-15 06:33:30,-41.08149173142521,IISC
2026-01-15 06:34:00,-41.32582925692926,IISC
2026-01-15 06:34:30,-41.408332818035284,IISC
2026-01-15 06:35:00,-41.23909471497447,IISC
2026-01-15 06:35:30,-41.29092389445423,IISC
2026-01-15 06:36:00,-39.03159520893849,IISC
2026-01-15 06:36:30,-40.843500655522206,IISC
2026-01-15 06:37:00,-41.55641617446756,IISC
2026-01-15 06:37:30,-39.34468571122512,IISC
2026-01-15 06:38:00,-39.76778097084733,IISC
2026-01-15 06:38:30,-39.6651803600553,IISC
2026-01-15 06:39:00,-38.53128507782267,IISC
2026-01-15 06:39:30,-35.839341501627366,IISC
2026-01-15 06:40:00,-40.70916791493642,IISC
2026-01-15 06:40:30,-41.66218997853707,IISC
2026-01-15 06:41:00,-41.6103608226996,IISC
2026-01-15 06:41:30,-41.444295920797025,IISC
2026-01-15 06:42:00,-43.2212960049057,IISC
2026-01-15 06:42:30,-42.51895787700633,IISC
2026-01-15 06:43:00,-41.29515484377993,IISC
2026-01-15 06:43:30,-39.2452583252336,IISC
2026-01-15 06:44:00,-37.836351120109136,IISC
2026-01-15 06:44:30,-40.96514054813087,IISC
2026-01-15 06:45:00,-37.235555854834324,IISC
2026-01-15 06:45:30,-38.60638448450438,IISC
2026-01-15 06:46:00,-39.84922680348779,IISC
2026-01-15 06:46:30,-37.578263010281646,IISC
2026-01-15 06:47:00,-40.545218493607265,IISC
2026-01-15 06:47:30,-41.616707244717965,IISC
2026-01-15 06:48:00,-41.062452453548964,IISC
2026-01-15 06:48:30,-40.53992980793524,IISC
2026-01-15 06:49:00,-37.94952910224524,IISC
2026-01-15 06:49:30,-39.64402560160562,IISC
2026-01-15 06:50:00,-40.54627624177475,IISC
2026-01-15 06:50:30,-39.290741066933464,IISC
2026-01-15 06:51:00,-37.32546359794734,IISC
2026-01-15 06:51:30,-37.474604674964425,IISC
2026-01-15 06:52:00,-38.46782079065252,IISC
2026-01-15 06:52:30,-37.60576420651121,IISC
2026-01-15 06:53:00,-37.27469215875429,IISC
2026-01-15 06:53:30,-38.53974698041446,IISC
2026-01-15 06:54:00,-39.98144406350014,IISC
2026-01-15 06:54:30,-41.82719712439141,IISC
2026-01-15 06:55:00,-42.6490596682664,IISC
2026-01-15 06:55:30,-44.7169377401638,IISC
2026-01-15 06:56:00,-43.155716245042896,IISC
2026-01-15 06:56:30,-40.80542207612743,IISC
2026-01-15 06:57:00,-39.16804344191885,IISC
2026-01-15 06:57:30,-39.49065357920321,IISC
2026-01-15 06:58:00,-40.03221550663358,IISC
2026-01-15 06:58:30,-41.36708104536303,IISC
2026-01-15 06:59:00,-40.481754214317874,IISC
2026-01-15 06:59:30,-39.28439462915356,IISC
2026-01-15 07:00:00,-40.622433392683554,IISC
2026-01-15 07:00:30,-42.32221858165634,IISC
2026-01-15 07:01:00,-44.21874308174065,IISC
2026-01-15 07:01:30,-40.108372661482754,IISC
2026-01-15 07:02:00,-38.428684478851785,IISC
2026-01-15 07:02:30,-38.552439848093485,IISC
2026-01-15 07:03:00,-39.71700954347543,IISC
2026-01-15 07:03:30,-38.776680331792285,IISC
2026-01-15 07:04:00,-37.43652610739078,IISC
2026-01-15 07:04:30,-40.287130395600926,IISC
2026-01-15 07:05:00,-38.058476123234506,IISC
2026-01-15 07:05:30,-40.75570839692299,IISC
2026-01-15 07:06:00,-47.585840904993134,IISC
2026-01-15 07:06:30,-47.46589340117763,IISC
2026-01-15 07:07:00,-42.904080330868396,IISC
2026-01-15 07:07:30,-41.23814275896142,IISC
2026-01-15 07:08:00,-41.16864936043181,IISC
2026-01-15 07:08:30,-43.14397534559209,IISC
2026-01-15 07:09:00,-40.338536467932926,IISC
2026-01-15 07:09:30,-41.03251846214668,IISC
2026-01-15 07:10:00,-38.77160319181336,IISC
2026-01-15 07:10:30,-37.925306887113166,IISC
2026-01-15 07:11:00,-41.93878850988878,IISC
2026-01-15 07:11:30,-41.854063672508566,IISC
2026-01-15 07:12:00,-41.676046347528214,IISC
2026-01-15 07:12:30,-41.80646547308949,IISC
2026-01-15 07:13:00,-42.05397619305312,IISC
2026-01-15 07:13:30,-39.43131445747913,IISC
2026-01-15 07:14:00,-38.67164692976792,IISC
2026-01-15 07:14:30,-40.45372416173629,IISC
2026-01-15 07:15:00,-37.608302772166255,IISC
2026-01-15 07:15:30,-39.02863356371837,IISC
2026-01-15 07:16:00,-37.355080272386104,IISC
2026-01-15 07:16:30,-40.7098025638369,IISC
2026-01-15 07:17:00,-44.18447236264957,IISC
2026-01-15 07:17:30,-43.19347748816628,IISC
2026-01-15 07:18:00,-43.34716683895931,IISC
2026-01-15 07:18:30,-40.64041493421346,IISC
2026-01-15 07:19:00,-38.79043092793688,IISC
2026-01-15 07:19:30,-37.4111403799135,IISC
2026-01-15 07:20:00,-38.39695233329651,IISC
2026-01-15 07:20:30,-36.65379987137614,IISC
2026-01-15 07:21:00,-39.011498198656305,IISC
2026-01-15 07:21:30,-48.21984915261865,IISC
2026-01-15 07:22:00,-47.650574482871576,IISC
2026-01-15 07:22:30,-48.28077486546494,IISC
2026-01-15 07:23:00,-50.85869426493053,IISC
2026-01-15 07:23:30,-52.17906879798354,IISC
2026-01-15 07:24:00,-52.653147026336356,IISC
2026-01-15 07:24:30,-51.3527637598778,IISC
2026-01-15 07:25:00,-50.022869589068776,IISC
2026-01-15 07:25:30,-43.98180973430321,IISC
2026-01-15 07:26:00,-43.361975175390626,IISC
2026-01-15 07:26:30,-44.3467293924273,IISC
2026-01-15 07:27:00,-44.92213893810559,IISC
2026-01-15 07:27:30,-44.39432760287944,IISC
2026-01-15 07:28:00,-44.629145469743456,IISC
2026-01-15 07:28:30,-44.43134844198752,IISC
2026-01-15 07:29:00,-46.462205682657604,IISC
2026-01-15 07:29:30,-46.07084256465028,IISC
2026-01-15 07:30:00,-42.6765608605556,IISC
2026-01-15 07:30:30,-43.45505613542339,IISC
2026-01-15 07:31:00,-43.83689959873106,IISC
2026-01-15 07:31:30,-44.379519278269285,IISC
2026-01-15 07:32:00,-45.86564135882773,IISC
2026-01-15 07:32:30,-46.06238065023734,IISC
2026-01-15 07:33:00,-47.12117654154977,IISC
2026-01-15 07:33:30,-45.06704907761812,IISC
2026-01-15 07:34:00,-44.88194489389891,IISC
2026-01-15 07:34:30,-42.461840019735305,IISC
2026-01-15 07:35:00,-44.89781097061692,IISC
2026-01-15 07:35:30,-44.03786984734714,IISC
2026-01-15 07:36:00,-42.7516602672373,IISC
2026-01-15 07:36:30,-42.222791199605204,IISC
2026-01-15 07:37:00,-43.20966088145378,IISC
2026-01-15 07:37:30,-44.70953357391834,IISC
2026-01-15 07:38:00,-43.428612683420916,IISC
2026-01-15 07:38:30,-40.44156016617081,IISC
2026-01-15 07:39:00,-40.398192905044375,IISC
2026-01-15 07:39:30,-41.30150127761945,IISC
2026-01-15 07:40:00,-40.75147743971653,IISC
2026-01-15 07:40:30,-41.94989476122717,IISC
2026-01-15 07:41:00,-43.314376964938475,IISC
2026-01-15 07:41:30,-40.653107794011724,IISC
2026-01-15 07:42:00,-42.16778881896722,IISC
2026-01-15 07:42:30,-44.913677031573414,IISC
2026-01-15 07:43:00,-42.28625548677536,IISC
2026-01-15 07:43:30,-45.25109550922947,IISC
2026-01-15 07:44:00,-44.641838325601334,IISC
2026-01-15 07:44:30,-41.23486377352953,IISC
2026-01-15 07:45:00,-41.25390306322692,IISC
2026-01-15 07:45:30,-44.90521513686239,IISC
2026-01-15 07:46:00,-42.80137396614364,IISC
2026-01-15 07:46:30,-40.521948266405325,IISC
2026-01-15 07:47:00,-42.69771562688602,IISC
2026-01-15 07:47:30,-44.66616630885152,IISC
2026-01-15 07:48:00,-45.821216361354956,IISC
2026-01-15 07:48:30,-45.82862052366004,IISC
2026-01-15 07:49:00,-46.91703307995432,IISC
2026-01-15 07:49:30,-44.54664189681628,IISC
2026-01-15 07:50:00,-46.210464002729246,IISC
2026-01-15 07:50:30,-44.129893071033585,IISC
2026-01-15 07:51:00,-44.81107644442367,IISC
2026-01-15 07:51:30,-42.63848228904157,IISC
2026-01-15 07:52:00,-41.90018107414198,IISC
2026-01-15 07:52:30,-41.31948283097051,IISC
2026-01-15 07:53:00,-43.44024780293247,IISC
2026-01-15 07:53:30,-45.02050858775078,IISC
2026-01-15 07:54:00,-46.0983437490587,IISC
2026-01-15 07:54:30,-42.91137873530037,IISC
2026-01-15 07:55:00,-40.96408280784416,IISC
2026-01-15 07:55:30,-43.48890374579056,IISC
2026-01-15 07:56:00,-42.82358646093964,IISC
2026-01-15 07:56:30,-41.7954649867169,IISC
2026-01-15 07:57:00,-42.30212156349339,IISC
2026-01-15 07:57:30,-44.40173176912489,IISC
2026-01-15 07:58:00,-43.52169363557293,IISC
2026-01-15 07:58:30,-43.81574484422177,IISC
2026-01-15 07:59:00,-44.476831179746995,IISC
2026-01-15 07:59:30,-45.206670503875934,IISC
2026-01-15 08:00:00,-42.75800669713643,IISC
2026-01-15 08:00:30,-41.25390305928654,IISC
2026-01-15 08:01:00,-40.98735305474801,IISC
2026-01-15 08:01:30,-41.62728462788319,IISC
2026-01-15 08:02:00,-41.455931036368185,IISC
2026-01-15 08:02:30,-40.3738649178538,IISC
2026-01-15 08:03:00,-43.51428946538707,IISC
2026-01-15 08:03:30,-43.13773469957259,IISC
2026-01-15 08:04:00,-43.62958292809662,IISC
2026-01-15 08:04:30,-43.5121739966348,IISC
2026-01-15 08:05:00,-43.51111625240771,IISC
2026-01-15 08:05:30,-45.7841955222469,IISC
2026-01-15 08:06:00,-43.66977697624368,IISC
2026-01-15 08:06:30,-43.95536627441997,IISC
2026-01-15 08:07:00,-45.01310442150532,IISC
2026-01-15 08:07:30,-44.38903891326702,IISC
2026-01-15 08:08:00,-44.32134367283078,IISC
2026-01-15 08:08:30,-44.41336689651721,IISC
2026-01-15 08:09:00,-43.40957339372353,IISC
2026-01-15 08:09:30,-42.44703167936362,IISC
2026-01-15 08:10:00,-44.768766907822425,IISC
2026-01-15 08:10:30,-46.32575745755801,IISC
2026-01-15 08:11:00,-45.98305028634916,IISC
2026-01-15 08:11:30,-44.94012048357589,IISC
2026-01-15 08:12:00,-45.30186693660137,IISC
2026-01-15 08:12:30,-43.41063113795062,IISC
2026-01-15 08:13:00,-42.36029716499151,IISC
2026-01-15 08:13:30,-40.96408279996339,IISC
2026-01-15 08:14:00,-41.82719712833179,IISC
2026-01-15 08:14:30,-44.31393951052569,IISC
2026-01-15 08:15:00,-46.72558247421674,IISC
2026-01-15 08:15:30,-46.79221997436629,IISC
2026-01-15 08:16:00,-46.187193751885005,IISC
2026-01-15 08:16:30,-45.972472922885856,IISC
2026-01-15 08:17:00,-46.706543184519354,IISC
2026-01-15 08:17:30,-45.97776160855789,IISC
2026-01-15 08:18:00,-42.80560491546934,IISC
2026-01-15 08:18:30,-42.08634297844599,IISC
2026-01-15 08:19:00,-41.48872092221016,IISC
2026-01-15 08:19:30,-45.40552527585897,IISC
2026-01-15 08:20:00,-44.63231867878245,IISC
2026-01-15 08:20:30,-41.48554771317118,IISC
2026-01-15 08:21:00,-42.89762813521539,IISC
2026-01-15 08:21:30,-44.34672938848692,IISC
2026-01-15 08:22:00,-43.59679304619502,IISC
2026-01-15 08:22:30,-44.946466913475014,IISC
2026-01-15 08:23:00,-46.79539319128604,IISC
2026-01-15 08:23:30,-46.19882887927731,IISC
2026-01-15 08:24:00,-44.29913117015401,IISC
2026-01-15 08:24:30,-45.39071693942767,IISC
2026-01-15 08:25:00,-46.23479197415829,IISC
2026-01-15 08:25:30,-43.852765679389464,IISC
2026-01-15 08:26:00,-43.25408588286693,IISC
2026-01-15 08:26:30,-42.796085276531215,IISC
2026-01-15 08:27:00,-45.39283241606071,IISC
2026-01-15 08:27:30,-46.28027471585815,IISC
2026-01-15 08:28:00,-46.26652412759432,IISC
2026-01-15 08:28:30,-45.7143848051776,IISC
2026-01-15 08:29:00,-46.23479197809868,IISC
2026-01-15 08:29:30,-46.942418795610465,IISC
2026-01-15 08:30:00,-46.13642233239386,IISC
2026-01-15 08:30:30,-45.09455025808615,IISC
2026-01-15 08:31:00,-45.81381219904988,IISC
2026-01-15 08:31:30,-45.95872232674126,IISC
2026-01-15 08:32:00,-44.71059130632429,IISC
2026-01-15 08:32:30,-45.7915997003135,IISC
2026-01-15 08:33:00,-47.74206883286831,IISC
2026-01-15 08:33:30,-45.59168717228222,IISC
2026-01-15 08:34:00,-44.493754996751726,IISC
2026-01-15 08:34:30,-46.6399056883102,IISC
2026-01-15 08:35:00,-47.98217538540437,IISC
2026-01-15 08:35:30,-48.46133076595128,IISC
2026-01-15 08:36:00,-45.1601300140086,IISC
2026-01-15 08:36:30,-45.41927586806318,IISC
2026-01-15 08:37:00,-43.45717161993719,IISC
2026-01-15 08:37:30,-44.46096510696936,IISC
2026-01-15 08:38:00,-47.63629501697767,IISC
2026-01-15 08:38:30,-48.20641587304355,IISC
2026-01-15 08:39:00,-48.37353849947131,IISC
2026-01-15 08:39:30,-45.903719942162894,IISC
2026-01-15 08:40:00,-44.897810966676545,IISC
2026-01-15 08:40:30,-45.465816342169006,IISC
2026-01-15 08:41:00,-45.4700472914947,IISC
2026-01-15 08:41:30,-48.176799208061695,IISC
2026-01-15 08:42:00,-48.502582558325436,IISC
2026-01-15 08:42:30,-47.57706167519283,IISC
2026-01-15 08:43:00,-45.57899432430511,IISC
2026-01-15 08:43:30,-45.86352589401582,IISC
2026-01-15 08:44:00,-46.99742117624845,IISC
2026-01-15 08:44:30,-47.13915808702008,IISC
2026-01-15 08:45:00,-43.75333828945757,IISC
2026-01-15 08:45:30,-44.67145500240433,IISC
2026-01-15 08:46:00,-47.74735751854035,IISC
2026-01-15 08:46:30,-51.407131490827226,IISC
2026-01-15 08:47:00,-44.82800024271159,IISC
2026-01-15 08:47:30,-43.19776133278112,IISC
2026-01-15 08:48:00,-42.49092781802162,IISC
2026-01-15 08:48:30,-43.77012988400097,IISC
2026-01-15 08:49:00,-42.825305283487516,IISC
2026-01-15 08:49:30,-43.21561066465597,IISC
2026-01-15 08:50:00,-43.65470421015872,IISC
2026-01-15 08:50:30,-42.22199789094233,IISC
2026-01-15 08:51:00,-40.978494488712656,IISC
2026-01-15 08:51:30,-42.24103718063972,IISC
2026-01-15 08:52:00,-44.06523882554832,IISC
2026-01-15 08:52:30,-40.92732640430032,IISC
2026-01-15 08:53:00,-41.270033561225276,IISC
2026-01-15 08:53:30,-39.61599554360601,IISC
2026-01-15 08:54:00,-44.014070750001835,IISC
2026-01-15 08:54:30,-45.325401606263206,IISC
2026-01-15 08:55:00,-42.527816430727995,IISC
2026-01-15 08:55:30,-42.195818876474284,IISC
2026-01-15 08:56:00,-44.280620748137245,IISC
2026-01-15 08:56:30,-45.06480136621006,IISC
2026-01-15 08:57:00,-43.254879188574506,IISC
2026-01-15 08:57:30,-44.38057701018269,IISC
2026-01-15 08:58:00,-44.80896095744712,IISC
2026-01-15 08:58:30,-46.06436391130474,IISC
2026-01-15 08:59:00,-46.4035012169267,IISC
2026-01-15 08:59:30,-44.46863370286847,IISC
2026-01-15 09:00:00,-46.32020432893354,IISC
2026-01-15 09:00:30,-50.12938381724956,IISC
2026-01-15 09:01:00,-48.649608158709476,IISC
2026-01-15 09:01:30,-48.12602777280903,IISC
2026-01-15 09:02:00,-47.31262714334697,IISC
2026-01-15 09:02:30,-49.862833804830274,IISC
2026-01-15 09:03:00,-44.80896095301419,IISC
2026-01-15 09:03:30,-44.84465961676388,IISC
2026-01-15 09:04:00,-43.02283787863452,IISC
2026-01-15 09:04:30,-41.72988522685408,IISC
2026-01-15 09:05:00,-43.609485902052896,IISC
2026-01-15 09:05:30,-44.34567165214059,IISC
2026-01-15 09:06:00,-44.82165381182736,IISC
2026-01-15 09:06:30,-44.85444369372897,IISC
2026-01-15 09:07:00,-42.578191222731554,IISC
2026-01-15 09:07:30,-45.4118717057581,IISC
2026-01-15 09:08:00,-46.52990091521309,IISC
2026-01-15 09:08:30,-46.935014629365,IISC
2026-01-15 09:09:00,-47.16137058575646,IISC
2026-01-15 09:09:30,-45.57159015805965,IISC
2026-01-15 09:10:00,-44.39644308345286,IISC
2026-01-15 09:10:30,-47.29887654720238,IISC
2026-01-15 09:11:00,-46.601827104975044,IISC
2026-01-15 09:11:30,-49.29800163049605,IISC
2026-01-15 09:12:00,-48.95106352572302,IISC
2026-01-15 09:12:30,-47.87851705008714,IISC
2026-01-15 09:13:00,-46.37124019137711,IISC
2026-01-15 09:13:30,-45.820158621068245,IISC
2026-01-15 09:14:00,-43.91411449386696,IISC
2026-01-15 09:14:30,-45.60014908669516,IISC
2026-01-15 09:15:00,-48.84000101627958,IISC
2026-01-15 09:15:30,-49.64811296795037,IISC
2026-01-15 09:16:00,-50.01937905597359,IISC
2026-01-15 09:16:30,-52.07879521739843,IISC
2026-01-15 09:17:00,-51.89051782069984,IISC
2026-01-15 09:17:30,-49.07481888314359,IISC
2026-01-15 09:18:00,-49.514837951889774,IISC
2026-01-15 09:18:30,-47.473403347756374,IISC
2026-01-15 09:19:00,-48.36613433716623,IISC
2026-01-15 09:19:30,-48.9827956712783,IISC
2026-01-15 09:20:00,-47.81082180965089,IISC
2026-01-15 09:20:30,-46.49288008398579,IISC
2026-01-15 09:21:00,-44.30124665466782,IISC
2026-01-15 09:21:30,-44.14787462438465,IISC
2026-01-15 09:22:00,-44.593182382743244,IISC
2026-01-15 09:22:30,-48.27516884588573,IISC
2026-01-15 09:23:00,-50.0965939274672,IISC
2026-01-15 09:23:30,-48.99866173617517,IISC
2026-01-15 09:24:00,-51.55098388217228,IISC
2026-01-15 09:24:30,-53.9721464966226,IISC
2026-01-15 09:25:00,-50.640932423150176,IISC
2026-01-15 09:25:30,-48.8274403764799,IISC
2026-01-15 09:26:00,-44.3603477715286,IISC
2026-01-15 09:26:30,-45.75140565118134,IISC
2026-01-15 09:27:00,-49.59734153171261,IISC
2026-01-15 09:27:30,-47.90641490138697,IISC
2026-01-15 09:28:00,-46.974679805891064,IISC
2026-01-15 09:28:30,-46.14409092139731,IISC
2026-01-15 09:29:00,-48.29434035361152,IISC
2026-01-15 09:29:30,-49.890070557614855,IISC
2026-01-15 09:30:00,-49.00236382619357,IISC
2026-01-15 09:30:30,-47.51491957126183,IISC
2026-01-15 09:31:00,-49.39028929171691,IISC
2026-01-15 09:31:30,-49.199896421340576,IISC
2026-01-15 09:32:00,-46.50107754116239,IISC
2026-01-15 09:32:30,-44.89106787875187,IISC
2026-01-15 09:33:00,-47.699362656958336,IISC
2026-01-15 09:33:30,-48.53828121517945,IISC
2026-01-15 09:34:00,-47.35546553777789,IISC
2026-01-15 09:34:30,-48.911927208996815,IISC
2026-01-15 09:35:00,-50.07213374539798,IISC
2026-01-15 09:35:30,-48.32289928815761,IISC
2026-01-15 09:36:00,-48.839339936973694,IISC
2026-01-15 09:36:30,-48.57873969248762,IISC
2026-01-15 09:37:00,-47.84096734970158,IISC
2026-01-15 09:37:30,-48.9559555686385,IISC
2026-01-15 09:38:00,-49.71514711233411,IISC
2026-01-15 09:38:30,-46.88662310433942,IISC
2026-01-15 09:39:00,-46.37375232899098,IISC
2026-01-15 09:39:30,-49.20703616384295,IISC
2026-01-15 09:40:00,-48.54780086002815,IISC
2026-01-15 09:40:30,-48.80364127765694,IISC
2026-01-15 09:41:00,-50.655211894856144,IISC
2026-01-15 09:41:30,-51.62264564523586,IISC
2026-01-15 09:42:00,-49.519994423966345,IISC
2026-01-15 09:42:30,-45.66691880979856,IISC
2026-01-15 09:43:00,-44.217553120962805,IISC
2026-01-15 09:43:30,-44.40913593142999,IISC
2026-01-15 09:44:00,-48.40143634042763,IISC
2026-01-15 09:44:30,-48.33003902179412,IISC
2026-01-15 09:45:00,-46.558195405821635,IISC
2026-01-15 09:45:30,-49.93409890839068,IISC
2026-01-15 09:46:00,-50.174469909789735,IISC
2026-01-15 09:46:30,-55.88136383680327,IISC
2026-01-15 09:47:00,-57.731347854900996,IISC
2026-01-15 09:47:30,-57.686922849547464,IISC
2026-01-15 09:48:00,-57.84029488377101,IISC
2026-01-15 09:48:30,-52.43631070927706,IISC
2026-01-15 09:49:00,-52.348518446737465,IISC
2026-01-15 09:49:30,-53.868488153424614,IISC
2026-01-15 09:50:00,-55.29960786122584,IISC
2026-01-15 09:50:30,-53.135475620256685,IISC
2026-01-15 09:51:00,-55.05421260725623,IISC
2026-01-15 09:51:30,-52.63939642270504,IISC
2026-01-15 09:52:00,-53.37240896769412,IISC
2026-01-15 09:52:30,-53.86214171564471,IISC
2026-01-15 09:53:00,-53.054029775795065,IISC
2026-01-15 09:53:30,-56.338306722554165,IISC
2026-01-15 09:54:00,-55.523848348865016,IISC
2026-01-15 09:54:30,-56.9623722229117,IISC
2026-01-15 09:55:00,-55.81261086002068,IISC
2026-01-15 09:55:30,-53.29413634015227,IISC
2026-01-15 09:56:00,-52.61824166819575,IISC
2026-01-15 09:56:30,-53.117494070846,IISC
2026-01-15 09:57:00,-52.88161845975489,IISC
2026-01-15 09:57:30,-53.95416494721192,IISC
2026-01-15 09:58:00,-52.513525592591805,IISC
2026-01-15 09:58:30,-52.84671310910101,IISC
2026-01-15 09:59:00,-55.05315487485027,IISC
2026-01-15 09:59:30,-54.240811977794166,IISC
2026-01-15 10:00:00,-53.22326788279626,IISC
2026-01-15 10:00:30,-53.70559648420331,IISC
2026-01-15 10:01:00,-57.096704955616715,IISC
2026-01-15 10:01:30,-58.21261871208095,IISC
2026-01-15 10:02:00,-55.653950144065476,IISC
2026-01-15 10:02:30,-55.6021209685261,IISC
2026-01-15 10:03:00,-56.463860229793305,IISC
2026-01-15 10:03:30,-56.68376399210791,IISC
2026-01-15 10:04:00,-58.44204211372772,IISC
2026-01-15 10:04:30,-61.024721340937184,IISC
2026-01-15 10:05:00,-63.052405363899446,IISC
2026-01-15 10:05:30,-60.832424536271596,IISC
2026-01-15 10:06:00,-57.67285494116781,IISC
2026-01-15 10:06:30,-57.15213044773689,IISC
2026-01-15 10:07:00,-56.141144327937184,IISC
2026-01-15 10:07:30,-56.075458783800705,IISC
2026-01-15 10:08:00,-55.40051608283068,IISC
2026-01-15 10:08:30,-56.706611146837474,IISC
2026-01-15 10:09:00,-55.33959036643806,IISC
2026-01-15 10:09:30,-54.65798390875443,IISC
2026-01-15 10:10:00,-55.847939323338856,IISC
2026-01-15 10:10:30,-52.89018613873958,IISC
2026-01-15 10:11:00,-56.02310075309142,IISC
2026-01-15 10:11:30,-59.45112429746499,IISC
2026-01-15 10:12:00,-60.75721935792544,IISC
2026-01-15 10:12:30,-59.08081017491173,IISC
2026-01-15 10:13:00,-57.777571013225405,IISC
2026-01-15 10:13:30,-56.07641075005874,IISC
2026-01-15 10:14:00,-55.64019954398051,IISC
2026-01-15 10:14:30,-58.25598596926701,IISC
2026-01-15 10:15:00,-58.0053020414465,IISC
2026-01-15 10:15:30,-53.19576669838784,IISC
2026-01-15 10:16:00,-52.64680060471203,IISC
2026-01-15 10:16:30,-53.3618315845289,IISC
2026-01-15 10:17:00,-55.482596564371626,IISC
2026-01-15 10:17:30,-53.51308813817903,IISC
2026-01-15 10:18:00,-52.997969666691525,IISC
2026-01-15 10:18:30,-53.725693502366276,IISC
2026-01-15 10:19:00,-53.23913396345466,IISC
2026-01-15 10:19:30,-53.55116670969306,IISC
2026-01-15 10:20:00,-57.515569265913236,IISC
2026-01-15 10:20:30,-60.02240866627009,IISC
2026-01-15 10:21:00,-58.66850384178362,IISC
2026-01-15 10:21:30,-56.0840264659377,IISC
2026-01-15 10:22:00,-57.23304741653859,IISC
2026-01-15 10:22:30,-59.72719395906739,IISC
2026-01-15 10:23:00,-56.02119682057535,IISC
2026-01-15 10:23:30,-53.66413314968239,IISC
2026-01-15 10:24:00,-56.14971200652784,IISC
2026-01-15 10:24:30,-55.403371974512126,IISC
2026-01-15 10:25:00,-56.068795034179786,IISC
2026-01-15 10:25:30,-53.12246544113067,IISC
2026-01-15 10:26:00,-55.59186090705286,IISC
2026-01-15 10:26:30,-54.910360215911176,IISC
2026-01-15 10:27:00,-52.23639820094768,IISC
2026-01-15 10:27:30,-53.90022030292026,IISC
2026-01-15 10:28:00,-53.5776101656359,IISC
2026-01-15 10:28:30,-53.69396135681101,IISC
2026-01-15 10:29:00,-51.542521975640106,IISC
2026-01-15 10:29:30,-51.85984341543129,IISC
2026-01-15 10:30:00,-49.23771056418603,IISC
2026-01-15 10:30:30,-50.77354635153157,IISC
2026-01-15 10:31:00,-49.16789984317636,IISC
2026-01-15 10:31:30,-48.609414102681654,IISC
2026-01-15 10:32:00,-52.02273509253335,IISC
2026-01-15 10:32:30,-53.196824438674554,IISC
2026-01-15 10:33:00,-52.147548198121385,IISC
2026-01-15 10:33:30,-51.865132108984085,IISC
2026-01-15 10:34:00,-55.476250134472494,IISC
2026-01-15 10:34:30,-52.865752386977256,IISC
2026-01-15 10:35:00,-50.66459931084041,IISC
2026-01-15 10:35:30,-51.46213387146522,IISC
2026-01-15 10:36:00,-54.1487887619885,IISC
2026-01-15 10:36:30,-55.3070120274713,IISC
2026-01-15 10:37:00,-56.461004347568796,IISC
2026-01-15 10:37:30,-57.85933416164726,IISC
2026-01-15 10:38:00,-55.981848967021875,IISC
2026-01-15 10:38:30,-55.785109667731504,IISC
2026-01-15 10:39:00,-47.34118606607191,IISC
2026-01-15 10:39:30,-45.45272683173341,IISC
2026-01-15 10:40:00,-47.00204878261461,IISC
2026-01-15 10:40:30,-51.31087732077037,IISC
2026-01-15 10:41:00,-50.031675259223945,IISC
2026-01-15 10:41:30,-49.167767639924406,IISC
2026-01-15 10:42:00,-54.529706714366434,IISC
2026-01-15 10:42:30,-54.08228347297167,IISC
2026-01-15 10:43:00,-51.59170679504467,IISC
2026-01-15 10:43:30,-53.27073390033996,IISC
2026-01-15 10:44:00,-54.94976097903766,IISC
2026-01-15 10:44:30,-57.5272043918279,IISC
2026-01-15 10:45:00,-55.17942236889962,IISC
2026-01-15 10:45:30,-50.49456791241552,IISC
2026-01-15 10:46:00,-46.89614274475518,IISC
2026-01-15 10:46:30,-52.64045416693214,IISC
2026-01-15 10:47:00,-53.19259347752771,IISC
2026-01-15 10:47:30,-53.974261969315265,IISC
2026-01-15 10:48:00,-51.39232316227669,IISC
2026-01-15 10:48:30,-53.49616432905506,IISC
2026-01-15 10:49:00,-49.71369272387281,IISC
2026-01-15 10:49:30,-50.34304691778314,IISC
2026-01-15 10:50:00,-54.934688199161364,IISC
2026-01-15 10:50:30,-56.07069895802703,IISC
2026-01-15 10:51:00,-49.145687348380356,IISC
2026-01-15 10:51:30,-50.094478462655296,IISC
2026-01-15 10:52:00,-50.87297372964233,IISC
2026-01-15 10:52:30,-54.79506676502279,IISC
2026-01-15 10:53:00,-55.18114119735807,IISC
2026-01-15 10:53:30,-50.82656546666924,IISC
2026-01-15 10:54:00,-54.66060180443843,IISC
2026-01-15 10:54:30,-51.149043384940114,IISC
2026-01-15 10:55:00,-51.80997862596833,IISC
2026-01-15 10:55:30,-52.80138146977892,IISC
2026-01-15 10:56:00,-57.892520707484984,IISC
2026-01-15 10:56:30,-53.31476224224992,IISC
2026-01-15 10:57:00,-46.82712533290093,IISC
2026-01-15 10:57:30,-45.3111221434231,IISC
2026-01-15 10:58:00,-52.321017254448286,IISC
2026-01-15 10:58:30,-56.157433496041435,IISC
2026-01-15 10:59:00,-54.3190846092764,IISC
2026-01-15 10:59:30,-51.66945055786119,IISC
2026-01-15 11:00:00,-50.48055287528868,IISC
2026-01-15 11:00:30,-51.15856303175901,IISC
2026-01-15 11:01:00,-51.630314246060465,IISC
2026-01-15 11:01:30,-51.94446246893188,IISC
2026-01-15 11:02:00,-49.960145718129134,IISC
2026-01-15 11:02:30,-50.79681658267391,IISC
2026-01-15 11:03:00,-51.07526616396031,IISC
2026-01-15 11:03:30,-53.05416200662971,IISC
2026-01-15 11:04:00,-55.037288806013024,IISC
2026-01-15 11:04:30,-52.38025058835236,IISC
2026-01-15 11:05:00,-52.298804743890756,IISC
2026-01-15 11:05:30,-50.88249337882545,IISC
2026-01-15 11:06:00,-49.42503599541465,IISC
2026-01-15 11:06:30,-50.515035147953625,IISC
2026-01-15 11:07:00,-53.8116876182396,IISC
2026-01-15 11:07:30,-55.258673394089996,IISC
2026-01-15 11:08:00,-56.76182507632088,IISC
2026-01-15 11:08:30,-52.77975827977277,IISC
2026-01-15 11:09:00,-51.10715695469854,IISC
2026-01-15 11:09:30,-52.513208266565414,IISC
2026-01-15 11:10:00,-53.82501512102776,IISC
2026-01-15 11:10:30,-54.56088353839042,IISC
2026-01-15 11:11:00,-51.68690323200601,IISC
2026-01-15 11:11:30,-54.4971019338627,IISC
2026-01-15 11:12:00,-54.66655158734509,IISC
2026-01-15 11:12:30,-54.89121516321818,IISC
2026-01-15 11:13:00,-56.06213129165155,IISC
2026-01-15 11:13:30,-54.89883088618983,IISC
2026-01-15 11:14:00,-53.94591458046229,IISC
2026-01-15 11:14:30,-52.469417903807766,IISC
2026-01-15 11:15:00,-50.579768725832075,IISC
2026-01-15 11:15:30,-50.64450229307148,IISC
2026-01-15 11:16:00,-50.24753316494188,IISC
2026-01-15 11:16:30,-51.07954999704954,IISC
2026-01-15 11:17:00,-54.89692695722009,IISC
2026-01-15 11:17:30,-51.83255377513983,IISC
2026-01-15 11:18:00,-49.77186832537093,IISC
2026-01-15 11:18:30,-48.65278137168885,IISC
2026-01-15 11:19:00,-48.16939504024009,IISC
2026-01-15 11:19:30,-48.226512891600535,IISC
2026-01-15 11:20:00,-49.700153676573635,IISC
2026-01-15 11:20:30,-51.822082160486744,IISC
2026-01-15 11:21:00,-54.677023191359126,IISC
2026-01-15 11:21:30,-54.15058692165802,IISC
2026-01-15 11:22:00,-51.057654808578015,IISC
2026-01-15 11:22:30,-48.82942364493551,IISC
2026-01-15 11:23:00,-43.1937948165569,IISC
2026-01-15 11:23:30,-45.871987800548,IISC
2026-01-15 11:24:00,-48.23709028619286,IISC
2026-01-15 11:24:30,-50.07808351855219,IISC
2026-01-15 11:25:00,-51.784955565081724,IISC
2026-01-15 11:25:30,-49.550695275500345,IISC
2026-01-15 11:26:00,-48.56160434062582,IISC
2026-01-15 11:26:30,-50.48933211927435,IISC
2026-01-15 11:27:00,-51.209969104879086,IISC
2026-01-15 11:27:30,-54.4123771142142,IISC
2026-01-15 11:28:00,-51.21144993182357,IISC
2026-01-15 11:28:30,-52.0301392587788,IISC
2026-01-15 11:29:00,-51.97725235083348,IISC
2026-01-15 11:29:30,-52.53795934671837,IISC
2026-01-15 11:30:00,-49.89435439956994,IISC
2026-01-15 11:30:30,-52.010571096573834,IISC
2026-01-15 11:31:00,-51.55838805669255,IISC
2026-01-15 11:31:30,-53.37759188406594,IISC
2026-01-15 11:32:00,-52.64553131400375,IISC
2026-01-15 11:32:30,-55.43097893925382,IISC
2026-01-15 11:33:00,-54.683686948072726,IISC
2026-01-15 11:33:30,-51.69642287330837,IISC
2026-01-15 11:34:00,-51.724981807854455,IISC
2026-01-15 11:34:30,-50.080939406687285,IISC
2026-01-15 11:35:00,-50.07427566415905,IISC
2026-01-15 11:35:30,-53.60415938890878,IISC
2026-01-15 11:36:00,-55.224402676181036,IISC
2026-01-15 11:36:30,-54.189617449579124,IISC
2026-01-15 11:37:00,-54.676071232193785,IISC
2026-01-15 11:37:30,-53.358552594368554,IISC
2026-01-15 11:38:00,-51.69071108994549,IISC
2026-01-15 11:38:30,-50.4436378310933,IISC
2026-01-15 11:39:00,-54.476158715195574,IISC
2026-01-15 11:39:30,-52.05150557828908,IISC
2026-01-15 11:40:00,-51.74402109045916,IISC
2026-01-15 11:40:30,-51.897287353018285,IISC
2026-01-15 11:41:00,-50.9672182020203,IISC
2026-01-15 11:41:30,-50.875829618565504,IISC
2026-01-15 11:42:00,-50.333209957941115,IISC
2026-01-15 11:42:30,-52.0857762926517,IISC
2026-01-15 11:43:00,-53.61748690588232,IISC
2026-01-15 11:43:30,-55.35958161175446,IISC
2026-01-15 11:44:00,-57.022663299072676,IISC
2026-01-15 11:44:30,-54.06205423343101,IISC
2026-01-15 11:45:00,-55.67658573734038,IISC
2026-01-15 11:45:30,-55.631843411871046,IISC
2026-01-15 11:46:00,-51.35318684653558,IISC
2026-01-15 11:46:30,-50.91528325836282,IISC
2026-01-15 11:47:00,-50.998844567636326,IISC
2026-01-15 11:47:30,-50.71748621878573,IISC
2026-01-15 11:48:00,-51.08663683805667,IISC
2026-01-15 11:48:30,-48.444406956827315,IISC
2026-01-15 11:49:00,-49.84379452301365,IISC
2026-01-15 11:49:30,-51.49915471845405,IISC
2026-01-15 11:50:00,-48.049870621900226,IISC
2026-01-15 11:50:30,-49.974954038798906,IISC
2026-01-15 11:51:00,-52.63304999674629,IISC
2026-01-15 11:51:30,-52.182453556656036,IISC
2026-01-15 11:52:00,-49.076934363717015,IISC
2026-01-15 11:52:30,-46.65788722984012,IISC
2026-01-15 11:53:00,-50.84335706072011,IISC
2026-01-15 11:53:30,-52.287169636200346,IISC
2026-01-15 11:54:00,-51.83763092063529,IISC
2026-01-15 11:54:30,-50.80950944247217,IISC
2026-01-15 11:55:00,-49.36463913458597,IISC
2026-01-15 11:55:30,-51.05173147164126,IISC
2026-01-15 11:56:00,-49.19222782642655,IISC
2026-01-15 11:56:30,-49.63965105353743,IISC
2026-01-15 11:57:00,-49.07904984035006,IISC
2026-01-15 11:57:30,-50.55565229773191,IISC
2026-01-15 11:58:00,-49.29059746819098,IISC
2026-01-15 11:58:30,-50.70796658772838,IISC
2026-01-15 11:59:00,-51.91590354029636,IISC
2026-01-15 11:59:30,-51.904268420784824,IISC
2026-01-15 12:00:00,-49.44291177000858,IISC
2026-01-15 12:00:30,-48.78394089929526,IISC
2026-01-15 12:01:00,-47.86476645394255,IISC
2026-01-15 12:01:30,-47.62360215717941,IISC
2026-01-15 12:02:00,-50.24785048899808,IISC
2026-01-15 12:02:30,-52.26601486986991,IISC
2026-01-15 12:03:00,-50.0606308365266,IISC
2026-01-15 12:03:30,-48.152471232692264,IISC
2026-01-15 12:04:00,-50.5905576483858,IISC
2026-01-15 12:04:30,-50.350451087968985,IISC
2026-01-15 12:05:00,-50.49536121566036,IISC
2026-01-15 12:05:30,-48.07419860909081,IISC
2026-01-15 12:06:00,-48.70461054328785,IISC
2026-01-15 12:06:30,-48.20853134967658,IISC
2026-01-15 12:07:00,-50.89941718558518,IISC
2026-01-15 12:07:30,-51.63771840836554,IISC
2026-01-15 12:08:00,-49.85331416589216,IISC
2026-01-15 12:08:30,-51.1479856446534,IISC
2026-01-15 12:09:00,-50.47420644932993,IISC
2026-01-15 12:09:30,-50.08707429640984,IISC
2026-01-15 12:10:00,-47.93457716313108,IISC
2026-01-15 12:10:30,-49.05577960132696,IISC
2026-01-15 12:11:00,-52.72295774774007,IISC
2026-01-15 12:11:30,-44.01288079217928,IISC
2026-01-15 12:12:00,-43.123984089636664,IISC
2026-01-15 12:12:30,-43.5273789802556,IISC
2026-01-15 12:13:00,-45.1076397680292,IISC
2026-01-15 12:13:30,-45.42297795709649,IISC
2026-01-15 12:14:00,-44.8601290462924,IISC
2026-01-15 12:14:30,-43.82010800615784,IISC
2026-01-15 12:15:00,-48.213820039289004,IISC
2026-01-15 12:15:30,-45.28388539507145,IISC
2026-01-15 12:16:00,-50.20131001095189,IISC
2026-01-15 12:16:30,-50.032071911831466,IISC
2026-01-15 12:17:00,-50.49007252604795,IISC
2026-01-15 12:17:30,-49.64493974709023,IISC
2026-01-15 12:18:00,-48.872790906061944,IISC
2026-01-15 12:18:30,-50.554594549564435,IISC
2026-01-15 12:19:00,-45.52055430349684,IISC
2026-01-15 12:19:30,-44.38176696357231,IISC
2026-01-15 12:20:00,-44.62213796053844,IISC
2026-01-15 12:20:30,-43.41552317101514,IISC
2026-01-15 12:21:00,-43.13469370117377,IISC
2026-01-15 12:21:30,-43.179912000906285,IISC
2026-01-15 12:22:00,-43.35364549723033,IISC
2026-01-15 12:22:30,-43.178722038650804,IISC
2026-01-15 12:23:00,-41.912609490987805,IISC
2026-01-15 12:23:30,-43.38458432968981,IISC
2026-01-15 12:24:00,-40.85354917002171,IISC
2026-01-15 12:24:30,-42.49687758940267,IISC
2026-01-15 12:25:00,-43.73324126242875,IISC
2026-01-15 12:25:30,-44.670926129305684,IISC
2026-01-15 12:26:00,-45.44201722906217,IISC
2026-01-15 12:26:30,-43.77607965538202,IISC
2026-01-15 12:27:00,-44.41627566506651,IISC
2026-01-15 12:27:30,-43.06924613175666,IISC
2026-01-15 12:28:00,-41.92093917801394,IISC
2026-01-15 12:28:30,-42.20176865228825,IISC
2026-01-15 12:29:00,-42.93597114377128,IISC
2026-01-15 12:29:30,-41.554432908967236,IISC
2026-01-15 12:30:00,-43.88912543131089,IISC
2026-01-15 12:30:30,-43.40362361052134,IISC
2026-01-15 12:31:00,-43.651134341124,IISC
2026-01-15 12:31:30,-41.92331908922612,IISC
2026-01-15 12:32:00,-41.289072855355606,IISC
2026-01-15 12:32:30,-46.035937190354105,IISC
2026-01-15 12:33:00,-47.223777140520674,IISC
2026-01-15 12:33:30,-45.46687408639609,IISC
2026-01-15 12:34:00,-44.42077106670306,IISC
2026-01-15 12:34:30,-41.809215586801876,IISC
2026-01-15 12:35:00,-45.05752942685885,IISC
2026-01-15 12:35:30,-47.217430706681164,IISC
2026-01-15 12:36:00,-47.16242832604317,IISC
2026-01-15 12:36:30,-45.82544730674029,IISC
2026-01-15 12:37:00,-44.86396334842862,IISC
2026-01-15 12:37:30,-45.95978004732607,IISC
2026-01-15 12:38:00,-44.867136553527224,IISC
2026-01-15 12:38:30,-41.28351972426839,IISC
2026-01-15 12:39:00,-45.104069904905046,IISC
2026-01-15 12:39:30,-47.85736228375671,IISC
2026-01-15 12:40:00,-50.050053457301765,IISC
2026-01-15 12:40:30,-47.327435471897516,IISC
2026-01-15 12:41:00,-45.88362292005955,IISC
2026-01-15 12:41:30,-45.37273539001699,IISC
2026-01-15 12:42:00,-42.80454717518263,IISC
2026-01-15 12:42:30,-44.69260975691361,IISC
2026-01-15 12:43:00,-42.31269894665859,IISC
2026-01-15 12:43:30,-43.153600764469466,IISC
2026-01-15 12:44:00,-36.75640047034703,IISC
2026-01-15 12:44:30,-37.2281516807081,IISC
2026-01-15 12:45:00,-39.5382518014765,IISC
2026-01-15 12:45:30,-43.98789173553378,IISC
2026-01-15 12:46:00,-44.63046765199751,IISC
2026-01-15 12:46:30,-49.63185023763974,IISC
2026-01-15 12:47:00,-42.06866364054581,IISC
2026-01-15 12:47:30,-39.586756641393904,IISC
2026-01-15 12:48:00,-38.17648947996895,IISC
2026-01-15 12:48:30,-41.88371057609173,IISC
2026-01-15 12:49:00,-42.60992336659809,IISC
2026-01-15 12:49:30,-41.59540137769849,IISC
2026-01-15 12:50:00,-35.368194718227656,IISC
2026-01-15 12:50:30,-36.57446952043493,IISC
2026-01-15 12:51:00,-35.17372199625937,IISC
2026-01-15 12:51:30,-33.83009235130838,IISC
2026-01-15 12:52:00,-34.50326712304797,IISC
2026-01-15 12:52:30,-34.174159446731764,IISC
2026-01-15 12:53:00,-35.587146501618705,IISC
2026-01-15 12:53:30,-39.37324463479443,IISC
2026-01-15 12:54:00,-41.15205797839655,IISC
2026-01-15 12:54:30,-44.32073926219386,IISC
2026-01-15 12:55:00,-38.59535379251711,IISC
2026-01-15 12:55:30,-37.825622630625766,IISC
2026-01-15 12:56:00,-36.88589784871853,IISC
2026-01-15 12:56:30,-36.437114662492604,IISC
2026-01-15 12:57:00,-37.53323358190714,IISC
2026-01-15 12:57:30,-33.08348031930743,IISC
2026-01-15 12:58:00,-36.74854299077622,IISC
2026-01-15 12:58:30,-38.241767029447104,IISC
2026-01-15 12:59:00,-38.07313335616222,IISC
2026-01-15 12:59:30,-41.38324932796242,IISC
2026-01-15 13:00:00,-33.49327829582894,IISC
2026-01-15 13:00:30,-31.61473535894665,IISC
2026-01-15 13:01:00,-35.9543327573297,IISC
2026-01-15 13:01:30,-37.17012719172016,IISC
2026-01-15 13:02:00,-34.70544622333512,IISC
2026-01-15 13:02:30,-35.90809449417147,IISC
2026-01-15 13:03:00,-34.97675604537252,IISC
2026-01-15 13:03:30,-34.7911230033311,IISC
2026-01-15 13:04:00,-34.64198192434382,IISC
2026-01-15 13:04:30,-39.85874644355173,IISC
2026-01-15 13:05:00,-32.78021169674082,IISC
2026-01-15 13:05:30,-36.95525523838968,IISC
2026-01-15 13:06:00,-35.51461588179938,IISC
2026-01-15 13:06:30,-36.32537218024657,IISC
2026-01-15 13:07:00,-40.39592632434482,IISC
2026-01-15 13:07:30,-37.38771904864503,IISC
2026-01-15 13:08:00,-34.325113797315076,IISC
2026-01-15 13:08:30,-33.029082369008265,IISC
2026-01-15 13:09:00,-36.97701442661527,IISC
2026-01-15 13:09:30,-35.03772709518044,IISC
2026-01-15 13:10:00,-36.22360266095934,IISC
2026-01-15 13:10:30,-37.2775631709185,IISC
2026-01-15 13:11:00,-41.46756616967107,IISC
2026-01-15 13:11:30,-40.84640943638519,IISC
2026-01-15 13:12:00,-38.30466469177756,IISC
2026-01-15 13:12:30,-37.372929596281665,IISC
2026-01-15 13:13:00,-31.13280341753533,IISC
2026-01-15 13:13:30,-33.79116380267362,IISC
2026-01-15 13:14:00,-35.9045246133156,IISC
2026-01-15 13:14:30,-37.54190326131551,IISC
2026-01-15 13:15:00,-33.03911199261454,IISC
2026-01-15 13:15:30,-32.188293873899624,IISC
2026-01-15 13:16:00,-35.94498310392255,IISC
2026-01-15 13:16:30,-36.435244724971795,IISC
2026-01-15 13:17:00,-35.774819476633226,IISC
2026-01-15 13:17:30,-35.774819476633226,IISC
2026-01-15 13:18:00,-31.92412376924468,IISC
2026-01-15 13:18:30,-29.96426719854096,IISC
2026-01-15 13:19:00,-34.952560283598544,IISC
2026-01-15 13:19:30,-34.33497343264617,IISC
2026-01-15 13:20:00,-33.65550889904314,IISC
2026-01-15 13:20:30,-36.363847406338294,IISC
2026-01-15 13:21:00,-36.00567081988481,IISC
2026-01-15 13:21:30,-32.14664543433597,IISC
2026-01-15 13:22:00,-34.356392620256955,IISC
2026-01-15 13:22:30,-33.445226772895815,IISC
2026-01-15 13:23:00,-34.99420871872927,IISC
2026-01-15 13:23:30,-34.70861942393044,IISC
2026-01-15 13:24:00,-38.032164891230615,IISC
2026-01-15 13:24:30,-35.91285430477467,IISC
2026-01-15 13:25:00,-30.907901850097723,IISC
2026-01-15 13:25:30,-27.054826222631142,IISC
2026-01-15 13:26:00,-28.12459614183555,IISC
2026-01-15 13:26:30,-32.605968214059885,IISC
2026-01-15 13:27:00,-32.768992103279764,IISC
2026-01-15 13:27:30,-35.599386047528704,IISC
2026-01-15 13:28:00,-34.09392246294782,IISC
2026-01-15 13:28:30,-31.701772094961658,IISC
2026-01-15 13:29:00,-32.49462238674338,IISC
2026-01-15 13:29:30,-29.539453129810372,IISC
2026-01-15 13:30:00,-31.452901422694215,IISC
2026-01-15 13:30:30,-31.091154979238233,IISC
2026-01-15 13:31:00,-32.982844104161295,IISC
2026-01-15 13:31:30,-31.11019426386942,IISC
2026-01-15 13:32:00,-27.50700929531611,IISC
2026-01-15 13:32:30,-30.431126371897125,IISC
2026-01-15 13:33:00,-30.54536209234976,IISC
2026-01-15 13:33:30,-30.475551375280464,IISC
2026-01-15 13:34:00,-30.224867432261345,IISC
2026-01-15 13:34:30,-30.615172807730314,IISC
2026-01-15 13:35:00,-27.197620876996584,IISC
2026-01-15 13:35:30,-22.561554598145587,IISC
2026-01-15 13:36:00,-25.031902018842416,IISC
2026-01-15 13:36:30,-23.434188554756776,IISC
2026-01-15 13:37:00,-29.077750441196297,IISC
2026-01-15 13:37:30,-29.977356716857305,IISC
2026-01-15 13:38:00,-28.00679055234819,IISC
2026-01-15 13:38:30,-28.322525383679494,IISC
2026-01-15 13:39:00,-27.65615035657167,IISC
2026-01-15 13:39:30,-29.78537723900618,IISC
2026-01-15 13:40:00,-30.741648071559837,IISC
2026-01-15 13:40:30,-28.928836003954537,IISC
2026-01-15 13:41:00,-24.193493436423587,IISC
2026-01-15 13:41:30,-23.348965087804704,IISC
2026-01-15 13:42:00,-23.369364329299298,IISC
2026-01-15 13:42:30,-17.330510612931178,IISC
2026-01-15 13:43:00,-18.699752636111548,IISC
2026-01-15 13:43:30,-18.044483846550765,IISC
2026-01-15 13:44:00,-21.755558136054805,IISC
2026-01-15 13:44:30,-21.912858903027374,IISC
2026-01-15 13:45:00,-19.288157248876754,IISC
2026-01-15 13:45:30,-18.18931843600023,IISC
2026-01-15 13:46:00,-15.050556036013111,IISC
2026-01-15 13:46:30,-13.428136834984496,IISC
2026-01-15 13:47:00,-16.68113493769253,IISC
2026-01-15 13:47:30,-22.236526772154775,IISC
2026-01-15 13:48:00,-23.227929621031574,IISC
2026-01-15 13:48:30,-18.30763400424516,IISC
2026-01-15 13:49:00,-17.548782426334206,IISC
2026-01-15 13:49:30,-13.54645239816322,IISC
2026-01-15 13:50:00,-17.37606890779012,IISC
2026-01-15 13:50:30,-20.268680518839375,IISC
2026-01-15 13:51:00,-22.18756860877961,IISC
2026-01-15 13:51:30,-18.42594956235768,IISC
2026-01-15 13:52:00,-16.063718068049294,IISC
2026-01-15 13:52:30,-16.23643159672579,IISC
2026-01-15 13:53:00,-19.10864397134666,IISC
2026-01-15 13:53:30,-19.304476634979743,IISC
2026-01-15 13:54:00,-16.660735711396548,IISC
2026-01-15 13:54:30,-19.798138139321647,IISC
2026-01-15 13:55:00,-18.940010298061768,IISC
2026-01-15 13:55:30,-15.257268303891403,IISC
2026-01-15 13:56:00,-14.37874121100452,IISC
2026-01-15 13:56:30,-19.12360341071865,IISC
2026-01-15 13:57:00,-19.877015181440793,IISC
2026-01-15 13:57:30,-22.58875357329516,IISC
2026-01-15 13:58:00,-20.91465630023077,IISC
2026-01-15 13:58:30,-20.431874390001663,IISC
2026-01-15 13:59:00,-21.60415047833817,IISC
2026-01-15 13:59:30,-22.430999489056866,IISC
2026-01-15 14:00:00,-24.44916385754463,IISC
2026-01-15 14:00:30,-20.15580474258464,IISC
2026-01-15 14:01:00,-17.117508589733294,IISC
2026-01-15 14:01:30,-18.603762886842485,IISC
2026-01-15 14:02:00,-17.455455924233913,IISC
2026-01-15 14:02:30,-16.65104606307407,IISC
2026-01-15 14:03:00,-19.68781227775287,IISC
2026-01-15 14:03:30,-18.87983254312537,IISC
2026-01-15 14:04:00,-14.83160424502275,IISC
2026-01-15 14:04:30,-16.529670613417842,IISC
2026-01-15 14:05:00,-18.790585897049958,IISC
2026-01-15 14:05:30,-17.719626033321788,IISC
2026-01-15 14:06:00,-18.087322246892253,IISC
2026-01-15 14:06:30,-17.15677711808477,IISC
2026-01-15 14:07:00,-18.002835414375333,IISC
2026-01-15 14:07:30,-17.457835831013156,IISC
2026-01-15 14:08:00,-17.829101922484213,IISC
2026-01-15 14:08:30,-18.11945103717428,IISC
2026-01-15 14:09:00,-17.109178898274223,IISC
2026-01-15 14:09:30,-15.357564538687532,IISC
2026-01-15 14:10:00,-12.820579603205465,IISC
2026-01-15 14:10:30,-17.57683136945721,IISC
2026-01-15 14:11:00,-17.0960893843908,IISC
2026-01-15 14:11:30,-17.924298353239454,IISC
2026-01-15 14:12:00,-16.35355721031455,IISC
2026-01-15 14:12:30,-18.3883809686865,IISC
2026-01-15 14:13:00,-21.083629970964097,IISC
2026-01-15 14:13:30,-20.07097792085186,IISC
2026-01-15 14:14:00,-20.168554258386347,IISC
2026-01-15 14:14:30,-23.181521360943407,IISC
2026-01-15 14:15:00,-17.58754097656139,IISC
2026-01-15 14:15:30,-15.779998701272143,IISC
2026-01-15 14:16:00,-15.533677946223758,IISC
2026-01-15 14:16:30,-20.37441654942535,IISC
2026-01-15 14:17:00,-21.973716622463414,IISC
2026-01-15 14:17:30,-21.90469920617623,IISC
2026-01-15 14:18:00,-20.28516989005115,IISC
2026-01-15 14:18:30,-18.308653954160995,IISC
2026-01-15 14:19:00,-17.84457134757981,IISC
2026-01-15 14:19:30,-17.654178486069327,IISC
2026-01-15 14:20:00,-16.12984559626656,IISC
2026-01-15 14:20:30,-18.46453810974435,IISC
2026-01-15 14:21:00,-18.676350167731467,IISC
2026-01-15 14:21:30,-15.400667370652863,IISC
2026-01-15 14:22:00,-16.30291800294123,IISC
2026-01-15 14:22:30,-19.189485393913102,IISC
2026-01-15 14:23:00,-19.014958597299497,IISC
2026-01-15 14:23:30,-17.199879945617173,IISC
2026-01-15 14:24:00,-19.11755920415115,IISC
2026-01-15 14:24:30,-25.253498167585956,IISC
2026-01-15 14:25:00,-23.230045101042087,IISC
2026-01-15 14:25:30,-22.21250100998457,IISC
2026-01-15 14:26:00,-19.767010420164823,IISC
2026-01-15 14:26:30,-19.375647310038264,IISC
2026-01-15 14:27:00,-22.825989119296125,IISC
2026-01-15 14:27:30,-29.062518997617236,IISC
2026-01-15 14:28:00,-25.267989177990867,IISC
2026-01-15 14:28:30,-19.630562195065234,IISC
2026-01-15 14:29:00,-20.443962832408058,IISC
2026-01-15 14:29:30,-21.178033097981945,IISC
2026-01-15 14:30:00,-19.587194937879175,IISC
2026-01-15 14:30:30,-15.953864409714008,IISC
2026-01-15 14:31:00,-13.501234099063982,IISC
2026-01-15 14:31:30,-18.00376094008149,IISC
2026-01-15 14:32:00,-17.850388901917555,IISC
2026-01-15 14:32:30,-20.036733649503862,IISC
2026-01-15 14:33:00,-22.971956983333833,IISC
2026-01-15 14:33:30,-19.579526328681276,IISC
2026-01-15 14:34:00,-14.56928517995898,IISC
2026-01-15 14:34:30,-17.503450793204145,IISC
2026-01-15 14:35:00,-17.328923996590536,IISC
2026-01-15 14:35:30,-18.585516911718535,IISC
2026-01-15 14:36:00,-20.01029019750139,IISC
2026-01-15 14:36:30,-18.625710955925214,IISC
2026-01-15 14:37:00,-16.07338881780887,IISC
2026-01-15 14:37:30,-14.003395277159191,IISC
2026-01-15 14:38:00,-12.13966067079763,IISC
2026-01-15 14:38:30,-14.26571434025277,IISC
2026-01-15 14:39:00,-16.988332313835873,IISC
2026-01-15 14:39:30,-16.617066233693418,IISC
2026-01-15 14:40:00,-16.54831325297046,IISC
2026-01-15 14:40:30,-16.92169481368634,IISC
2026-01-15 14:41:00,-15.79520368981842,IISC
2026-01-15 14:41:30,-17.010544824393403,IISC
2026-01-15 14:42:00,-20.107602098979108,IISC
2026-01-15 14:42:30,-20.806767013899105,IISC
2026-01-15 14:43:00,-17.424120433256352,IISC
2026-01-15 14:43:30,-17.18084065591978,IISC
2026-01-15 14:44:00,-14.40322029775831,IISC
2026-01-15 14:44:30,-17.961451411361008,IISC
2026-01-15 14:45:00,-17.118434109036336,IISC
2026-01-15 14:45:30,-18.978995494537756,IISC
2026-01-15 14:46:00,-13.864831591188086,IISC
2026-01-15 14:46:30,-18.45192458342288,IISC
2026-01-15 14:47:00,-20.012194120560558,IISC
2026-01-15 14:47:30,-16.207192696920135,IISC
2026-01-15 14:48:00,-19.71137338944424,IISC
2026-01-15 14:48:30,-20.017905900377087,IISC
2026-01-15 14:49:00,-18.617566375419436,IISC
2026-01-15 14:49:30,-18.87269281126202,IISC
2026-01-15 14:50:00,-21.672419909104654,IISC
2026-01-15 14:50:30,-22.396864763287898,IISC
2026-01-15 14:51:00,-20.82421969316643,IISC
2026-01-15 14:51:30,-19.100212307187302,IISC
2026-01-15 14:52:00,-17.58182919319851,IISC
2026-01-15 14:52:30,-18.913627289430927,IISC
2026-01-15 14:53:00,-19.199216581696646,IISC
2026-01-15 14:53:30,-18.073042782278968,IISC
2026-01-15 14:54:00,-17.23055435324996,IISC
2026-01-15 14:54:30,-16.586074498064047,IISC
2026-01-15 14:55:00,-16.752668249225955,IISC
2026-01-15 14:55:30,-16.945917016603254,IISC
2026-01-15 14:56:00,-17.592300800758906,IISC
2026-01-15 14:56:30,-16.919262021665936,IISC
2026-01-15 14:57:00,-16.76409183013708,IISC
2026-01-15 14:57:30,-11.124232048492393,IISC
2026-01-15 14:58:00,-13.099029168237784,IISC
2026-01-15 14:58:30,-13.774923836253926,IISC
2026-01-15 14:59:00,-17.38762847020221,IISC
2026-01-15 14:59:30,-21.407773824867036,IISC
2026-01-15 15:00:00,-16.409009128702706,IISC
2026-01-15 15:00:30,-14.826844427917914,IISC
2026-01-15 15:01:00,-16.445183782674096,IISC
2026-01-15 15:01:30,-15.667428924430842,IISC
2026-01-15 15:02:00,-10.11271705776127,IISC
2026-01-15 15:02:30,-15.685516244323846,IISC
2026-01-15 15:03:00,-17.250545602112705,IISC
2026-01-15 15:03:30,-17.724623837558198,IISC
2026-01-15 15:04:00,-16.250983056131453,IISC
2026-01-15 15:04:30,-14.799237456083526,IISC
2026-01-15 15:05:00,-15.150512285393045,IISC
2026-01-15 15:05:30,-19.183985157031422,IISC
2026-01-15 15:06:00,-18.88792424656628,IISC
2026-01-15 15:06:30,-18.3091299319705,IISC
2026-01-15 15:07:00,-14.31659154204738,IISC
2026-01-15 15:07:30,-13.561683827894651,IISC
2026-01-15 15:08:00,-14.642163335584936,IISC
2026-01-15 15:08:30,-11.9014580428969,IISC
2026-01-15 15:09:00,-10.936166211278259,IISC
2026-01-15 15:09:30,-12.030925184468414,IISC
2026-01-15 15:10:00,-13.861552585660244,IISC
2026-01-15 15:10:30,-16.47659860180893,IISC
2026-01-15 15:11:00,-14.39655654459105,IISC
2026-01-15 15:11:30,-15.219053721210969,IISC
2026-01-15 15:12:00,-14.328015108773124,IISC
2026-01-15 15:12:30,-15.710267317384114,IISC
2026-01-15 15:13:00,-17.121078449902164,IISC
2026-01-15 15:13:30,-16.69269450263772,IISC
2026-01-15 15:14:00,-14.954407636973347,IISC
2026-01-15 15:14:30,-15.957778047986773,IISC
2026-01-15 15:15:00,-16.844479930371588,IISC
2026-01-15 15:15:30,-17.309884710833526,IISC
2026-01-15 15:16:00,-18.15184427681187,IISC
2026-01-15 15:16:30,-14.486781614912571,IISC
2026-01-15 15:17:00,-14.183210759444837,IISC
2026-01-15 15:17:30,-15.658755472599593,IISC
2026-01-15 15:18:00,-16.841306709511446,IISC
2026-01-15 15:18:30,-16.128391210268,IISC
2026-01-15 15:19:00,-15.377397119808624,IISC
2026-01-15 15:19:30,-14.954301872007555,IISC
2026-01-15 15:20:00,-12.334284481633816,IISC
2026-01-15 15:20:30,-14.547072685162979,IISC
2026-01-15 15:21:00,-11.719738632035554,IISC
2026-01-15 15:21:30,-14.711022086790223,IISC
2026-01-15 15:22:00,-14.46139589531605,IISC
2026-01-15 15:22:30,-12.726705343868236,IISC
2026-01-15 15:23:00,-12.147064840983473,IISC
2026-01-15 15:23:30,-16.95567464947011,IISC
2026-01-15 15:24:00,-13.589290791749768,IISC
2026-01-15 15:24:30,-12.623046994759674,IISC
2026-01-15 15:25:00,-13.583341024801658,IISC
2026-01-15 15:25:30,-13.857030761006511,IISC
2026-01-15 15:26:00,-13.837991471309117,IISC
2026-01-15 15:26:30,-14.521025882812737,IISC
2026-01-15 15:27:00,-12.289859487116333,IISC
2026-01-15 15:27:30,-11.47355007432855,IISC
2026-01-15 15:28:00,-12.18157355134353,IISC
2026-01-15 15:28:30,-11.590165705993355,IISC
2026-01-15 15:29:00,-13.10259903086939,IISC
2026-01-15 15:29:30,-13.141867559220866,IISC
2026-01-15 15:30:00,-12.705153924930281,IISC
2026-01-15 15:30:30,-11.124893137156683,IISC
2026-01-15 15:31:00,-12.51952087254536,IISC
2026-01-15 15:31:30,-11.345034886602873,IISC
2026-01-15 15:32:00,-12.012599877443826,IISC
2026-01-15 15:32:30,-11.284347161774763,IISC
2026-01-15 15:33:00,-8.560539224951082,IISC
2026-01-15 15:33:30,-10.090821886134885,IISC
2026-01-15 15:34:00,-14.250906003821465,IISC
2026-01-15 15:34:30,-15.918959051179364,IISC
2026-01-15 15:35:00,-14.737465546673455,IISC
2026-01-15 15:35:30,-18.514648462243297,IISC
2026-01-15 15:36:00,-16.88150076947966,IISC
2026-01-15 15:36:30,-12.721416646375054,IISC
2026-01-15 15:37:00,-9.243573633006864,IISC
2026-01-15 15:37:30,-11.622426722677078,IISC
2026-01-15 15:38:00,-13.280960127156472,IISC
2026-01-15 15:38:30,-11.818108277740357,IISC
2026-01-15 15:39:00,-13.866947063880747,IISC
2026-01-15 15:39:30,-15.44086141879993,IISC
2026-01-15 15:40:00,-13.3338470351018,IISC
2026-01-15 15:40:30,-14.314370287051243,IISC
2026-01-15 15:41:00,-16.810632320004416,IISC
2026-01-15 15:41:30,-14.107053612476413,IISC
2026-01-15 15:42:00,-13.843676820917267,IISC
2026-01-15 15:42:30,-15.615388203592394,IISC
2026-01-15 15:43:00,-15.92953643434458,IISC
2026-01-15 15:43:30,-14.265714332372008,IISC
2026-01-15 15:44:00,-14.674001255562915,IISC
2026-01-15 15:44:30,-14.698329238813105,IISC
2026-01-15 15:45:00,-14.176864329545705,IISC
2026-01-15 15:45:30,-14.90458817310122,IISC
2026-01-15 15:46:00,-15.780395357327494,IISC
2026-01-15 15:46:30,-12.837767845430918,IISC
2026-01-15 15:47:00,-13.537990496697253,IISC
2026-01-15 15:47:30,-13.720979191962272,IISC
2026-01-15 15:48:00,-12.036002339420786,IISC
2026-01-15 15:48:30,-12.923444627397082,IISC
2026-01-15 15:49:00,-13.141338685137127,IISC
2026-01-15 15:49:30,-13.666637895063097,IISC
2026-01-15 15:50:00,-12.499291633891277,IISC
2026-01-15 15:50:30,-12.291049444938883,IISC
2026-01-15 15:51:00,-10.413299804405767,IISC
2026-01-15 15:51:30,-9.855210711593099,IISC
2026-01-15 15:52:00,-14.164039258614725,IISC
2026-01-15 15:52:30,-15.87281522968107,IISC
2026-01-15 15:53:00,-15.271887752780987,IISC
2026-01-15 15:53:30,-11.120133319165264,IISC
2026-01-15 15:54:00,-9.266182790753884,IISC
2026-01-15 15:54:30,-12.609957485309183,IISC
2026-01-15 15:55:00,-11.52114828970617,IISC
2026-01-15 15:55:30,-12.474302572812844,IISC
2026-01-15 15:56:00,-11.66989271608593,IISC
2026-01-15 15:56:30,-8.04290861831244,IISC
2026-01-15 15:57:00,-10.58227347387254,IISC
2026-01-15 15:57:30,-9.80761249178255,IISC
2026-01-15 15:58:00,-10.471607609155846,IISC
2026-01-15 15:58:30,-8.22140193706084,IISC
2026-01-15 15:59:00,-9.222154435545132,IISC
2026-01-15 15:59:30,-12.02687933585101,IISC
2026-01-15 16:00:00,-9.48156470890987,IISC
2026-01-15 16:00:30,-12.112556126190483,IISC
2026-01-15 16:01:00,-12.801540309075142,IISC
2026-01-15 16:01:30,-14.58885334127737,IISC
2026-01-15 16:02:00,-11.737720170117635,IISC
2026-01-15 16:02:30,-9.24000376741997,IISC
2026-01-15 16:03:00,-7.884644551516914,IISC
2026-01-15 16:03:30,-10.80717504574308,IISC
2026-01-15 16:04:00,-11.0868145577619,IISC
2026-01-15 16:04:30,-7.670452577884692,IISC
2026-01-15 16:05:00,-9.77032722400592,IISC
2026-01-15 16:05:30,-10.546707030121437,IISC
2026-01-15 16:06:00,-12.42524996503354,IISC
2026-01-15 16:06:30,-14.339755998767004,IISC
2026-01-15 16:07:00,-16.68793468710904,IISC
2026-01-15 16:07:30,-13.729441094554064,IISC
2026-01-15 16:08:00,-11.37385825178771,IISC
2026-01-15 16:08:30,-15.17113819340127,IISC
2026-01-15 16:09:00,-19.498344923231727,IISC
2026-01-15 16:09:30,-16.9523692189549,IISC
2026-01-15 16:10:00,-14.189557189343967,IISC
2026-01-15 16:10:30,-13.520008943346191,IISC
2026-01-15 16:11:00,-13.108548807175907,IISC
2026-01-15 16:11:30,-15.187004266178905,IISC
2026-01-15 16:12:00,-11.64887017467955,IISC
2026-01-15 16:12:30,-13.99176015764764,IISC
2026-01-15 16:13:00,-12.435827348198758,IISC
2026-01-15 16:13:30,-12.362843418150092,IISC
2026-01-15 16:14:00,-15.527595944993184,IISC
2026-01-15 16:14:30,-13.575011335805321,IISC
2026-01-15 16:15:00,-14.432969176828161,IISC
2026-01-15 16:15:30,-17.42213716726348,IISC
2026-01-15 16:16:00,-16.486832216031644,IISC
2026-01-15 16:16:30,-10.67695992713676,IISC
2026-01-15 16:17:00,-13.88677963564343,IISC
2026-01-15 16:17:30,-11.132693951084185,IISC
2026-01-15 16:18:00,-8.017655119207042,IISC
2026-01-15 16:18:30,-10.504397489579803,IISC
2026-01-15 16:19:00,-13.426266902529896,IISC
2026-01-15 16:19:30,-12.63800644173097,IISC
2026-01-15 16:20:00,-13.626179413322001,IISC
2026-01-15 16:20:30,-13.688057082673877,IISC
2026-01-15 16:21:00,-13.044291212820522,IISC
2026-01-15 16:21:30,-9.500604007473122,IISC
2026-01-15 16:22:00,-11.9542920505291,IISC
2026-01-15 16:22:30,-14.415119858252107,IISC
2026-01-15 16:23:00,-11.545211831481563,IISC
2026-01-15 16:23:30,-10.348909994484734,IISC
2026-01-15 16:24:00,-9.190686721121159,IISC
2026-01-15 16:24:30,-13.792773171576602,IISC
2026-01-15 16:25:00,-13.82014213056842,IISC
2026-01-15 16:25:30,-15.432531726355759,IISC
2026-01-15 16:26:00,-13.414367350901955,IISC
2026-01-15 16:26:30,-13.802292820858225,IISC
2026-01-15 16:27:00,-15.051745990036009,IISC
2026-01-15 16:27:30,-17.201995422250217,IISC
2026-01-15 16:28:00,-16.558229539098072,IISC
2026-01-15 16:28:30,-15.395643109216458,IISC
2026-01-15 16:29:00,-11.431901625899043,IISC
2026-01-15 16:29:30,-12.508811283172902,IISC
2026-01-15 16:30:00,-10.800035307673628,IISC
2026-01-15 16:30:30,-9.919468296590079,IISC
2026-01-15 16:31:00,-12.54331999353296,IISC
2026-01-15 16:31:30,-8.110736081210003,IISC
2026-01-15 16:32:00,-13.53098298256676,IISC
2026-01-15 16:32:30,-11.646093603964191,IISC
2026-01-15 16:33:00,-13.49341438952886,IISC
2026-01-15 16:33:30,-15.704691528187722,IISC
2026-01-15 16:34:00,-14.60857259864078,IISC
2026-01-15 16:34:30,-13.997955472784941,IISC
2026-01-15 16:35:00,-11.10806376533009,IISC
2026-01-15 16:35:30,-9.427166748478303,IISC
2026-01-15 16:36:00,-10.619842063110791,IISC
2026-01-15 16:36:30,-13.887799605190812,IISC
2026-01-15 16:37:00,-18.45042863897906,IISC
2026-01-15 16:37:30,-16.77497141918367,IISC
2026-01-15 16:38:00,-12.587688331624806,IISC
2026-01-15 16:38:30,-16.29082955715736,IISC
2026-01-15 16:39:00,-17.01432245420173,IISC
2026-01-15 16:39:30,-15.376943813801123,IISC
2026-01-15 16:40:00,-16.26312060198366,IISC
2026-01-15 16:40:30,-15.613404947450473,IISC
2026-01-15 16:41:00,-13.887969593465984,IISC
2026-01-15 16:41:30,-13.271572695903235,IISC
2026-01-15 16:42:00,-15.265937968101161,IISC
2026-01-15 16:42:30,-11.734150314381695,IISC
2026-01-15 16:43:00,-15.101724125491662,IISC
2026-01-15 16:43:30,-16.637956553623578,IISC
2026-01-15 16:44:00,-17.749374916824568,IISC
2026-01-15 16:44:30,-20.53506053629891,IISC
2026-01-15 16:45:00,-15.741410150719096,IISC
2026-01-15 16:45:30,-15.318466003044154,IISC
2026-01-15 16:46:00,-15.733250460200706,IISC
2026-01-15 16:46:30,-11.287577042860187,IISC
2026-01-15 16:47:00,-11.463010464998677,IISC
2026-01-15 16:47:30,-13.585890909090384,IISC
2026-01-15 16:48:00,-14.808485107533057,IISC
2026-01-15 16:48:30,-16.236431596725794,IISC
2026-01-15 16:49:00,-12.624406949089979,IISC
2026-01-15 16:49:30,-17.98855594266936,IISC
2026-01-15 16:50:00,-20.524350938060596,IISC
2026-01-15 16:50:30,-20.805180407901965,IISC
2026-01-15 16:51:00,-19.121393497914056,IISC
2026-01-15 16:51:30,-18.76797673388491,IISC
2026-01-15 16:52:00,-18.416939907665515,IISC
2026-01-15 16:52:30,-14.049803542595022,IISC
2026-01-15 16:53:00,-17.28410235242082,IISC
2026-01-15 16:53:30,-15.008397616425338,IISC
2026-01-15 16:54:00,-14.703769036995325,IISC
2026-01-15 16:54:30,-16.554659694127825,IISC
2026-01-15 16:55:00,-17.497104374563246,IISC
2026-01-15 16:55:30,-17.884689836305395,IISC
2026-01-15 16:56:00,-17.159837007728648,IISC
2026-01-15 16:56:30,-16.716493618559117,IISC
2026-01-15 16:57:00,-14.313463646327747,IISC
2026-01-15 16:57:30,-11.018307139230556,IISC
2026-01-15 16:58:00,-13.500214128250047,IISC
2026-01-15 16:58:30,-17.735095442585493,IISC
2026-01-15 16:59:00,-16.592738253257785,IISC
2026-01-15 16:59:30,-12.763121748697092,IISC
2026-01-15 17:00:00,-11.884594665942618,IISC
2026-01-15 17:00:30,-11.284857134199578,IISC
2026-01-15 17:01:00,-15.020637162335335,IISC
2026-01-15 17:01:30,-20.15580474258464,IISC
2026-01-15 17:02:00,-17.551502324862405,IISC
2026-01-15 17:02:30,-14.441298872086884,IISC
2026-01-15 17:03:00,-11.672442621272753,IISC
2026-01-15 17:03:30,-15.96285518835973,IISC
2026-01-15 17:04:00,-14.123977423570574,IISC
2026-01-15 17:04:30,-15.58682927889726,IISC
2026-01-15 17:05:00,-18.901931728799394,IISC
2026-01-15 17:05:30,-14.838403976144631,IISC
2026-01-15 17:06:00,-13.186065906504444,IISC
2026-01-15 17:06:30,-16.885127281711593,IISC
2026-01-15 17:07:00,-16.568259166503996,IISC
2026-01-15 17:07:30,-16.097716792052474,IISC
2026-01-15 17:08:00,-12.261300553836795,IISC
2026-01-15 17:08:30,-11.913833574698574,IISC
2026-01-15 17:09:00,-7.622061061724968,IISC
2026-01-15 17:09:30,-11.352174617284108,IISC
2026-01-15 17:10:00,-14.938224249596425,IISC
2026-01-15 17:10:30,-16.672068602510258,IISC
2026-01-15 17:11:00,-14.430192615963753,IISC
2026-01-15 17:11:30,-16.395998961003805,IISC
2026-01-15 17:12:00,-16.15483466030028,IISC
2026-01-15 17:12:30,-15.777222146318314,IISC
2026-01-15 17:13:00,-16.12310252262577,IISC
2026-01-15 17:13:30,-15.959681967499593,IISC
2026-01-15 17:14:00,-16.678415039164328,IISC
2026-01-15 17:14:30,-13.97347640629597,IISC
2026-01-15 17:15:00,-16.972164034613954,IISC
2026-01-15 17:15:30,-15.14983232469306,IISC
2026-01-15 17:16:00,-12.20282274307983,IISC
2026-01-15 17:16:30,-18.032584293445183,IISC
2026-01-15 17:17:00,-16.55465968336214,IISC
2026-01-15 17:17:30,-14.534908697478263,IISC
2026-01-15 17:18:00,-13.378272028634186,IISC
2026-01-15 17:18:30,-17.660524902669668,IISC
2026-01-15 17:19:00,-16.6324034363277,IISC
2026-01-15 17:19:30,-13.916131870971624,IISC
2026-01-15 17:20:00,-11.261738011908506,IISC
2026-01-15 17:20:30,-11.883688041543563,IISC
2026-01-15 17:21:00,-14.585680118939587,IISC
2026-01-15 17:21:30,-14.50521646976784,IISC
2026-01-15 17:22:00,-16.31258875551536,IISC
2026-01-15 17:22:30,-13.00247278371515,IISC
2026-01-15 17:23:00,-16.339787730664938,IISC
2026-01-15 17:23:30,-15.045116238956718,IISC
2026-01-15 17:24:00,-19.67574272581752,IISC
2026-01-15 17:24:30,-22.03933415672449,IISC
2026-01-15 17:25:00,-21.257363464121767,IISC
2026-01-15 17:25:30,-17.216954856556004,IISC
2026-01-15 17:26:00,-16.629456870722954,IISC
2026-01-15 17:26:30,-18.930490655746176,IISC
2026-01-15 17:27:00,-22.127220862401664,IISC
2026-01-15 17:27:30,-23.180331403120853,IISC
2026-01-15 17:28:00,-19.646163838189217,IISC
2026-01-15 17:28:30,-14.876822549188194,IISC
2026-01-15 17:29:00,-14.81375490871498,IISC
2026-01-15 17:29:30,-12.302948996566826,IISC
2026-01-15 17:30:00,-11.817447193508997,IISC
2026-01-15 17:30:30,-12.057818163877556,IISC
2026-01-15 17:31:00,-14.144999977783192,IISC
2026-01-15 17:31:30,-18.694199508472167,IISC
2026-01-15 17:32:00,-23.15653229986497,IISC
2026-01-15 17:32:30,-22.85309367572441,IISC
2026-01-15 17:33:00,-19.52954820652441,IISC
2026-01-15 17:33:30,-22.456838514309062,IISC
2026-01-15 17:34:00,-23.544457765388312,IISC
2026-01-15 17:34:30,-23.41118274637243,IISC
2026-01-15 17:35:00,-22.38901106027736,IISC
2026-01-15 17:35:30,-21.25974337850032,IISC
2026-01-15 17:36:00,-15.37898373516417,IISC
2026-01-15 17:36:30,-14.606702664286352,IISC
2026-01-15 17:37:00,-13.754694592181817,IISC
2026-01-15 17:37:30,-16.216712344428586,IISC
2026-01-15 17:38:00,-18.602572942318723,IISC
2026-01-15 17:38:30,-18.378861319404876,IISC
2026-01-15 17:39:00,-20.08525737482612,IISC
2026-01-15 17:39:30,-20.15308483772368,IISC
2026-01-15 17:40:00,-19.445061374007487,IISC
2026-01-15 17:40:30,-21.489404772795204,IISC
2026-01-15 17:41:00,-17.93381799808815,IISC
2026-01-15 17:41:30,-16.583218604609435,IISC
2026-01-15 17:42:00,-20.485082400843257,IISC
2026-01-15 17:42:30,-17.72200594010103,IISC
2026-01-15 17:43:00,-18.42526958139287,IISC
2026-01-15 17:43:30,-18.165859312461066,IISC
2026-01-15 17:44:00,-17.450696106242493,IISC
2026-01-15 17:44:30,-19.092834576666757,IISC
2026-01-15 17:45:00,-16.853338493944207,IISC
2026-01-15 17:45:30,-13.312541165267763,IISC
2026-01-15 17:46:00,-15.512938714880036,IISC
2026-01-15 17:46:30,-16.580498702281584,IISC
2026-01-15 17:47:00,-17.97444647760355,IISC
2026-01-15 17:47:30,-15.045116238956714,IISC
2026-01-15 17:48:00,-13.66340801461095,IISC
2026-01-15 17:48:30,-11.599005376210002,IISC
2026-01-15 17:49:00,-13.2486235574544,IISC
2026-01-15 17:49:30,-11.48884949341726,IISC
2026-01-15 17:50:00,-11.67652246653195,IISC
2026-01-15 17:50:30,-15.847486178120233,IISC
2026-01-15 17:51:00,-17.038801540955518,IISC
2026-01-15 17:51:30,-15.22870936681221,IISC
2026-01-15 17:52:00,-14.552814691478218,IISC
2026-01-15 17:52:30,-14.962159356644573,IISC
2026-01-15 17:53:00,-14.73096801721111,IISC
2026-01-15 17:53:30,-13.861960571706026,IISC
2026-01-15 17:54:00,-16.27179027252617,IISC
2026-01-15 17:54:30,-19.489429709566235,IISC
2026-01-15 17:55:00,-16.022919600258724,IISC
2026-01-15 17:55:30,-15.081834866554297,IISC
2026-01-15 17:56:00,-14.64121137591296,IISC
2026-01-15 17:56:30,-15.245028747848993,IISC
2026-01-15 17:57:00,-16.909606378597793,IISC
2026-01-15 17:57:30,-12.638006436664767,IISC
2026-01-15 17:58:00,-10.912231106763214,IISC
2026-01-15 17:58:30,-13.00791258077155,IISC
2026-01-15 17:59:00,-15.861085670761229,IISC
2026-01-15 17:59:30,-13.176546264188852,IISC
2026-01-15 18:00:00,-13.81028251993507,IISC
2026-01-15 18:00:30,-12.374176319959123,IISC
2026-01-15 18:01:00,-13.11670850163468,IISC
2026-01-15 18:01:30,-16.727373207605705,IISC
2026-01-15 18:02:00,-18.48170745938783,IISC
2026-01-15 18:02:30,-18.33483297432853,IISC
2026-01-15 18:03:00,-14.941760120216184,IISC
2026-01-15 18:03:30,-11.706441345275934,IISC
2026-01-15 18:04:00,-11.355574506065157,IISC
2026-01-15 18:04:30,-11.327015558853558,IISC
2026-01-15 18:05:00,-10.2621754598478,IISC
2026-01-15 18:05:30,-9.984745865699777,IISC
2026-01-15 18:06:00,-10.380491028092731,IISC
2026-01-15 18:06:30,-13.330220503167954,IISC
2026-01-15 18:07:00,-15.148472357697246,IISC
2026-01-15 18:07:30,-16.91504617565419,IISC
2026-01-15 18:08:00,-19.327595764870125,IISC
2026-01-15 18:08:30,-14.661610607275142,IISC
2026-01-15 18:09:00,-9.530522877351244,IISC
2026-01-15 18:09:30,-9.102138932619905,IISC
2026-01-15 18:10:00,-9.326530533332178,IISC
2026-01-15 18:10:30,-11.204620145349432,IISC
2026-01-15 18:11:00,-14.278104995858394,IISC
2026-01-15 18:11:30,-15.005677717897141,IISC
2026-01-15 18:12:00,-12.565929148465425,IISC
2026-01-15 18:12:30,-12.089946971891298,IISC
2026-01-15 18:13:00,-13.232304171351416,IISC
2026-01-15 18:13:30,-13.730045531084922,IISC
2026-01-15 18:14:00,-13.482534800482265,IISC
2026-01-15 18:14:30,-12.563209244871018,IISC
2026-01-15 18:15:00,-10.62800176376159,IISC
2026-01-15 18:15:30,-7.460680436827693,IISC
2026-01-15 18:16:00,-8.237211337440224,IISC
2026-01-15 18:16:30,-13.560051890804216,IISC
2026-01-15 18:17:00,-18.914171259510777,IISC
2026-01-15 18:17:30,-16.19563312893522,IISC
2026-01-15 18:18:00,-11.993390591871957,IISC
2026-01-15 18:18:30,-13.833401654891656,IISC
2026-01-15 18:19:00,-14.23594656613821,IISC
2026-01-15 18:19:30,-13.908198836552998,IISC
2026-01-15 18:20:00,-11.408612514699522,IISC
2026-01-15 18:20:30,-12.306178887151386,IISC
2026-01-15 18:21:00,-13.243183760398002,IISC
2026-01-15 18:21:30,-12.465292918120682,IISC
2026-01-15 18:22:00,-9.826991776395271,IISC
2026-01-15 18:22:30,-9.322450672874368,IISC
2026-01-15 18:23:00,-9.969786416195376,IISC
2026-01-15 18:23:30,-9.516923389776455,IISC
2026-01-15 18:24:00,-11.245418623272412,IISC
2026-01-15 18:24:30,-10.399530322856325,IISC
2026-01-15 18:25:00,-8.116175870667094,IISC
2026-01-15 18:25:30,-7.750349581951918,IISC
2026-01-15 18:26:00,-3.3264353579031956,IISC
2026-01-15 18:26:30,-8.495601662155673,IISC
2026-01-15 18:27:00,-9.35916930047195,IISC
2026-01-15 18:27:30,-10.966629067194779,IISC
2026-01-15 18:28:00,-10.199617813964048,IISC
2026-01-15 18:28:30,-6.217687001956634,IISC
2026-01-15 18:29:00,-6.677349792427768,IISC
2026-01-15 18:29:30,-7.629314115178788,IISC
2026-01-15 18:30:00,-10.413129810431116,IISC
2026-01-15 18:30:30,-12.220502086046224,IISC
2026-01-15 18:31:00,-10.283934643007186,IISC
2026-01-15 18:31:30,-9.98610580736457,IISC
2026-01-15 18:32:00,-10.03914383119755,IISC
2026-01-15 18:32:30,-10.006505043792957,IISC
2026-01-15 18:33:00,-7.743549843230729,IISC
2026-01-15 18:33:30,-8.433044001073304,IISC
2026-01-15 18:34:00,-7.691871776261155,IISC
2026-01-15 18:34:30,-9.03006163428815,IISC
2026-01-15 18:35:00,-5.484674487927693,IISC
2026-01-15 18:35:30,-3.5725861367086487,IISC
2026-01-15 18:36:00,-11.04437282037143,IISC
2026-01-15 18:36:30,-11.374387110109922,IISC
2026-01-15 18:37:00,-13.493414389528857,IISC
2026-01-15 18:37:30,-16.13035558452327,IISC
2026-01-15 18:38:00,-13.073190120117294,IISC
2026-01-15 18:38:30,-11.922673235204993,IISC
2026-01-15 18:39:00,-9.021901933637348,IISC
2026-01-15 18:39:30,-10.940790033709993,IISC
2026-01-15 18:40:00,-13.252703402713594,IISC
2026-01-15 18:40:30,-11.956671974406786,IISC
2026-01-15 18:41:00,-14.779926185652483,IISC
2026-01-15 18:41:30,-12.759041913570305,IISC
2026-01-15 18:42:00,-12.994313088130557,IISC
2026-01-15 18:42:30,-13.09902916373449,IISC
2026-01-15 18:43:00,-12.321138306258556,IISC
2026-01-15 18:43:30,-12.534650317924237,IISC
2026-01-15 18:44:00,-8.136575127360302,IISC
2026-01-15 18:44:30,-12.51697098002405,IISC
2026-01-15 18:45:00,-15.522458352129425,IISC
2026-01-15 18:45:30,-13.04327125657193,IISC
2026-01-15 18:46:00,-11.599005366077593,IISC
2026-01-15 18:46:30,-12.735922773547514,IISC
2026-01-15 18:47:00,-16.885127291844004,IISC
2026-01-15 18:47:30,-14.920000931990595,IISC
2026-01-15 18:48:00,-12.72232328090652,IISC
2026-01-15 18:48:30,-10.226816789113625,IISC
2026-01-15 18:49:00,-11.4412512919717,IISC
2026-01-15 18:49:30,-13.591330726411604,IISC
2026-01-15 18:50:00,-12.904556446832405,IISC
2026-01-15 18:50:30,-9.7780336079539,IISC
2026-01-15 18:51:00,-12.92903552851999,IISC
2026-01-15 18:51:30,-15.625814481002363,IISC
2026-01-15 18:52:00,-17.24415384183799,IISC
2026-01-15 18:52:30,-12.235461515285806,IISC
2026-01-15 18:53:00,-11.977071205768969,IISC
2026-01-15 18:53:30,-11.603085226535402,IISC
2026-01-15 18:54:00,-12.011069934838352,IISC
2026-01-15 18:54:30,-12.794400574172071,IISC
2026-01-15 18:55:00,-8.86958765152165,IISC
2026-01-15 18:55:30,-13.822522060778862,IISC
2026-01-15 18:56:00,-16.856568369963426,IISC
2026-01-15 18:56:30,-21.935978043050167,IISC
2026-01-15 18:57:00,-19.097764387366276,IISC
2026-01-15 18:57:30,-14.211467489516831,IISC
2026-01-15 18:58:00,-12.945354924755387,IISC
2026-01-15 18:58:30,-16.100436700713082,IISC
2026-01-15 18:59:00,-16.255470896555597,IISC
2026-01-15 18:59:30,-13.459415665525679,IISC
2026-01-15 19:00:00,-11.016947187433354,IISC
2026-01-15 19:00:30,-3.7833782245151073,IISC
2026-01-15 19:01:00,-1.359949051318788,IISC
2026-01-15 19:01:30,-0.17135358194549966,IISC
2026-01-15 19:02:00,3.340034845477984,IISC
2026-01-15 19:02:30,-0.9642038686610169,IISC
2026-01-15 19:03:00,-2.514545771357876,IISC
2026-01-15 19:03:30,-8.366406504864154,IISC
2026-01-15 19:04:00,-12.961674310858374,IISC
2026-01-15 19:04:30,-14.81120500606126,IISC
2026-01-15 19:05:00,-14.427699379445892,IISC
2026-01-15 19:05:30,-21.978476440454834,IISC
2026-01-15 19:06:00,-22.882842545928405,IISC
2026-01-15 19:06:30,-20.81826992178539,IISC
2026-01-15 19:07:00,-18.867933000363287,IISC
2026-01-15 19:07:30,-15.804987771216435,IISC
2026-01-15 19:08:00,-16.359506994994376,IISC
2026-01-15 19:08:30,-15.921603398448312,IISC
2026-01-15 19:09:00,-16.438044051697332,IISC
2026-01-15 19:09:30,-14.009345056420996,IISC
2026-01-15 19:10:00,-15.868055411689651,IISC
2026-01-15 19:10:30,-17.873130277692965,IISC
2026-01-15 19:11:00,-13.722565797466862,IISC
2026-01-15 19:11:30,-15.307586416530667,IISC
2026-01-15 19:12:00,-14.516266064821316,IISC
2026-01-15 19:12:30,-16.491592042888918,IISC
2026-01-15 19:13:00,-14.911331255115323,IISC
2026-01-15 19:13:30,-15.325435743972578,IISC
2026-01-15 19:14:00,-15.885904739131563,IISC
2026-01-15 19:14:30,-12.436224002283918,IISC
2026-01-15 19:15:00,-9.124578089144789,IISC
2026-01-15 19:15:30,-10.447808505899966,IISC
2026-01-15 19:16:00,-18.795345715041375,IISC
2026-01-15 19:16:30,-19.082124969562578,IISC
2026-01-15 19:17:00,-18.510266406599435,IISC
2026-01-15 19:17:30,-15.695171885872126,IISC
2026-01-15 19:18:00,-13.606290160717391,IISC
2026-01-15 19:18:30,-14.581373618424996,IISC
2026-01-15 19:19:00,-16.154834656078446,IISC
2026-01-15 19:19:30,-17.361449446868296,IISC
2026-01-15 19:20:00,-14.114061132024931,IISC
2026-01-15 19:20:30,-13.051430946457046,IISC
2026-01-15 19:21:00,-11.403342695785883,IISC
2026-01-15 19:21:30,-14.354432124558137,IISC
2026-01-15 19:22:00,-16.975903892557124,IISC
2026-01-15 19:22:30,-15.764529285042407,IISC
2026-01-15 19:23:00,-9.618409574795832,IISC
2026-01-15 19:23:30,-11.404532653608435,IISC
2026-01-15 19:24:00,-14.162849300792175,IISC
2026-01-15 19:24:30,-15.289737080222897,IISC
2026-01-15 19:25:00,-16.55465967449628,IISC
2026-01-15 19:25:30,-18.914341257918355,IISC
2026-01-15 19:26:00,-18.62399213879536,IISC
2026-01-15 19:26:30,-16.58559852468747,IISC
2026-01-15 19:27:00,-16.88427732197075,IISC
2026-01-15 19:27:30,-13.258483186452743,IISC
2026-01-15 19:28:00,-15.219529701680234,IISC
2026-01-15 19:28:30,-14.913711161894566,IISC
2026-01-15 19:29:00,-13.551892200285822,IISC
2026-01-15 19:29:30,-14.142110079580862,IISC
2026-01-15 19:30:00,-12.629846741080172,IISC
2026-01-15 19:30:30,-10.89999156591942,IISC
2026-01-15 19:31:00,-8.128415421643295,IISC
2026-01-15 19:31:30,-9.103498874284698,IISC
2026-01-15 19:32:00,-11.898194148451205,IISC
2026-01-15 19:32:30,-17.089119656127888,IISC
2026-01-15 19:33:00,-12.60162780271597,IISC
2026-01-15 19:33:30,-5.370268774766962,IISC
2026-01-15 19:34:00,-6.143739790168543,IISC
2026-01-15 19:34:30,-13.444456226153692,IISC
2026-01-15 19:35:00,-14.34066263667594,IISC
2026-01-15 19:35:30,-16.687934691612334,IISC
2026-01-15 19:36:00,-14.962159356644573,IISC
2026-01-15 19:36:30,-12.312978620806367,IISC
2026-01-15 19:37:00,-12.983433504150169,IISC
2026-01-15 19:37:30,-14.343382535204139,IISC
2026-01-15 19:38:00,-13.886439653393612,IISC
2026-01-15 19:38:30,-17.357029607960317,IISC
2026-01-15 19:39:00,-20.110926424468662,IISC
2026-01-15 19:39:30,-16.524740790052814,IISC
2026-01-15 19:40:00,-15.570056568773596,IISC
2026-01-15 19:40:30,-14.703769031929122,IISC
2026-01-15 19:41:00,-12.89775671317742,IISC
2026-01-15 19:41:30,-16.233711698197595,IISC
2026-01-15 19:42:00,-18.85433350708902,IISC
2026-01-15 19:42:30,-18.87337279678641,IISC
2026-01-15 19:43:00,-18.57418400934659,IISC
2026-01-15 19:43:30,-18.824414628345036,IISC
2026-01-15 19:44:00,-15.330705538821743,IISC
2026-01-15 19:44:30,-14.695609341410732,IISC
2026-01-15 19:45:00,-14.635771578856563,IISC
2026-01-15 19:45:30,-17.43726661200908,IISC
2026-01-15 19:46:00,-22.77098673922105,IISC
2026-01-15 19:46:30,-18.268195457854564,IISC
2026-01-15 19:47:00,-15.722370866087912,IISC
2026-01-15 19:47:30,-14.857443275974433,IISC
2026-01-15 19:48:00,-17.483504866723642,IISC
2026-01-15 19:48:30,-13.600850368727198,IISC
2026-01-15 19:49:00,-12.511531177901446,IISC
2026-01-15 19:49:30,-13.9109187401474,IISC
2026-01-15 19:50:00,-17.125838273593057,IISC
2026-01-15 19:50:30,-15.031516751381925,IISC
2026-01-15 19:51:00,-12.197382951089637,IISC
2026-01-15 19:51:30,-15.753649696629093,IISC
2026-01-15 19:52:00,-17.91596866178038,IISC
2026-01-15 19:52:30,-15.625814486068572,IISC
2026-01-15 19:53:00,-11.480689797832664,IISC
2026-01-15 19:53:30,-10.539605069194439,IISC
2026-01-15 19:54:00,-14.593613164334993,IISC
2026-01-15 19:54:30,-17.582781150337382,IISC
2026-01-15 19:55:00,-16.556019615527795,IISC
2026-01-15 19:55:30,-16.543780079750203,IISC
2026-01-15 19:56:00,-16.630816817453955,IISC
2026-01-15 19:56:30,-16.304429049798355,IISC
2026-01-15 19:57:00,-16.573698963560393,IISC
2026-01-15 19:57:30,-19.996690696416724,IISC
2026-01-15 19:58:00,-16.258190784951385,IISC
2026-01-15 19:58:30,-15.235509100467196,IISC
2026-01-15 19:59:00,-14.9036815408214,IISC
2026-01-15 19:59:30,-17.94588755065677,IISC
2026-01-15 20:00:00,-19.758699618262067,IISC
2026-01-15 20:00:30,-19.52886823062581,IISC
2026-01-15 20:01:00,-19.03792662987831,IISC
2026-01-15 20:01:30,-21.84350149815761,IISC
2026-01-15 20:02:00,-19.64990369739894,IISC
2026-01-15 20:02:30,-15.922283385112602,IISC
2026-01-15 20:03:00,-12.710083740062728,IISC
2026-01-15 20:03:30,-9.915388460830018,IISC
2026-01-15 20:04:00,-14.778566243987692,IISC
2026-01-15 20:04:30,-17.381508699780312,IISC
2026-01-15 20:05:00,-16.188833385147827,IISC
2026-01-15 20:05:30,-19.429591952078272,IISC
2026-01-15 20:06:00,-18.56602430869579,IISC
2026-01-15 20:06:30,-19.071018720194385,IISC
2026-01-15 20:07:00,-15.569376605540507,IISC
2026-01-15 20:07:30,-15.20445694544623,IISC
2026-01-15 20:08:00,-15.907323935608197,IISC
2026-01-15 20:08:30,-16.935445413771316,IISC
2026-01-15 20:09:00,-15.896217680329435,IISC
2026-01-15 20:09:30,-10.27486831035802,IISC
2026-01-15 20:10:00,-10.644547795831935,IISC
2026-01-15 20:10:30,-11.75358625816425,IISC
2026-01-15 20:11:00,-15.940642683712774,IISC
2026-01-15 20:11:30,-15.555097129401608,IISC
2026-01-15 20:12:00,-16.091370379040693,IISC
2026-01-15 20:12:30,-15.686785523210986,IISC
2026-01-15 20:13:00,-14.810978356716433,IISC
2026-01-15 20:13:30,-11.342654984256557,IISC
2026-01-15 20:14:00,-11.775798750990063,IISC
2026-01-15 20:14:30,-14.385767612580414,IISC
2026-01-15 20:15:00,-12.437413958628829,IISC
2026-01-15 20:15:30,-15.367877476930117,IISC
2026-01-15 20:16:00,-16.870394522081657,IISC
2026-01-15 20:16:30,-15.878765006972685,IISC
2026-01-15 20:17:00,-16.177047159036665,IISC
2026-01-15 20:17:30,-14.599052956325185,IISC
2026-01-15 20:18:00,-17.442706398933066,IISC
2026-01-15 20:18:30,-16.462183144169064,IISC
2026-01-15 20:19:00,-20.313558826822938,IISC
2026-01-15 20:19:30,-22.289564795987754,IISC
2026-01-15 20:20:00,-19.958612122088145,IISC
2026-01-15 20:20:30,-20.67394532354792,IISC
2026-01-15 20:21:00,-16.36698671088072,IISC
2026-01-15 20:21:30,-19.45271109716727,IISC
2026-01-15 20:22:00,-17.31351124670775,IISC
2026-01-15 20:22:30,-12.959407726218439,IISC
2026-01-15 20:23:00,-12.683338078801413,IISC
2026-01-15 20:23:30,-14.236626539503709,IISC
2026-01-15 20:24:00,-12.9070496825059,IISC
2026-01-15 20:24:30,-13.701939894384116,IISC
2026-01-15 20:25:00,-13.327500607172858,IISC
2026-01-15 20:25:30,-11.912246970179078,IISC
2026-01-15 20:26:00,-14.117630992827074,IISC
2026-01-15 20:26:30,-14.62081213948457,IISC
2026-01-15 20:27:00,-14.250906000443994,IISC
2026-01-15 20:27:30,-14.0741126265083,IISC
2026-01-15 20:28:00,-14.120350891355274,IISC
2026-01-15 20:28:30,-13.724605734028525,IISC
2026-01-15 20:29:00,-14.33386289795475,IISC
2026-01-15 20:29:30,-15.168871599191837,IISC
2026-01-15 20:30:00,-16.43090431362788,IISC
2026-01-15 20:30:30,-18.820334778019635,IISC
2026-01-15 20:31:00,-19.79813814438785,IISC
2026-01-15 20:31:30,-11.798011243815873,IISC
2026-01-15 20:32:00,-10.462087974650654,IISC
2026-01-15 20:32:30,-18.347072505039915,IISC
2026-01-15 20:33:00,-15.784928527170276,IISC
2026-01-15 20:33:30,-15.348384871655727,IISC
2026-01-15 20:34:00,-8.045458529198743,IISC
2026-01-15 20:34:30,-11.845156155015456,IISC
2026-01-15 20:35:00,-11.585405877658436,IISC
2026-01-15 20:35:30,-12.400921989664113,IISC
2026-01-15 20:36:00,-13.003832711870066,IISC
2026-01-15 20:36:30,-13.74160508420897,IISC
2026-01-15 20:37:00,-12.307312163428369,IISC
2026-01-15 20:37:30,-11.190340678498572,IISC
2026-01-15 20:38:00,-10.849220133481316,IISC
2026-01-15 20:38:30,-12.434240743679263,IISC
2026-01-15 20:39:00,-17.111558822785184,IISC
2026-01-15 20:39:30,-12.856278261044572,IISC
2026-01-15 20:40:00,-12.556409492639949,IISC
2026-01-15 20:40:30,-9.365742383937743,IISC
2026-01-15 20:41:00,-8.197999477546617,IISC
2026-01-15 20:41:30,-12.532610377562923,IISC
2026-01-15 20:42:00,-9.854417409333351,IISC
2026-01-15 20:42:30,-10.825421024314863,IISC
2026-01-15 20:43:00,-8.885907037624637,IISC
2026-01-15 20:43:30,-7.559956730573846,IISC
2026-01-15 20:44:00,-7.701391418576749,IISC
2026-01-15 20:44:30,-7.6129947290758,IISC
2026-01-15 20:45:00,-9.855550698275847,IISC
2026-01-15 20:45:30,-8.16513403910847,IISC
2026-01-15 20:46:00,-18.882212467636332,IISC
2026-01-15 20:46:30,-14.419879671810595,IISC
2026-01-15 20:47:00,-11.905503890627715,IISC
2026-01-15 20:47:30,-12.668265312223907,IISC
2026-01-15 20:48:00,-13.78087361551573,IISC
2026-01-15 20:48:30,-14.800665399264489,IISC
2026-01-15 20:49:00,-11.94358246115664,IISC
2026-01-15 20:49:30,-15.403972796242599,IISC
2026-01-15 20:50:00,-13.315601055544919,IISC
2026-01-15 20:50:30,-12.72776307922947,IISC
2026-01-15 20:51:00,-11.512818598247097,IISC
2026-01-15 20:51:30,-12.953854604489631,IISC
2026-01-15 20:52:00,-19.619984823721158,IISC
2026-01-15 20:52:30,-16.626057006428567,IISC
2026-01-15 20:53:00,-10.87976232663206,IISC
2026-01-15 20:53:30,-14.130720506077221,IISC
2026-01-15 20:54:00,-8.611197336938611,IISC
2026-01-15 20:54:30,-8.857348105611653,IISC
2026-01-15 20:55:00,-8.60439758808501,IISC
2026-01-15 20:55:30,-13.16209679787495,IISC
2026-01-15 20:56:00,-11.82458691827966,IISC
2026-01-15 20:56:30,-10.30263395298786,IISC
2026-01-15 20:57:00,-10.181258494465776,IISC
2026-01-15 20:57:30,-11.535427748113353,IISC
2026-01-15 20:58:00,-10.001575226760684,IISC
2026-01-15 20:58:30,-11.161781758728916,IISC
2026-01-15 20:59:00,-7.6959516215203525,IISC
2026-01-15 20:59:30,-6.300643904533595,IISC
2026-01-15 21:00:00,-7.909463623053625,IISC
2026-01-15 21:00:30,-9.12117821725109,IISC
2026-01-15 21:01:00,-6.430519044689747,IISC
2026-01-15 21:01:30,-8.942514910227523,IISC
2026-01-15 21:02:00,-6.260355412967492,IISC
2026-01-15 21:02:30,-2.9332400924644837,IISC
2026-01-15 21:03:00,-3.059375360112126,IISC
2026-01-15 21:03:30,-4.318348187437394,IISC
2026-01-15 21:04:00,-6.336512562891199,IISC
2026-01-15 21:04:30,-2.744037171044837,IISC
2026-01-15 21:05:00,-2.2525855788742515,IISC
2026-01-15 21:05:30,-1.4219967121122128,IISC
2026-01-15 21:06:00,0.9983725961379792,IISC
2026-01-15 21:06:30,-0.6473357477539383,IISC
2026-01-15 21:07:00,-1.6504681663162648,IISC
2026-01-15 21:07:30,1.536232441430704,IISC
2026-01-15 21:08:00,1.568361227279798,IISC
2026-01-15 21:08:30,0.2177618426669461,IISC
2026-01-15 21:09:00,-1.7968326681850626,IISC
2026-01-15 21:09:30,-1.122127957006376,IISC
2026-01-15 21:10:00,0.23561117010885613,IISC
2026-01-15 21:10:30,-1.2089946963025444,IISC
2026-01-15 21:11:00,-0.6163969064286062,IISC
2026-01-15 21:11:30,-6.5704577964814135,IISC
2026-01-15 21:12:00,-7.716622841215494,IISC
2026-01-15 21:12:30,-8.315408404674011,IISC
2026-01-15 21:13:00,-7.699487487580529,IISC
2026-01-15 21:13:30,-7.138780503516793,IISC
2026-01-15 21:14:00,-8.465818772005345,IISC
2026-01-15 21:14:30,-7.913679466532263,IISC
2026-01-15 21:15:00,-8.15833429481445,IISC
2026-01-15 21:15:30,-7.501478913737435,IISC
2026-01-15 21:16:00,-10.265031357608683,IISC
2026-01-15 21:16:30,-8.404893059159068,IISC
2026-01-15 21:17:00,-10.403066188409884,IISC
2026-01-15 21:17:30,-11.69297784021535,IISC
2026-01-15 21:18:00,-13.085701656386735,IISC
2026-01-15 21:18:30,-3.7063144542734525,IISC
2026-01-15 21:19:00,-3.052632281053312,IISC
2026-01-15 21:19:30,-3.526498968047425,IISC
2026-01-15 21:20:00,-2.707809652913328,IISC
2026-01-15 21:20:30,1.0471607639201261,IISC
2026-01-15 21:21:00,-0.9234054025591794,IISC
2026-01-15 21:21:30,-1.990663184642264,IISC
2026-01-15 21:22:00,3.088595375934289,IISC
2026-01-15 21:22:30,1.6902655618558104,IISC
2026-01-15 21:23:00,-4.816939501423357,IISC
2026-01-15 21:23:30,-4.893096656272541,IISC
2026-01-15 21:24:00,-6.442683024001149,IISC
2026-01-15 21:24:30,-6.144400869966977,IISC
2026-01-15 21:25:00,-4.709050216780428,IISC
2026-01-15 21:25:30,-0.6780101564703302,IISC
2026-01-15 21:26:00,0.2813583370294427,IISC
2026-01-15 21:26:30,-4.861364502836507,IISC
2026-01-15 21:27:00,-4.234125789499602,IISC
2026-01-15 21:27:30,-1.9948941418487327,IISC
2026-01-15 21:28:00,-4.851844852077239,IISC
2026-01-15 21:28:30,-2.529051906974013,IISC
2026-01-15 21:29:00,-4.306051975321172,IISC
2026-01-15 21:29:30,-1.9547000858209058,IISC
2026-01-15 21:30:00,-0.7319547928812232,IISC
2026-01-15 21:30:30,-3.3045061750696796,IISC
2026-01-15 21:31:00,-0.8222591886017532,IISC
2026-01-15 21:31:30,-2.1383498717204072,IISC
2026-01-15 21:32:00,1.1137982566814446,IISC
2026-01-15 21:32:30,4.132885137259707,IISC
2026-01-15 21:33:00,0.2339112278292517,IISC
2026-01-15 21:33:30,1.4755447159693162,IISC
2026-01-15 21:34:00,5.43571631948632,IISC
2026-01-15 21:34:30,3.840496093607283,IISC
2026-01-15 21:35:00,1.6033799265298387,IISC
2026-01-15 21:35:30,-0.6146969609826242,IISC
2026-01-15 21:36:00,-0.363106390186977,IISC
2026-01-15 21:36:30,2.00864473630459,IISC
2026-01-15 21:37:00,3.084364434489347,IISC
2026-01-15 21:37:30,-1.6219092184713888,IISC
2026-01-15 21:38:00,0.8293989266712039,IISC
2026-01-15 21:38:30,1.5207630119021784,IISC
2026-01-15 21:39:00,-0.06425758942990822,IISC
2026-01-15 21:39:30,-2.6309914172806153,IISC
2026-01-15 21:40:00,-2.1133608106419737,IISC
2026-01-15 21:40:30,-4.624166727223059,IISC
2026-01-15 21:41:00,-4.498560321345461,IISC
2026-01-15 21:41:30,-1.5823762653917375,IISC
2026-01-15 21:42:00,-2.0223953301975355,IISC
2026-01-15 21:42:30,-1.2534197021486229,IISC
2026-01-15 21:43:00,0.5415619353111233,IISC
2026-01-15 21:43:30,-0.49184823640479153,IISC
2026-01-15 21:44:00,-3.0240733445370345,IISC
2026-01-15 21:44:30,-1.8796006751988155,IISC
2026-01-15 21:45:00,-0.12587083405360822,IISC
2026-01-15 21:45:30,-3.520152542088678,IISC
2026-01-15 21:46:00,-1.2068792201620484,IISC
2026-01-15 21:46:30,-1.2132256579419425,IISC
2026-01-15 21:47:00,-3.4270715741751436,IISC
2026-01-15 21:47:30,-6.318927662640203,IISC
2026-01-15 21:48:00,-3.0737870552645106,IISC
2026-01-15 21:48:30,-4.582121642440106,IISC
2026-01-15 21:49:00,-8.00073131796384,IISC
2026-01-15 21:49:30,-5.949777051250027,IISC
2026-01-15 21:50:00,-3.061094187585487,IISC
2026-01-15 21:50:30,-2.7649275062439744,IISC
2026-01-15 21:51:00,-6.928184834447191,IISC
2026-01-15 21:51:30,-5.529855008547568,IISC
2026-01-15 21:52:00,-2.4729917821089327,IISC
2026-01-15 21:52:30,1.0344679041218643,IISC
2026-01-15 21:53:00,0.6674327733051124,IISC
2026-01-15 21:53:30,-2.789255477673022,IISC
2026-01-15 21:54:00,-2.70040547484672,IISC
2026-01-15 21:54:30,-0.876997137615896,IISC
2026-01-15 21:55:00,3.284276936415594,IISC
2026-01-15 21:55:30,8.139295002457303,IISC
2026-01-15 21:56:00,5.220334394997581,IISC
2026-01-15 21:56:30,1.7349549855343998,IISC
2026-01-15 21:57:00,-0.14398460395541185,IISC
2026-01-15 21:57:30,1.9433671766940235,IISC
2026-01-15 21:58:00,0.18903291477948336,IISC
2026-01-15 21:58:30,1.3096309310802141,IISC
2026-01-15 21:59:00,6.000095165296573,IISC
2026-01-15 21:59:30,10.047303516649734,IISC
2026-01-15 22:00:00,9.48564456936768,IISC
2026-01-15 22:00:30,7.5789960101388285,IISC
2026-01-15 22:01:00,4.727182866880146,IISC
2026-01-15 22:01:30,-0.3569866138545086,IISC
2026-01-15 22:02:00,1.0059089794267322,IISC
2026-01-15 22:02:30,3.2421185187276476,IISC
2026-01-15 22:03:00,0.22133171170167087,IISC
2026-01-15 22:03:30,-0.7984600897788017,IISC
2026-01-15 22:04:00,0.45575292398797695,IISC
2026-01-15 22:04:30,3.5472570832479855,IISC
2026-01-15 22:05:00,1.3113308562613777,IISC
2026-01-15 22:05:30,2.3144632792566338,IISC
2026-01-15 22:06:00,2.583393197470066,IISC
2026-01-15 22:06:30,2.965368887179438,IISC
2026-01-15 22:07:00,3.624604186561317,IISC
2026-01-15 22:07:30,3.9280428107018777,IISC
2026-01-15 22:08:00,1.4636451516758626,IISC
2026-01-15 22:08:30,5.094199114051149,IISC
2026-01-15 22:09:00,2.3156532193474666,IISC
2026-01-15 22:09:30,0.08329688356022946,IISC
2026-01-15 22:10:00,2.3085135034426623,IISC
2026-01-15 22:10:30,3.563916466166134,IISC
2026-01-15 22:11:00,1.9134482998498683,IISC
2026-01-15 22:11:30,1.3390964880551683,IISC
2026-01-15 22:12:00,-0.35645775553229697,IISC
2026-01-15 22:12:30,-0.2337601305176814,IISC
2026-01-15 22:13:00,-0.21260536024686535,IISC
2026-01-15 22:13:30,-0.5701208521254936,IISC
2026-01-15 22:14:00,-1.9081596117150939,IISC
2026-01-15 22:14:30,1.226976242265389,IISC
2026-01-15 22:15:00,-0.8366708684851589,IISC
2026-01-15 22:15:30,-2.3090423647201597,IISC
2026-01-15 22:16:00,-0.18933512516414946,IISC
2026-01-15 22:16:30,0.5775250301921,IISC
2026-01-15 22:17:00,1.0386988652687148,IISC
2026-01-15 22:17:30,2.927819175465273,IISC
2026-01-15 22:18:00,3.7221805191703243,IISC
2026-01-15 22:18:30,4.253165079196994,IISC
2026-01-15 22:19:00,-1.8034435321707771,IISC
2026-01-15 22:19:30,1.1867821941183252,IISC
2026-01-15 22:20:00,-1.1645696953819409,IISC
2026-01-15 22:20:30,-0.05923333390407334,IISC
2026-01-15 22:21:00,-0.7742643216017113,IISC
2026-01-15 22:21:30,0.8578256308752122,IISC
2026-01-15 22:22:00,5.150127017932558,IISC
2026-01-15 22:22:30,1.0915857574525132,IISC
2026-01-15 22:23:00,5.42936988620972,IISC
2026-01-15 22:23:30,4.770399023377163,IISC
2026-01-15 22:24:00,3.165810259249041,IISC
2026-01-15 22:24:30,0.8341587490955522,IISC
2026-01-15 22:25:00,-0.811549594796365,IISC
2026-01-15 22:25:30,-3.2377364490109937,IISC
2026-01-15 22:26:00,-2.987052513309727,IISC
2026-01-15 22:26:30,-0.2527994162746918,IISC
2026-01-15 22:27:00,0.23442121671923455,IISC
2026-01-15 22:27:30,0.7792508042069333,IISC
2026-01-15 22:28:00,3.0129671025570577,IISC
2026-01-15 22:28:30,8.598617791047076,IISC
2026-01-15 22:29:00,8.301128942720483,IISC
2026-01-15 22:29:30,8.561729182773632,IISC
2026-01-15 22:30:00,7.7894481118958145,IISC
2026-01-15 22:30:30,6.515005877206669,IISC
2026-01-15 22:31:00,5.973576162879218,IISC
2026-01-15 22:31:30,6.5578442745928704,IISC
2026-01-15 22:32:00,5.191775464884422,IISC
2026-01-15 22:32:30,3.453250601449439,IISC
2026-01-15 22:33:00,8.361816671981527,IISC
2026-01-15 22:33:30,4.565858895875402,IISC
2026-01-15 22:34:00,6.372211231073809,IISC
2026-01-15 22:34:30,4.838698686271478,IISC
2026-01-15 22:35:00,3.911213440141836,IISC
2026-01-15 22:35:30,4.8243436716092,IISC
2026-01-15 22:36:00,4.868768673022349,IISC
2026-01-15 22:36:30,5.217822262309185,IISC
2026-01-15 22:37:00,4.147391259365963,IISC
2026-01-15 22:37:30,2.000182831461151,IISC
2026-01-15 22:38:00,8.5095033634926,IISC
2026-01-15 22:38:30,6.802314000393584,IISC
2026-01-15 22:39:00,9.584165311821144,IISC
2026-01-15 22:39:30,8.917790286683507,IISC
2026-01-15 22:40:00,9.06904684427402,IISC
2026-01-15 22:40:30,6.966263405961213,IISC
2026-01-15 22:41:00,10.145559830716097,IISC
2026-01-15 22:41:30,10.203867644332036,IISC
2026-01-15 22:42:00,7.0980840222319115,IISC
2026-01-15 22:42:30,6.122320584826049,IISC
2026-01-15 22:43:00,7.740659938695643,IISC
2026-01-15 22:43:30,5.4630852898771,IISC
2026-01-15 22:44:00,5.354799336372579,IISC
2026-01-15 22:44:30,6.128270365072948,IISC
2026-01-15 22:45:00,8.902056428486425,IISC
2026-01-15 22:45:30,7.981030940094706,IISC
2026-01-15 22:46:00,8.443923597719202,IISC
2026-01-15 22:46:30,9.103158892668153,IISC
2026-01-15 22:47:00,8.142864880357887,IISC
2026-01-15 22:47:30,8.33444769525799,IISC
2026-01-15 22:48:00,7.802537630212165,IISC
2026-01-15 22:48:30,7.368203911566685,IISC
2026-01-15 22:49:00,5.661807847279584,IISC
2026-01-15 22:49:30,6.861282898733433,IISC
2026-01-15 22:50:00,13.56073186163661,IISC
2026-01-15 22:50:30,13.655928296824781,IISC
2026-01-15 22:51:00,11.005897594279704,IISC
2026-01-15 22:51:30,12.100656565696685,IISC
2026-01-15 22:52:00,15.077925004504065,IISC
2026-01-15 22:52:30,12.350547207511514,IISC
2026-01-15 22:53:00,9.889719413087295,IISC
2026-01-15 22:53:30,12.845568664283899,IISC
2026-01-15 22:54:00,12.662315527544079,IISC
2026-01-15 22:54:30,10.48112725400454,IISC
2026-01-15 22:55:00,7.678782264910836,IISC
2026-01-15 22:55:30,10.765526606179428,IISC
2026-01-15 22:56:00,12.670645219003156,IISC
2026-01-15 22:56:30,10.941640000416864,IISC
2026-01-15 22:57:00,11.988800769755015,IISC
2026-01-15 22:57:30,11.752679615189109,IISC
2026-01-15 22:58:00,10.938070140248,IISC
2026-01-15 22:58:30,8.69687411777895,IISC
2026-01-15 22:59:00,10.070422656672529,IISC
2026-01-15 22:59:30,9.273492509499201,IISC
2026-01-15 23:00:00,7.384523293236741,IISC
2026-01-15 23:00:30,6.4257592165659165,IISC
2026-01-15 23:01:00,5.64922831595339,IISC
2026-01-15 23:01:30,5.363639021154564,IISC
2026-01-15 23:02:00,8.046818480995945,IISC
2026-01-15 23:02:30,7.429401621485122,IISC
2026-01-15 23:03:00,8.603037631221602,IISC
2026-01-15 23:03:30,6.711348521497151,IISC
2026-01-15 23:04:00,5.866820162745857,IISC
2026-01-15 23:04:30,7.395402887349536,IISC
2026-01-15 23:05:00,10.28121474954519,IISC
2026-01-15 23:05:30,6.743987293703127,IISC
2026-01-15 23:06:00,6.171448747242072,IISC
2026-01-15 23:06:30,5.962016601100408,IISC
2026-01-15 23:07:00,7.747629683423718,IISC
2026-01-15 23:07:30,11.230459188966629,IISC
2026-01-15 23:08:00,11.600365322940998,IISC
2026-01-15 23:08:30,13.610370005976586,IISC
2026-01-15 23:09:00,9.933067793663998,IISC
2026-01-15 23:09:30,6.16328905672368,IISC
2026-01-15 23:10:00,7.2104498026306345,IISC
2026-01-15 23:10:30,8.498321560683873,IISC
2026-01-15 23:11:00,9.850110911351859,IISC
2026-01-15 23:11:30,6.008254860881169,IISC
2026-01-15 23:12:00,7.614354680873004,IISC
2026-01-15 23:12:30,9.874589987973238,IISC
2026-01-15 23:13:00,8.963424133012792,IISC
2026-01-15 23:13:30,7.743549848296934,IISC
2026-01-15 23:14:00,11.016607196950952,IISC
2026-01-15 23:14:30,10.30263394855493,IISC
2026-01-15 23:15:00,9.046041032441838,IISC
2026-01-15 23:15:30,11.460460564878058,IISC
2026-01-15 23:16:00,12.683734732886576,IISC
2026-01-15 23:16:30,9.276892393425134,IISC
2026-01-15 23:17:00,6.272254977894218,IISC
2026-01-15 23:17:30,10.889281962614898,IISC
2026-01-15 23:18:00,11.424761901128377,IISC
2026-01-15 23:18:30,12.625426910404778,IISC
2026-01-15 23:19:00,6.04021367238716,IISC
2026-01-15 23:19:30,8.383235868458165,IISC
2026-01-15 23:20:00,11.240318815431868,IISC
2026-01-15 23:20:30,8.05599813662879,IISC
2026-01-15 23:21:00,7.076664830188202,IISC
2026-01-15 23:21:30,6.106851168596312,IISC
2026-01-15 23:22:00,9.60294017186488,IISC
2026-01-15 23:22:30,9.279272300204378,IISC
2026-01-15 23:23:00,11.987610807499534,IISC
2026-01-15 23:23:30,11.90907375966244,IISC
2026-01-15 23:24:00,9.604130120821576,IISC
2026-01-15 23:24:30,14.685239729855162,IISC
2026-01-15 23:25:00,13.66187807707168,IISC
2026-01-15 23:25:30,12.106606354809443,IISC
2026-01-15 23:26:00,9.462525428078337,IISC
2026-01-15 23:26:30,9.329250431227102,IISC
2026-01-15 23:27:00,9.00082273270932,IISC
2026-01-15 23:27:30,9.945647328789848,IISC
2026-01-15 23:28:00,9.844501117787711,IISC
2026-01-15 23:28:30,9.295931669823737,IISC
2026-01-15 23:29:00,9.249523407835738,IISC
2026-01-15 23:29:30,11.750809688433986,IISC
2026-01-15 23:30:00,9.269752650922753,IISC
2026-01-15 23:30:30,10.633441544986098,IISC
2026-01-15 23:31:00,12.841998795249172,IISC
2026-01-15 23:31:30,14.03076425733056,IISC
2026-01-15 23:32:00,10.51087614637318,IISC
2026-01-15 23:32:30,12.10422645246313,IISC
2026-01-15 23:33:00,12.45883315215018,IISC
2026-01-15 23:33:30,11.017797145907643,IISC
2026-01-15 23:34:00,9.300691487815156,IISC
2026-01-15 23:34:30,10.446618556943273,IISC
2026-01-15 23:35:00,10.833354069076991,IISC
2026-01-15 23:35:30,9.844501108921852,IISC
2026-01-15 23:36:00,13.690437007184839,IISC
2026-01-15 23:36:30,9.181695953804034,IISC
2026-01-15 23:37:00,7.180190956835446,IISC
2026-01-15 23:37:30,10.596552936712655,IISC
2026-01-15 23:38:00,13.02644188981154,IISC
2026-01-15 23:38:30,13.203745246304461,IISC
2026-01-15 23:39:00,10.932120355568168,IISC
2026-01-15 23:39:30,8.183323357666056,IISC
2026-01-15 23:40:00,7.5883456565799445,IISC
2026-01-15 23:40:30,8.443923597719204,IISC
2026-01-15 23:41:00,6.244886001170684,IISC
2026-01-15 23:41:30,7.3872431928907645,IISC
2026-01-15 23:42:00,7.962652746449821,IISC
2026-01-15 23:42:30,9.046834341597254,IISC
2026-01-15 23:43:00,7.360799729067147,IISC
2026-01-15 23:43:30,8.420653348845153,IISC
2026-01-15 23:44:00,11.246929665626247,IISC
2026-01-15 23:44:30,12.419961275421123,IISC
2026-01-15 23:45:00,11.072402888714544,IISC
2026-01-15 23:45:30,11.666851720149847,IISC
2026-01-15 23:46:00,13.107491070829578,IISC
2026-01-15 23:46:30,11.343183842578771,IISC
2026-01-15 23:47:00,6.461722321579305,IISC
2026-01-15 23:47:30,8.472482524384528,IISC
2026-01-15 23:48:00,10.833354064644062,IISC
2026-01-15 23:48:30,13.082105351233057,IISC
2026-01-15 23:49:00,10.42400939722606,IISC
2026-01-15 23:49:30,5.748806810514711,IISC
2026-01-15 23:50:00,3.32552873125249,IISC
2026-01-15 23:50:30,7.087903302510259,IISC
2026-01-15 23:51:00,12.203124969788934,IISC
2026-01-15 23:51:30,12.422076752054167,IISC
2026-01-15 23:52:00,13.455486923770083,IISC
2026-01-15 23:52:30,11.874168402605441,IISC
2026-01-15 23:53:00,8.732686110845066,IISC
2026-01-15 23:53:30,6.7187526871797,IISC
2026-01-15 23:54:00,9.19068672900192,IISC
2026-01-15 23:54:30,9.03096827276,IISC
2026-01-15 23:55:00,13.378272032574566,IISC
2026-01-15 23:55:30,13.873293493779876,IISC
2026-01-15 23:56:00,11.496555872861942,IISC
2026-01-15 23:56:30,9.048949814289912,IISC
2026-01-15 23:57:00,9.993509983179528,IISC
2026-01-15 23:57:30,9.188571248428497,IISC
2026-01-15 23:58:00,9.930045692068987,IISC
2026-01-15 23:58:30,5.061277015106256,IISC
2026-01-15 23:59:00,4.395959722374568,IISC
2026-01-15 23:59:30,7.5765783180549136,IISC
2026-01-16 00:00:00,11.77051005546707,IISC
2026-01-16 00:00:30,10.594305244513963,IISC
2026-01-16 00:01:00,9.07539327023277,IISC
2026-01-16 00:01:30,9.389541500984958,IISC
2026-01-16 00:02:00,7.357626527908916,IISC
2026-01-16 00:02:30,8.96221529203704,IISC
2026-01-16 00:03:00,9.759749848721464,IISC
2026-01-16 00:03:30,6.527302081442126,IISC
2026-01-16 00:04:00,6.522013383948946,IISC
2026-01-16 00:04:30,7.989096190571528,IISC
2026-01-16 00:05:00,7.599848557078011,IISC
2026-01-16 00:05:30,7.6506199923306735,IISC
2026-01-16 00:06:00,9.42973554913202,IISC
2026-01-16 00:06:30,10.755081437102218,IISC
2026-01-16 00:07:00,8.106505133854489,IISC
2026-01-16 00:07:30,9.88138973344937,IISC
2026-01-16 00:08:00,9.767154011026545,IISC
2026-01-16 00:08:30,11.480689807965073,IISC
2026-01-16 00:09:00,11.267026707431492,IISC
2026-01-16 00:09:30,10.062262952475383,IISC
2026-01-16 00:10:00,7.437697302117033,IISC
2026-01-16 00:10:30,7.317749798301525,IISC
2026-01-16 00:11:00,7.265391749860527,IISC
2026-01-16 00:11:30,9.291171850945734,IISC
2026-01-16 00:12:00,8.04790644294033,IISC
2026-01-16 00:12:30,7.502430869356445,IISC
2026-01-16 00:13:00,5.828877588663206,IISC
2026-01-16 00:13:30,4.979725406466936,IISC
2026-01-16 00:14:00,5.815550082328688,IISC
2026-01-16 00:14:30,10.631537632861491,IISC
2026-01-16 00:15:00,8.442019665203121,IISC
2026-01-16 00:15:30,7.709007132429224,IISC
2026-01-16 00:16:00,10.126996526807483,IISC
2026-01-16 00:16:30,8.355390916584879,IISC
2026-01-16 00:17:00,9.008438446815106,IISC
2026-01-16 00:17:30,10.86857674171838,IISC
2026-01-16 00:18:00,10.121496289925798,IISC
2026-01-16 00:18:30,11.183465382396463,IISC
2026-01-16 00:19:00,12.904405345580452,IISC
2026-01-16 00:19:30,9.053180767556004,IISC
2026-01-16 00:20:00,8.165738459877797,IISC
2026-01-16 00:20:30,5.376694523957509,IISC
2026-01-16 00:21:00,8.521032694396062,IISC
2026-01-16 00:21:30,6.827488171932764,IISC
2026-01-16 00:22:00,7.519566237176784,IISC
2026-01-16 00:22:30,6.602824592513324,IISC
2026-01-16 00:23:00,8.931329332406529,IISC
2026-01-16 00:23:30,12.554505576673467,IISC
2026-01-16 00:24:00,12.742994505667866,IISC
2026-01-16 00:24:30,15.250468554531182,IISC
2026-01-16 00:25:00,16.904982552619714,IISC
2026-01-16 00:25:30,18.356728149121295,IISC
2026-01-16 00:26:00,20.59670021851921,IISC
2026-01-16 00:26:30,20.699935465602508,IISC
2026-01-16 00:27:00,14.075982557063078,IISC
2026-01-16 00:27:30,11.662752982449408,IISC
2026-01-16 00:28:00,10.562044221919667,IISC
2026-01-16 00:28:30,13.564301735104266,IISC
2026-01-16 00:29:00,13.923668261648592,IISC
2026-01-16 00:29:30,15.7490598732456,IISC
2026-01-16 00:30:00,13.90581893420668,IISC
2026-01-16 00:30:30,14.409170078005207,IISC
2026-01-16 00:31:00,12.122075779905039,IISC
2026-01-16 00:31:30,14.065272958824758,IISC
2026-01-16 00:32:00,15.724070803301311,IISC
2026-01-16 00:32:30,12.956234511268876,IISC
2026-01-16 00:33:00,6.777986025024156,IISC
2026-01-16 00:33:30,10.84049380271351,IISC
2026-01-16 00:34:00,11.803167717370098,IISC
2026-01-16 00:34:30,14.799475445874863,IISC
2026-01-16 00:35:00,12.718243438813703,IISC
2026-01-16 00:35:30,11.19391054457801,IISC
2026-01-16 00:36:00,10.321673229386462,IISC
2026-01-16 00:36:30,9.71479597667241,IISC
2026-01-16 00:37:00,6.499536460976932,IISC
2026-01-16 00:37:30,5.392877920200293,IISC
2026-01-16 00:38:00,12.343407478307924,IISC
2026-01-16 00:38:30,10.509686184117697,IISC
2026-01-16 00:39:00,7.898924018789957,IISC
2026-01-16 00:39:30,8.650975837714903,IISC
2026-01-16 00:40:00,11.860285573163482,IISC
2026-01-16 00:40:30,11.298626629047805,IISC
2026-01-16 00:41:00,9.693376775762845,IISC
2026-01-16 00:41:30,9.41135735696478,IISC
2026-01-16 00:42:00,10.525155613646223,IISC
2026-01-16 00:42:30,12.42194453057795,IISC
2026-01-16 00:43:00,12.24107131391616,IISC
2026-01-16 00:43:30,11.794838030836496,IISC
2026-01-16 00:44:00,11.434149325978497,IISC
2026-01-16 00:44:30,6.685962801337717,IISC
2026-01-16 00:45:00,4.23201031286656,IISC
2026-01-16 00:45:30,2.76069655691827,IISC
2026-01-16 00:46:00,4.330379950690601,IISC
2026-01-16 00:46:30,2.21384593199473,IISC
2026-01-16 00:47:00,4.920597844621343,IISC
2026-01-16 00:47:30,4.955503207096369,IISC
2026-01-16 00:48:00,6.372872322693386,IISC
2026-01-16 00:48:30,3.424956109363246,IISC
2026-01-16 00:49:00,7.797777807787818,IISC
2026-01-16 00:49:30,4.51350088023808,IISC
2026-01-16 00:50:00,4.074407330302392,IISC
2026-01-16 00:50:30,5.365508952342616,IISC
2026-01-16 00:51:00,11.63895387032767,IISC
2026-01-16 00:51:30,13.734465353527733,IISC
2026-01-16 00:52:00,14.829224333810572,IISC
2026-01-16 00:52:30,16.269070386663483,IISC
2026-01-16 00:53:00,11.692501874818047,IISC
2026-01-16 00:53:30,9.75049464042209,IISC
2026-01-16 00:54:00,9.467285246069757,IISC
2026-01-16 00:54:30,9.538682578002042,IISC
2026-01-16 00:55:00,10.484697123039266,IISC
2026-01-16 00:55:30,6.882702090777138,IISC
2026-01-16 00:56:00,8.742602403868347,IISC
2026-01-16 00:56:30,11.02731679075634,IISC
2026-01-16 00:57:00,7.205180013480949,IISC
2026-01-16 00:57:30,7.965561528297897,IISC
2026-01-16 00:58:00,8.340397466639033,IISC
2026-01-16 00:58:30,5.597550248983818,IISC
2026-01-16 00:59:00,7.43127154317404,IISC
2026-01-16 00:59:30,6.173488678104254,IISC
2026-01-16 01:00:00,8.111926030166696,IISC
2026-01-16 01:00:30,8.06551777261163,IISC
2026-01-16 01:01:00,8.802100179739764,IISC
2026-01-16 01:01:30,12.005460143807305,IISC
2026-01-16 01:02:00,8.157144338765072,IISC
2026-01-16 01:02:30,12.171543922671058,IISC
2026-01-16 01:03:00,12.86783783443344,IISC
2026-01-16 01:03:30,14.634411632125568,IISC
2026-01-16 01:04:00,13.297581725895773,IISC
2026-01-16 01:04:30,13.324780706111556,IISC
2026-01-16 01:05:00,11.475250005842469,IISC
2026-01-16 01:05:30,12.204182694877032,IISC
2026-01-16 01:06:00,13.041911304774727,IISC
2026-01-16 01:06:30,12.395935508184715,IISC
2026-01-16 01:07:00,13.190145736565023,IISC
2026-01-16 01:07:30,11.694201804432138,IISC
2026-01-16 01:08:00,14.210107532653423,IISC
2026-01-16 01:08:30,15.10767388990667,IISC
2026-01-16 01:09:00,13.263582991760185,IISC
2026-01-16 01:09:30,10.237696388292624,IISC
2026-01-16 01:10:00,12.738642667009506,IISC
2026-01-16 01:10:30,7.550437078125843,IISC
2026-01-16 01:11:00,9.099419039157912,IISC
2026-01-16 01:11:30,10.517845886035051,IISC
2026-01-16 01:12:00,13.497494244920464,IISC
2026-01-16 01:12:30,9.117098377058102,IISC
2026-01-16 01:13:00,10.104421370543296,IISC
2026-01-16 01:13:30,13.622609551886582,IISC
2026-01-16 01:14:00,10.00242520359997,IISC
2026-01-16 01:14:30,7.530037836631251,IISC
2026-01-16 01:15:00,7.8741049421870395,IISC
2026-01-16 01:15:30,6.242166108975241,IISC
2026-01-16 01:16:00,7.373643704190152,IISC
2026-01-16 01:16:30,11.497009199134265,IISC
2026-01-16 01:17:00,11.371893887101942,IISC
2026-01-16 01:17:30,9.100778980822705,IISC
2026-01-16 01:18:00,6.341442377390371,IISC
2026-01-16 01:18:30,7.120693176531099,IISC
2026-01-16 01:19:00,5.889939307834854,IISC
2026-01-16 01:19:30,4.033608858712166,IISC
2026-01-16 01:20:00,2.3595115907139794,IISC
2026-01-16 01:20:30,5.277962240314225,IISC
2026-01-16 01:21:00,3.3073960682058035,IISC
2026-01-16 01:21:30,5.991935474778182,IISC
2026-01-16 01:22:00,10.093541781496706,IISC
2026-01-16 01:22:30,9.318370817482762,IISC
2026-01-16 01:23:00,7.44028120546551,IISC
2026-01-16 01:23:30,6.652644051262951,IISC
2026-01-16 01:24:00,3.2001867535509034,IISC
2026-01-16 01:24:30,2.8082947693406037,IISC
2026-01-16 01:25:00,-0.4601160967600932,IISC
2026-01-16 01:25:30,1.0804795041439388,IISC
2026-01-16 01:26:00,0.33794734188883435,IISC
2026-01-16 01:26:30,1.9483536598621578,IISC
2026-01-16 01:27:00,-0.8361420121331383,IISC
2026-01-16 01:27:30,1.5850206042873733,IISC
2026-01-16 01:28:00,-0.0312788356073891,IISC
2026-01-16 01:28:30,0.5439796144480695,IISC
2026-01-16 01:29:00,-0.3821456798843685,IISC
2026-01-16 01:29:30,-2.7511769091142884,IISC
2026-01-16 01:30:00,-4.367136356204636,IISC
2026-01-16 01:30:30,-5.108478576891264,IISC
2026-01-16 01:31:00,-1.3577391271152333,IISC
2026-01-16 01:31:30,0.4985913258071074,IISC
2026-01-16 01:32:00,-0.25108059520445153,IISC
2026-01-16 01:32:30,-4.299308897740001,IISC
2026-01-16 01:33:00,-0.6306763648357911,IISC
2026-01-16 01:33:30,-1.6088197223196854,IISC
2026-01-16 01:34:00,-3.1843206743701478,IISC
2026-01-16 01:34:30,-7.939382504963985,IISC
2026-01-16 01:35:00,-5.57613105250718,IISC
2026-01-16 01:35:30,-1.7407347794059562,IISC
2026-01-16 01:36:00,-5.579870916149831,IISC
2026-01-16 01:36:30,-5.989215576249983,IISC
2026-01-16 01:37:00,-5.001892577698585,IISC
2026-01-16 01:37:30,-3.6841019510337736,IISC
2026-01-16 01:38:00,-5.078049726355741,IISC
2026-01-16 01:38:30,-6.119770680272501,IISC
2026-01-16 01:39:00,-1.9637664131224122,IISC
2026-01-16 01:39:30,-2.551264393889253,IISC
2026-01-16 01:40:00,-3.2883567785084122,IISC
2026-01-16 01:40:30,-1.6766471719184606,IISC
2026-01-16 01:41:00,-5.4595154252753035,IISC
2026-01-16 01:41:30,-1.513623278265657,IISC
2026-01-16 01:42:00,2.2704349196149507,IISC
2026-01-16 01:42:30,-8.299768993456384,IISC
2026-01-16 01:43:00,-12.196022999292436,IISC
2026-01-16 01:43:30,-8.283449602287194,IISC
2026-01-16 01:44:00,-5.462915299702104,IISC
2026-01-16 01:44:30,-2.2411960224690497,IISC
2026-01-16 01:45:00,-0.5616589523482592,IISC
2026-01-16 01:45:30,-0.6500556570478224,IISC
2026-01-16 01:46:00,-1.1219579579655223,IISC
2026-01-16 01:46:30,-1.1545967352377013,IISC
2026-01-16 01:47:00,-2.8987313909702843,IISC
2026-01-16 01:47:30,-5.241753591474216,IISC
2026-01-16 01:48:00,-4.387365594858721,IISC
2026-01-16 01:48:30,-4.481372076657268,IISC
2026-01-16 01:49:00,-12.06138804621107,IISC
2026-01-16 01:49:30,-13.90462897638413,IISC
2026-01-16 01:50:00,-11.897438629807391,IISC
2026-01-16 01:50:30,-7.679496238717784,IISC
2026-01-16 01:51:00,-7.23968872118125,IISC
2026-01-16 01:51:30,-7.50570986069891,IISC
2026-01-16 01:52:00,-9.370502211287565,IISC
2026-01-16 01:52:30,-7.434841411223669,IISC
2026-01-16 01:53:00,-3.3636072988261287,IISC
2026-01-16 01:53:30,1.5178542458156281,IISC
2026-01-16 01:54:00,-0.6441625264012525,IISC
2026-01-16 01:54:30,-4.830690109389093,IISC
2026-01-16 01:55:00,-5.150127025813321,IISC
2026-01-16 01:55:30,-6.202576471465101,IISC
2026-01-16 01:56:00,-6.198345526079777,IISC
2026-01-16 01:56:30,-4.955503203155988,IISC
2026-01-16 01:57:00,-6.416239564117916,IISC
2026-01-16 01:57:30,-7.6796322354173645,IISC
2026-01-16 01:58:00,-7.419881974103327,IISC
2026-01-16 01:58:30,-10.364171647055949,IISC
2026-01-16 01:59:00,-5.295301578232877,IISC
2026-01-16 01:59:30,-7.205180022346809,IISC
2026-01-16 02:00:00,-4.330247734632405,IISC
2026-01-16 02:00:30,-4.9752035756070985,IISC
2026-01-16 02:01:00,-9.14956715465615,IISC
2026-01-16 02:01:30,-9.84450111335478,IISC
2026-01-16 02:02:00,-9.010342373125086,IISC
2026-01-16 02:02:30,-4.323108009861741,IISC
2026-01-16 02:03:00,-5.128707824411206,IISC
2026-01-16 02:03:30,-9.80285267379113,IISC
2026-01-16 02:04:00,-6.743080658608748,IISC
2026-01-16 02:04:30,-6.8943372161992595,IISC
2026-01-16 02:05:00,-5.999490750156358,IISC
2026-01-16 02:05:30,-5.794289556154956,IISC
2026-01-16 02:06:00,-10.369007012647693,IISC
2026-01-16 02:06:30,-16.415672888962654,IISC
2026-01-16 02:07:00,-16.989707379360905,IISC
2026-01-16 02:07:30,-15.246660693045357,IISC
2026-01-16 02:08:00,-15.217149802880257,IISC
2026-01-16 02:08:30,-16.15578662537621,IISC
2026-01-16 02:09:00,-15.290451045163985,IISC
2026-01-16 02:09:30,-13.9510372401453,IISC
2026-01-16 02:10:00,-14.959167464717211,IISC
2026-01-16 02:10:30,-12.59544003711066,IISC
2026-01-16 02:11:00,-11.917641430273823,IISC
2026-01-16 02:11:30,-12.827719328862713,IISC
2026-01-16 02:12:00,-13.953893135373079,IISC
2026-01-16 02:12:30,-17.208659175417473,IISC
2026-01-16 02:13:00,-18.183470644792123,IISC
2026-01-16 02:13:30,-19.885477095853734,IISC
2026-01-16 02:14:00,-20.33501580747842,IISC
2026-01-16 02:14:30,-21.48371941826158,IISC
2026-01-16 02:15:00,-15.259988196227571,IISC
2026-01-16 02:15:30,-14.734027903055335,IISC
2026-01-16 02:16:00,-14.931560502635266,IISC
2026-01-16 02:16:30,-15.518208507829375,IISC
2026-01-16 02:17:00,-15.907323935608197,IISC
2026-01-16 02:17:30,-14.774486375930573,IISC
2026-01-16 02:18:00,-16.428524406848634,IISC
2026-01-16 02:18:30,-18.62637204114167,IISC
2026-01-16 02:19:00,-17.434697812481186,IISC
2026-01-16 02:19:30,-18.563304416922534,IISC
2026-01-16 02:20:00,-15.888284645910808,IISC
2026-01-16 02:20:30,-18.258675821168083,IISC
2026-01-16 02:21:00,-18.162421659977085,IISC
2026-01-16 02:21:30,-15.902035245995782,IISC
2026-01-16 02:22:00,-19.635850876796894,IISC
2026-01-16 02:22:30,-17.659996036466694,IISC
2026-01-16 02:23:00,-22.7043492385086,IISC
2026-01-16 02:23:30,-16.24156918846373,IISC
2026-01-16 02:24:00,-16.610719803794286,IISC
2026-01-16 02:24:30,-19.11861693261672,IISC
2026-01-16 02:25:00,-20.402711043974282,IISC
2026-01-16 02:25:30,-18.79706453561907,IISC
2026-01-16 02:26:00,-14.960648305847068,IISC
2026-01-16 02:26:30,-20.803990450079414,IISC
2026-01-16 02:27:00,-25.077120328918433,IISC
2026-01-16 02:27:30,-23.300516899387457,IISC
2026-01-16 02:28:00,-17.711296332996852,IISC
2026-01-16 02:28:30,-16.369026626544287,IISC
2026-01-16 02:29:00,-18.31460372997497,IISC
2026-01-16 02:29:30,-20.521177715722814,IISC
2026-01-16 02:30:00,-19.22015980312205,IISC
2026-01-16 02:30:30,-26.2699845301779,IISC
2026-01-16 02:31:00,-24.599815990425434,IISC
2026-01-16 02:31:30,-23.593907018879467,IISC
2026-01-16 02:32:00,-24.645166521485123,IISC
2026-01-16 02:32:30,-22.50681664089886,IISC
2026-01-16 02:33:00,-18.7264983015947,IISC
2026-01-16 02:33:30,-19.43911159946007,IISC
2026-01-16 02:34:00,-17.147597466884857,IISC
2026-01-16 02:34:30,-17.66029825079174,IISC
2026-01-16 02:35:00,-19.449991193572863,IISC
2026-01-16 02:35:30,-18.745537586225886,IISC
2026-01-16 02:36:00,-23.121853598696642,IISC
2026-01-16 02:36:30,-21.038411660465894,IISC
2026-01-16 02:37:00,-18.91961105150097,IISC
2026-01-16 02:37:30,-18.59322328384537,IISC
2026-01-16 02:38:00,-21.483114996366425,IISC
2026-01-16 02:38:30,-23.65087376364031,IISC
2026-01-16 02:39:00,-21.26008336264997,IISC
2026-01-16 02:39:30,-22.726108431237485,IISC
2026-01-16 02:40:00,-19.84301646757003,IISC
2026-01-16 02:40:30,-19.92053355789198,IISC
2026-01-16 02:41:00,-17.15575716246945,IISC
2026-01-16 02:41:30,-15.476220087282455,IISC
2026-01-16 02:42:00,-16.328908141618346,IISC
2026-01-16 02:42:30,-19.765499377248084,IISC
2026-01-16 02:43:00,-18.088682200589286,IISC
2026-01-16 02:43:30,-18.483067416251238,IISC
2026-01-16 02:44:00,-21.518473672166806,IISC
2026-01-16 02:44:30,-23.939182967099743,IISC
2026-01-16 02:45:00,-22.18212881172321,IISC
2026-01-16 02:45:30,-23.32448601118333,IISC
2026-01-16 02:46:00,-22.966819407920337,IISC
2026-01-16 02:46:30,-22.184848700118998,IISC
2026-01-16 02:47:00,-21.140407852740246,IISC
2026-01-16 02:47:30,-21.096889476289068,IISC
2026-01-16 02:48:00,-21.999895645797327,IISC
2026-01-16 02:48:30,-23.573356683450772,IISC
2026-01-16 02:49:00,-22.830824491642804,IISC
2026-01-16 02:49:30,-20.420994816153687,IISC
2026-01-16 02:50:00,-23.083775024368066,IISC
2026-01-16 02:50:30,-25.40248814222527,IISC
2026-01-16 02:51:00,-20.463153220542843,IISC
2026-01-16 02:51:30,-21.084649940511476,IISC
2026-01-16 02:52:00,-24.284610029518944,IISC
2026-01-16 02:52:30,-26.455088685188617,IISC
2026-01-16 02:53:00,-24.231572005685962,IISC
2026-01-16 02:53:30,-23.51079902743461,IISC
2026-01-16 02:54:00,-28.218942604617364,IISC
2026-01-16 02:54:30,-26.56660451471236,IISC
2026-01-16 02:55:00,-25.45144631573285,IISC
2026-01-16 02:55:30,-25.09513966426706,IISC
2026-01-16 02:56:00,-22.634991848274545,IISC
2026-01-16 02:56:30,-23.438721718970445,IISC
2026-01-16 02:57:00,-22.74106786047707,IISC
2026-01-16 02:57:30,-22.08965227189686,IISC
2026-01-16 02:58:00,-27.355374971367294,IISC
2026-01-16 02:58:30,-29.06483091516586,IISC
2026-01-16 02:59:00,-28.08566760206665,IISC
2026-01-16 02:59:30,-27.989111216981104,IISC
2026-01-16 03:00:00,-24.712993979316483,IISC
2026-01-16 03:00:30,-31.161362343215558,IISC
2026-01-16 03:01:00,-31.819407689207814,IISC
2026-01-16 03:01:30,-35.19517897128573,IISC
2026-01-16 03:02:00,-27.965142117217468,IISC
2026-01-16 03:02:30,-25.187616193961,IISC
2026-01-16 03:03:00,-24.449163867677044,IISC
2026-01-16 03:03:30,-26.27829532645154,IISC
2026-01-16 03:04:00,-22.96137961086394,IISC
2026-01-16 03:04:30,-23.23200947642318,IISC
2026-01-16 03:05:00,-24.43420442323885,IISC
2026-01-16 03:05:30,-25.217535067638778,IISC
2026-01-16 03:06:00,-28.22438240167376,IISC
2026-01-16 03:06:30,-26.6658807932599,IISC
2026-01-16 03:07:00,-27.343135420391093,IISC
2026-01-16 03:07:30,-29.315061529098102,IISC
2026-01-16 03:08:00,-28.727563553397466,IISC
2026-01-16 03:08:30,-25.862150912431584,IISC
2026-01-16 03:09:00,-27.447851490928823,IISC
2026-01-16 03:09:30,-27.31457649851052,IISC
2026-01-16 03:10:00,-26.848113969318188,IISC
2026-01-16 03:10:30,-25.51672385507859,IISC
2026-01-16 03:11:00,-24.76331208942265,IISC
2026-01-16 03:11:30,-26.8453940758562,IISC
2026-01-16 03:12:00,-29.060751059774255,IISC
2026-01-16 03:12:30,-27.785118857763425,IISC
2026-01-16 03:13:00,-24.942825366952746,IISC
2026-01-16 03:13:30,-25.41472768306906,IISC
2026-01-16 03:14:00,-25.77511417979404,IISC
2026-01-16 03:14:30,-28.873078096791975,IISC
2026-01-16 03:15:00,-26.642761663369516,IISC
2026-01-16 03:15:30,-26.501326955101796,IISC
2026-01-16 03:16:00,-28.069348205831254,IISC
2026-01-16 03:16:30,-28.300539545264716,IISC
2026-01-16 03:17:00,-29.816882729024602,IISC
2026-01-16 03:17:30,-32.467423411593806,IISC
2026-01-16 03:18:00,-32.1342358950846,IISC
2026-01-16 03:18:30,-28.37805664065287,IISC
2026-01-16 03:19:00,-29.826402371340198,IISC
2026-01-16 03:19:30,-30.521336336371576,IISC
2026-01-16 03:20:00,-31.09387487776643,IISC
2026-01-16 03:20:30,-32.20359328982196,IISC
2026-01-16 03:21:00,-32.3246287768599,IISC
2026-01-16 03:21:30,-34.735818409212435,IISC
2026-01-16 03:22:00,-34.42303013419782,IISC
2026-01-16 03:22:30,-32.83052979671457,IISC
2026-01-16 03:23:00,-32.11519661045342,IISC
2026-01-16 03:23:30,-30.169109520032578,IISC
2026-01-16 03:24:00,-31.137393249151405,IISC
2026-01-16 03:24:30,-31.20403074536056,IISC
2026-01-16 03:25:00,-31.639214444011696,IISC
2026-01-16 03:25:30,-32.34910783828267,IISC
2026-01-16 03:26:00,-31.98736138976048,IISC
2026-01-16 03:26:30,-29.310981688905112,IISC
2026-01-16 03:27:00,-31.04491671439126,IISC
2026-01-16 03:27:30,-33.654658924103686,IISC
2026-01-16 03:28:00,-33.600260958605915,IISC
2026-01-16 03:28:30,-33.593461214818525,IISC
2026-01-16 03:29:00,-33.21131553493415,IISC
2026-01-16 03:29:30,-32.698614740894854,IISC
2026-01-16 03:30:00,-32.57893922591893,IISC
2026-01-16 03:30:30,-32.08255782811503,IISC
2026-01-16 03:31:00,-30.292864890400114,IISC
2026-01-16 03:31:30,-33.6233800935625,IISC
2026-01-16 03:32:00,-33.33235100170728,IISC
2026-01-16 03:32:30,-33.72673622243544,IISC
2026-01-16 03:33:00,-35.64426437071088,IISC
2026-01-16 03:33:30,-37.744025689978415,IISC
2026-01-16 03:34:00,-36.69142513688265,IISC
2026-01-16 03:34:30,-36.31879909424767,IISC
2026-01-16 03:35:00,-34.981969188017885,IISC
2026-01-16 03:35:30,-34.76573728795642,IISC
2026-01-16 03:36:00,-31.10883431713842,IISC
2026-01-16 03:36:30,-33.6165803447089,IISC
2026-01-16 03:37:00,-31.609295560201513,IISC
2026-01-16 03:37:30,-30.50229703147557,IISC
2026-01-16 03:38:00,-33.196356100628364,IISC
2026-01-16 03:38:30,-36.40447589028663,IISC
2026-01-16 03:39:00,-35.53410848791814,IISC
2026-01-16 03:39:30,-34.86637351830116,IISC
2026-01-16 03:40:00,-35.30291716368329,IISC
2026-01-16 03:40:30,-39.4276426053584,IISC
2026-01-16 03:41:00,-41.04734190279261,IISC
2026-01-16 03:41:30,-40.684235507539434,IISC
2026-01-16 03:42:00,-39.65203420100447,IISC
2026-01-16 03:42:30,-40.01106074086605,IISC
2026-01-16 03:43:00,-37.34556061385865,IISC
2026-01-16 03:43:30,-36.384076643725834,IISC
2026-01-16 03:44:00,-38.27304585492208,IISC
2026-01-16 03:44:30,-38.13161116185297,IISC
2026-01-16 03:45:00,-42.19785879783733,IISC
2026-01-16 03:45:30,-40.93129293185313,IISC
2026-01-16 03:46:00,-44.652566816773444,IISC
2026-01-16 03:46:30,-41.428127646078394,IISC
2026-01-16 03:47:00,-41.33837099971404,IISC
2026-01-16 03:47:30,-37.21908534496292,IISC
2026-01-16 03:48:00,-39.03733721975703,IISC
2026-01-16 03:48:30,-38.46479867836218,IISC
2026-01-16 03:49:00,-38.55047547440113,IISC
2026-01-16 03:49:30,-42.86831368118113,IISC
2026-01-16 03:50:00,-45.48077577928934,IISC
2026-01-16 03:50:30,-45.04015229878041,IISC
2026-01-16 03:51:00,-43.79715887404176,IISC
2026-01-16 03:51:30,-43.64212468326546,IISC
2026-01-16 03:52:00,-43.75364050265678,IISC
2026-01-16 03:52:30,-42.86287387905852,IISC
2026-01-16 03:53:00,-46.02883524912902,IISC
2026-01-16 03:53:30,-45.96491763624944,IISC
2026-01-16 03:54:00,-45.971717395235466,IISC
2026-01-16 03:54:30,-43.78083948793877,IISC
2026-01-16 03:55:00,-45.494375276996536,IISC
2026-01-16 03:55:30,-46.542895984833095,IISC
2026-01-16 03:56:00,-45.80580360021395,IISC
2026-01-16 03:56:30,-46.24506714919049,IISC
2026-01-16 03:57:00,-45.18158699184952,IISC
2026-01-16 03:57:30,-41.795313891656974,IISC
2026-01-16 03:58:00,-42.65752158324226,IISC
2026-01-16 03:58:30,-45.739166114137205,IISC
2026-01-16 03:59:00,-45.31486199946644,IISC
2026-01-16 03:59:30,-44.09362776295338,IISC
2026-01-16 04:00:00,-43.28445808000247,IISC
2026-01-16 04:00:30,-44.575049726451496,IISC
2026-01-16 04:01:00,-44.46897368891795,IISC
2026-01-16 04:01:30,-45.601811256194885,IISC
2026-01-16 04:02:00,-45.92003932826588,IISC
2026-01-16 04:02:30,-43.91683439408389,IISC
2026-01-16 04:03:00,-42.01018582472263,IISC
2026-01-16 04:03:30,-43.43813231391537,IISC
2026-01-16 04:04:00,-44.2350624610887,IISC
2026-01-16 04:04:30,-44.887838011598504,IISC
2026-01-16 04:05:00,-47.67845344050583,IISC
2026-01-16 04:05:30,-48.08915804227077,IISC
2026-01-16 04:06:00,-50.73697882631177,IISC
2026-01-16 04:06:30,-46.41914061446557,IISC
2026-01-16 04:07:00,-43.2259802692455,IISC
2026-01-16 04:07:30,-44.33977854175884,IISC
2026-01-16 04:08:00,-47.16575263633412,IISC
2026-01-16 04:08:30,-46.076433455640775,IISC
2026-01-16 04:09:00,-49.28455325036525,IISC
2026-01-16 04:09:30,-46.71832941710401,IISC
2026-01-16 04:10:00,-46.504817415570734,IISC
2026-01-16 04:10:30,-46.556495477474094,IISC
2026-01-16 04:11:00,-46.16347020854313,IISC
2026-01-16 04:11:30,-45.378779602213605,IISC
2026-01-16 04:12:00,-44.37785711102121,IISC
2026-01-16 04:12:30,-46.17434978745733,IISC
2026-01-16 04:13:00,-45.705167374935414,IISC
2026-01-16 04:13:30,-45.72828650989199,IISC
2026-01-16 04:14:00,-43.82299789739414,IISC
2026-01-16 04:14:30,-43.14302338186716,IISC
2026-01-16 04:15:00,-44.54513084770752,IISC
2026-01-16 04:15:30,-46.215148260314095,IISC
2026-01-16 04:16:00,-47.94228355214526,IISC
2026-01-16 04:16:30,-45.85204186506092,IISC
2026-01-16 04:17:00,-47.660774092473225,IISC
2026-01-16 04:17:30,-48.64945704788803,IISC
2026-01-16 04:18:00,-48.73241394539878,IISC
2026-01-16 04:18:30,-52.12004700752094,IISC
2026-01-16 04:19:00,-53.08833072650736,IISC
2026-01-16 04:19:30,-49.36343029755061,IISC
2026-01-16 04:20:00,-48.99216421684523,IISC
2026-01-16 04:20:30,-50.42283060963236,IISC
2026-01-16 04:21:00,-50.74649847369356,IISC
2026-01-16 04:21:30,-50.16172039652114,IISC
2026-01-16 04:22:00,-45.704997389193345,IISC
2026-01-16 04:22:30,-48.501392602473075,IISC
2026-01-16 04:23:00,-49.56164286796293,IISC
2026-01-16 04:23:30,-48.90240756414812,IISC
2026-01-16 04:24:00,-49.55926295675076,IISC
2026-01-16 04:24:30,-55.39123443131967,IISC
2026-01-16 04:25:00,-51.47866104128045,IISC
2026-01-16 04:25:30,-46.35947284841915,IISC
2026-01-16 04:26:00,-49.5283241109925,IISC
2026-01-16 04:26:30,-51.080025977518794,IISC
2026-01-16 04:27:00,-54.771267660289254,IISC
2026-01-16 04:27:30,-51.03480766448748,IISC
2026-01-16 04:28:00,-53.30881246643595,IISC
2026-01-16 04:28:30,-49.568782597166525,IISC
2026-01-16 04:29:00,-46.96397019878689,IISC
2026-01-16 04:29:30,-52.38897692256799,IISC
2026-01-16 04:30:00,-54.32622433897254,IISC
2026-01-16 04:30:30,-53.712207343756106,IISC
2026-01-16 04:31:00,-55.958843160115165,IISC
2026-01-16 04:31:30,-56.25395210609545,IISC
2026-01-16 04:32:00,-52.41991577719212,IISC
2026-01-16 04:32:30,-50.43388018315447,IISC
2026-01-16 04:33:00,-54.10370267388124,IISC
2026-01-16 04:33:30,-53.830012928810525,IISC
2026-01-16 04:34:00,-48.62514796334148,IISC
2026-01-16 04:34:30,-51.54648849531216,IISC
2026-01-16 04:35:00,-54.4832984479455,IISC
2026-01-16 04:35:30,-53.163637904657996,IISC
2026-01-16 04:36:00,-51.50365010235889,IISC
2026-01-16 04:36:30,-50.141151152819305,IISC
2026-01-16 04:37:00,-50.92652173314761,IISC
2026-01-16 04:37:30,-56.279073376828954,IISC
2026-01-16 04:38:00,-53.66963338932234,IISC
2026-01-16 04:38:30,-53.865314944385624,IISC
2026-01-16 04:39:00,-53.30894467658358,IISC
2026-01-16 04:39:30,-51.191352905779844,IISC
2026-01-16 04:40:00,-50.30919929559482,IISC
2026-01-16 04:40:30,-53.201055388000256,IISC
2026-01-16 04:41:00,-55.16276299484733,IISC
2026-01-16 04:41:30,-56.17541504432629,IISC
2026-01-16 04:42:00,-53.1685677102913,IISC
2026-01-16 04:42:30,-51.887495721356494,IISC
2026-01-16 04:43:00,-54.894343050325276,IISC
2026-01-16 04:43:30,-52.30907991723422,IISC
2026-01-16 04:44:00,-48.822170576564524,IISC
2026-01-16 04:44:30,-50.88113342297528,IISC
2026-01-16 04:45:00,-48.07011876777199,IISC
2026-01-16 04:45:30,-49.084640741472974,IISC
2026-01-16 04:46:00,-48.82489047509273,IISC
2026-01-16 04:46:30,-53.87404128845221,IISC
2026-01-16 04:47:00,-53.20647629761127,IISC
2026-01-16 04:47:30,-54.101322767102,IISC
2026-01-16 04:48:00,-54.33812389060047,IISC
2026-01-16 04:48:30,-55.47572127270245,IISC
2026-01-16 04:49:00,-57.284453479216666,IISC
2026-01-16 04:49:30,-49.95364817684564,IISC
2026-01-16 04:50:00,-48.162595292399715,IISC
2026-01-16 04:50:30,-46.582334516025085,IISC
2026-01-16 04:51:00,-38.156090258739184,IISC
2026-01-16 04:51:30,-42.84655449295554,IISC
2026-01-16 04:52:00,-48.49442285711172,IISC
2026-01-16 04:52:30,-50.94233113226044,IISC
2026-01-16 04:53:00,-48.423705515643384,IISC
2026-01-16 04:53:30,-49.717017050488195,IISC
2026-01-16 04:54:00,-49.26279407227206,IISC
2026-01-16 04:54:30,-49.65717930313263,IISC
2026-01-16 04:55:00,-46.69113042675581,IISC
2026-01-16 04:55:30,-49.84485226104871,IISC
2026-01-16 04:56:00,-47.28814805997065,IISC
2026-01-16 04:56:30,-46.49121792292973,IISC
2026-01-16 04:57:00,-49.29951269480345,IISC
2026-01-16 04:57:30,-57.149138555302905,IISC
2026-01-16 04:58:00,-57.10562018898412,IISC
2026-01-16 04:58:30,-54.40476139630876,IISC
2026-01-16 04:59:00,-53.796864168981124,IISC
2026-01-16 04:59:30,-52.80818121356632,IISC
2026-01-16 05:00:00,-50.547945906466076,IISC
2026-01-16 05:00:30,-51.77597990196516,IISC
2026-01-16 05:01:00,-48.81673077950813,IISC
2026-01-16 05:01:30,-46.25594673823708,IISC
2026-01-16 05:02:00,-43.004308572127634,IISC
2026-01-16 05:02:30,-45.97171738510304,IISC
2026-01-16 05:03:00,-48.97856471407183,IISC
2026-01-16 05:03:30,-48.55018077440669,IISC
2026-01-16 05:04:00,-48.053799366470386,IISC
2026-01-16 05:04:30,-49.74013618037857,IISC
2026-01-16 05:05:00,-48.89050801695311,IISC
2026-01-16 05:05:30,-48.487113130767106,IISC
2026-01-16 05:06:00,-46.777147206311135,IISC
2026-01-16 05:06:30,-46.42254049775823,IISC
2026-01-16 05:07:00,-50.56358533313563,IISC
2026-01-16 05:07:30,-51.65494443519202,IISC
2026-01-16 05:08:00,-50.49354795616692,IISC
2026-01-16 05:08:30,-48.722894303083194,IISC
2026-01-16 05:09:00,-50.36571274054019,IISC
2026-01-16 05:09:30,-50.11854200295305,IISC
2026-01-16 05:10:00,-47.422103038419976,IISC
2026-01-16 05:10:30,-46.153610570678936,IISC
2026-01-16 05:11:00,-45.76330520280928,IISC
2026-01-16 05:11:30,-47.324526692019624,IISC
2026-01-16 05:12:00,-43.93315377322085,IISC
2026-01-16 05:12:30,-46.73668871570418,IISC
2026-01-16 05:13:00,-46.26665633774194,IISC
2026-01-16 05:13:30,-47.505399917547265,IISC
2026-01-16 05:14:00,-47.84453720543751,IISC
2026-01-16 05:14:30,-47.55418807744866,IISC
2026-01-16 05:15:00,-52.911367351630986,IISC
2026-01-16 05:15:30,-48.387156873154595,IISC
2026-01-16 05:16:00,-48.49425286440363,IISC
2026-01-16 05:16:30,-45.307552269955444,IISC
2026-01-16 05:17:00,-48.053969361078316,IISC
2026-01-16 05:17:30,-48.22294303054509,IISC
2026-01-16 05:18:00,-47.26978874300549,IISC
2026-01-16 05:18:30,-49.61162099898566,IISC
2026-01-16 05:19:00,-49.51999442839928,IISC
2026-01-16 05:19:30,-45.87040118519246,IISC
2026-01-16 05:20:00,-45.399178831675954,IISC
2026-01-16 05:20:30,-45.12099371008863,IISC
2026-01-16 05:21:00,-48.25824503676178,IISC
2026-01-16 05:21:30,-49.26521175253484,IISC
2026-01-16 05:22:00,-42.34231560375968,IISC
2026-01-16 05:22:30,-43.38524542229448,IISC
2026-01-16 05:23:00,-47.994868245202625,IISC
2026-01-16 05:23:30,-51.50867435345179,IISC
2026-01-16 05:24:00,-48.18248454880399,IISC
2026-01-16 05:24:30,-43.680883224626776,IISC
2026-01-16 05:25:00,-43.62257541544377,IISC
2026-01-16 05:25:30,-49.860718332137616,IISC
2026-01-16 05:26:00,-48.06044800900583,IISC
2026-01-16 05:26:30,-48.20509369867025,IISC
2026-01-16 05:27:00,-45.096930165357946,IISC
2026-01-16 05:27:30,-54.842664987296075,IISC
2026-01-16 05:28:00,-52.642569643565174,IISC
2026-01-16 05:28:30,-52.135913078609846,IISC
2026-01-16 05:29:00,-49.31492545144118,IISC
2026-01-16 05:29:30,-49.20492067834405,IISC
2026-01-16 05:30:00,-45.920643743406096,IISC
2026-01-16 05:30:30,-47.706502381729,IISC
2026-01-16 05:31:00,-48.47640353696171,IISC
2026-01-16 05:31:30,-48.076578519810425,IISC
2026-01-16 05:32:00,-48.403816260505664,IISC
2026-01-16 05:32:30,-46.85925413204882,IISC
2026-01-16 05:33:00,-47.41496330478345,IISC
2026-01-16 05:33:30,-46.28450566518385,IISC
2026-01-16 05:34:00,-47.054406820416574,IISC
2026-01-16 05:34:30,-46.35590300154907,IISC
2026-01-16 05:35:00,-47.36736508940582,IISC
2026-01-16 05:35:30,-45.03981230956456,IISC
2026-01-16 05:36:00,-46.50821728366476,IISC
2026-01-16 05:36:30,-48.78579194578211,IISC
2026-01-16 05:37:00,-46.048894495075,IISC
2026-01-16 05:37:30,-44.35201808006953,IISC
2026-01-16 05:38:00,-45.22782526872872,IISC
2026-01-16 05:38:30,-44.81491073769403,IISC
2026-01-16 05:39:00,-46.354713034860666,IISC
2026-01-16 05:39:30,-46.79618648714267,IISC
2026-01-16 05:40:00,-49.31413214179321,IISC
2026-01-16 05:40:30,-49.76155538318796,IISC
2026-01-16 05:41:00,-47.2376599438576,IISC
2026-01-16 05:41:30,-48.12774659535692,IISC
2026-01-16 05:42:00,-48.14321602931837,IISC
2026-01-16 05:42:30,-48.67512608106541,IISC
2026-01-16 05:43:00,-49.41051853037099,IISC
2026-01-16 05:43:30,-48.94643591935687,IISC
2026-01-16 05:44:00,-48.48925504686842,IISC
2026-01-16 05:44:30,-46.382557994713224,IISC
2026-01-16 05:45:00,-46.14456691605195,IISC
2026-01-16 05:45:30,-48.22080111178401,IISC
2026-01-16 05:46:00,-49.35554260043138,IISC
2026-01-16 05:46:30,-47.645814651581375,IISC
2026-01-16 05:47:00,-53.294770989840835,IISC
2026-01-16 05:47:30,-50.1523367306403,IISC
2026-01-16 05:48:00,-46.8709156885659,IISC
2026-01-16 05:48:30,-49.19963199267201,IISC
2026-01-16 05:49:00,-50.85604991657798,IISC
2026-01-16 05:49:30,-49.931586785553236,IISC
2026-01-16 05:50:00,-49.00818138693444,IISC
2026-01-16 05:50:30,-50.73864098511617,IISC
2026-01-16 05:51:00,-51.200872560479496,IISC
2026-01-16 05:51:30,-50.49959217286683,IISC
2026-01-16 05:52:00,-52.93450536770021,IISC
2026-01-16 05:52:30,-54.912475704365356,IISC
2026-01-16 05:53:00,-53.77329172463956,IISC
2026-01-16 05:53:30,-49.25463436542923,IISC
2026-01-16 05:54:00,-48.44832058643124,IISC
2026-01-16 05:54:30,-45.76949296220849,IISC
2026-01-16 05:55:00,-47.14222552597077,IISC
2026-01-16 05:55:30,-48.016128784773656,IISC
2026-01-16 05:56:00,-49.969559585008774,IISC
2026-01-16 05:56:30,-46.01016685906083,IISC
2026-01-16 05:57:00,-51.08500214422406,IISC
2026-01-16 05:57:30,-48.71374554796157,IISC
2026-01-16 05:58:00,-47.9037104554172,IISC
2026-01-16 05:58:30,-47.52205929885345,IISC
2026-01-16 05:59:00,-45.96256863642932,IISC
2026-01-16 05:59:30,-47.35157113479156,IISC
2026-01-16 06:00:00,-48.465369399935874,IISC
2026-01-16 06:00:30,-47.794667260458525,IISC
2026-01-16 06:01:00,-49.22953713048642,IISC
2026-01-16 06:01:30,-50.254196920688294,IISC
2026-01-16 06:02:00,-50.17025097607575,IISC
2026-01-16 06:02:30,-53.01143178319744,IISC
2026-01-16 06:03:00,-53.40346800686885,IISC
2026-01-16 06:03:30,-54.42120441899895,IISC
2026-01-16 06:04:00,-54.94478479057074,IISC
2026-01-16 06:04:30,-53.87771932741094,IISC
2026-01-16 06:05:00,-50.03784138496076,IISC
2026-01-16 06:05:30,-52.93440920698482,IISC
2026-01-16 06:06:00,-50.76133427417553,IISC
2026-01-16 06:06:30,-46.720678416003004,IISC
2026-01-16 06:07:00,-47.7886093062577,IISC
2026-01-16 06:07:30,-44.957813563019734,IISC
2026-01-16 06:08:00,-46.16507741601331,IISC
2026-01-16 06:08:30,-46.97770877694657,IISC
2026-01-16 06:09:00,-49.481374964324075,IISC
2026-01-16 06:09:30,-52.17803028482489,IISC
2026-01-16 06:10:00,-57.03910631554526,IISC
2026-01-16 06:10:30,-53.04431781936653,IISC
2026-01-16 06:11:00,-48.89634962042512,IISC
2026-01-16 06:11:30,-46.70250454050471,IISC
2026-01-16 06:12:00,-48.036120030412455,IISC
2026-01-16 06:12:30,-50.83576058844715,IISC
2026-01-16 06:13:00,-48.47592755117293,IISC
2026-01-16 06:13:30,-49.48596170826093,IISC
2026-01-16 06:14:00,-52.30187220057318,IISC
2026-01-16 06:14:30,-44.70318715189998,IISC
2026-01-16 06:15:00,-45.79477291723325,IISC
2026-01-16 06:15:30,-43.67718114248915,IISC
2026-01-16 06:16:00,-44.69260976479438,IISC
2026-01-16 06:16:30,-45.861410413442414,IISC
2026-01-16 06:17:00,-44.670397269998375,IISC
2026-01-16 06:17:30,-43.8633430586143,IISC
2026-01-16 06:18:00,-41.425256631099636,IISC
2026-01-16 06:18:30,-41.022258409342285,IISC
2026-01-16 06:19:00,-43.158889461962644,IISC
2026-01-16 06:19:30,-45.36110026656505,IISC
2026-01-16 06:20:00,-45.7905419560864,IISC
2026-01-16 06:20:30,-45.16013001794898,IISC
2026-01-16 06:21:00,-44.74338119216628,IISC
2026-01-16 06:21:30,-44.61116392033277,IISC
2026-01-16 06:22:00,-49.09375239723616,IISC
2026-01-16 06:22:30,-46.27688995639759,IISC
2026-01-16 06:23:00,-48.37216344182705,IISC
2026-01-16 06:23:30,-48.67108023688094,IISC
2026-01-16 06:24:00,-47.900941090970306,IISC
2026-01-16 06:24:30,-46.772863362582875,IISC
2026-01-16 06:25:00,-41.227459603343696,IISC
2026-01-16 06:25:30,-39.975097637541396,IISC
2026-01-16 06:26:00,-41.679113795541795,IISC
2026-01-16 06:26:30,-41.50458699498781,IISC
2026-01-16 06:27:00,-43.74170316994602,IISC
2026-01-16 06:27:30,-44.746554413026416,IISC
2026-01-16 06:28:00,-44.87982941726587,IISC
2026-01-16 06:28:30,-42.6342513318351,IISC
2026-01-16 06:29:00,-44.412309156230506,IISC
2026-01-16 06:29:30,-45.38754372644829,IISC
2026-01-16 06:30:00,-45.27330799614471,IISC
2026-01-16 06:30:30,-44.520198444813815,IISC
2026-01-16 06:31:00,-46.007378273539736,IISC
2026-01-16 06:31:30,-44.31605497927798,IISC
2026-01-16 06:32:00,-44.09604545278565,IISC
2026-01-16 06:32:30,-44.83857762489171,IISC
2026-01-16 06:33:00,-43.570349590252164,IISC
2026-01-16 06:33:30,-43.465633518588604,IISC
2026-01-16 06:34:00,-43.35139780010617,IISC
2026-01-16 06:34:30,-43.28476029995663,IISC
2026-01-16 06:35:00,-41.60507211732566,IISC
2026-01-16 06:35:30,-40.60868279259857,IISC
2026-01-16 06:36:00,-43.86016984563493,IISC
2026-01-16 06:36:30,-43.66660375932392,IISC
2026-01-16 06:37:00,-45.181284780339034,IISC
2026-01-16 06:37:30,-44.97925679931701,IISC
2026-01-16 06:38:00,-46.107863395877594,IISC
2026-01-16 06:38:30,-44.77934429098764,IISC
2026-01-16 06:39:00,-43.855938888428454,IISC
2026-01-16 06:39:30,-42.573960257644316,IISC
2026-01-16 06:40:00,-43.18215969310498,IISC
2026-01-16 06:40:30,-43.19273708021057,IISC
2026-01-16 06:41:00,-40.17395240952443,IISC
2026-01-16 06:41:30,-42.305294776472756,IISC
2026-01-16 06:42:00,-44.045274021473375,IISC
2026-01-16 06:42:30,-42.64800192403931,IISC
2026-01-16 06:43:00,-43.84430377679767,IISC
2026-01-16 06:43:30,-45.383312769241826,IISC
2026-01-16 06:44:00,-46.57326817633953,IISC
2026-01-16 06:44:30,-42.99282457188121,IISC
2026-01-16 06:45:00,-42.6480019279797,IISC
2026-01-16 06:45:30,-45.40023658624655,IISC
2026-01-16 06:46:00,-44.45250320043718,IISC
2026-01-16 06:46:30,-42.81195134536847,IISC
2026-01-16 06:47:00,-40.75465065269591,IISC
2026-01-16 06:47:30,-41.86527569984582,IISC
2026-01-16 06:48:00,-41.03389352491345,IISC
2026-01-16 06:48:30,-41.88537272588954,IISC
2026-01-16 06:49:00,-40.83503876081117,IISC
2026-01-16 06:49:30,-43.603139472153764,IISC
2026-01-16 06:50:00,-45.02791275399624,IISC
2026-01-16 06:50:30,-45.539858016444754,IISC
2026-01-16 06:51:00,-47.88697895267894,IISC
2026-01-16 06:51:30,-47.165601539022546,IISC
2026-01-16 06:52:00,-46.23267649752524,IISC
2026-01-16 06:52:30,-43.895075200229186,IISC
2026-01-16 06:53:00,-45.00464251497314,IISC
2026-01-16 06:53:30,-44.46731153686849,IISC
2026-01-16 06:54:00,-45.27436573643142,IISC
2026-01-16 06:54:30,-46.30671817180101,IISC
2026-01-16 06:55:00,-43.909883536660494,IISC
2026-01-16 06:55:30,-43.4740954211804,IISC
2026-01-16 06:56:00,-45.239460377896776,IISC
2026-01-16 06:56:30,-47.91342240862179,IISC
2026-01-16 06:57:00,-47.21425750158255,IISC
2026-01-16 06:57:30,-42.03557154713371,IISC
2026-01-16 06:58:00,-44.390096649613355,IISC
2026-01-16 06:58:30,-45.01098893699151,IISC
2026-01-16 06:59:00,-47.369745000618,IISC
2026-01-16 06:59:30,-43.7618002038705,IISC
2026-01-16 07:00:00,-42.72521681917521,IISC
2026-01-16 07:00:30,-44.49481273703844,IISC
2026-01-16 07:01:00,-44.0135418759181,IISC
2026-01-16 07:01:30,-46.173443155740415,IISC
2026-01-16 07:02:00,-55.10159928423044,IISC
2026-01-16 07:02:30,-53.23194134447847,IISC
2026-01-16 07:03:00,-49.783926537056786,IISC
2026-01-16 07:03:30,-48.12846056207118,IISC
2026-01-16 07:04:00,-47.175544281168044,IISC
2026-01-16 07:04:30,-48.9642852521183,IISC
2026-01-16 07:05:00,-47.367841071648265,IISC
2026-01-16 07:05:30,-48.58825934620217,IISC
2026-01-16 07:06:00,-46.67671497266228,IISC
2026-01-16 07:06:30,-47.017518201504096,IISC
2026-01-16 07:07:00,-46.56152728949796,IISC
2026-01-16 07:07:30,-49.30128062302063,IISC
2026-01-16 07:08:00,-48.45784023127992,IISC
2026-01-16 07:08:30,-49.791542249389394,IISC
2026-01-16 07:09:00,-49.90387404441863,IISC
2026-01-16 07:09:30,-45.89515226357224,IISC
2026-01-16 07:10:00,-48.081814314724774,IISC
2026-01-16 07:10:30,-47.11557052748712,IISC
2026-01-16 07:11:00,-45.77806064789183,IISC
2026-01-16 07:11:30,-43.01165230879279,IISC
2026-01-16 07:12:00,-47.76671412874761,IISC
2026-01-16 07:12:30,-49.24797061896062,IISC
2026-01-16 07:13:00,-52.041033967182344,IISC
2026-01-16 07:13:30,-50.59119229610417,IISC
2026-01-16 07:14:00,-47.497731327066184,IISC
2026-01-16 07:14:30,-41.507760215847945,IISC
2026-01-16 07:15:00,-44.27691866353686,IISC
2026-01-16 07:15:30,-45.955549109821504,IISC
2026-01-16 07:16:00,-46.619808654385714,IISC
2026-01-16 07:16:30,-45.36215800291139,IISC
2026-01-16 07:17:00,-53.54799349316734,IISC
2026-01-16 07:17:30,-54.86741606350864,IISC
2026-01-16 07:18:00,-55.3595816153008,IISC
2026-01-16 07:18:30,-54.48091853939309,IISC
2026-01-16 07:19:00,-56.81227918160677,IISC
2026-01-16 07:19:30,-56.280131117903736,IISC
2026-01-16 07:20:00,-60.1650975405415,IISC
2026-01-16 07:20:30,-58.534382652801526,IISC
2026-01-16 07:21:00,-56.41721397180787,IISC
2026-01-16 07:21:30,-50.06803500671245,IISC
2026-01-16 07:22:00,-49.947452862271255,IISC
2026-01-16 07:22:30,-50.72277491233852,IISC
2026-01-16 07:23:00,-52.010042236675474,IISC
2026-01-16 07:23:30,-51.46107614694003,IISC
2026-01-16 07:24:00,-50.58738443540641,IISC
2026-01-16 07:24:30,-53.191535745121755,IISC
2026-01-16 07:25:00,-53.38510182749238,IISC
2026-01-16 07:25:30,-50.43295466483653,IISC
2026-01-16 07:26:00,-50.096593935347954,IISC
2026-01-16 07:26:30,-48.37248077100574,IISC
2026-01-16 07:27:00,-50.120921922538535,IISC
2026-01-16 07:27:30,-49.94533737381707,IISC
2026-01-16 07:28:00,-49.87658440097487,IISC
2026-01-16 07:28:30,-54.4396667497772,IISC
2026-01-16 07:29:00,-51.04432730933618,IISC
2026-01-16 07:29:30,-50.48478382855476,IISC
2026-01-16 07:30:00,-50.37689454391184,IISC
2026-01-16 07:30:30,-48.59143255721135,IISC
2026-01-16 07:31:00,-50.16323143943787,IISC
2026-01-16 07:31:30,-52.184569029348694,IISC
2026-01-16 07:32:00,-47.388784286375014,IISC
2026-01-16 07:32:30,-49.187996869220086,IISC
2026-01-16 07:33:00,-49.97072310129435,IISC
2026-01-16 07:33:30,-50.32845014083628,IISC
2026-01-16 07:34:00,-53.19386276863003,IISC
2026-01-16 07:34:30,-52.438955050930964,IISC
2026-01-16 07:35:00,-53.25859633586945,IISC
2026-01-16 07:35:30,-52.30948791290579,IISC
2026-01-16 07:36:00,-51.24899963634654,IISC
2026-01-16 07:36:30,-54.32289246682183,IISC
2026-01-16 07:37:00,-56.87510881987644,IISC
2026-01-16 07:37:30,-55.18346821219751,IISC
2026-01-16 07:38:00,-53.550849388395115,IISC
2026-01-16 07:38:30,-56.00691735507546,IISC
2026-01-16 07:39:00,-55.62613163205451,IISC
2026-01-16 07:39:30,-58.16026066166976,IISC
2026-01-16 07:40:00,-57.90513422937353,IISC
2026-01-16 07:40:30,-53.727914750663764,IISC
2026-01-16 07:41:00,-56.3420088076471,IISC
2026-01-16 07:41:30,-61.17037186633928,IISC
2026-01-16 07:42:00,-57.789946546209194,IISC
2026-01-16 07:42:30,-55.47191341033003,IISC
2026-01-16 07:43:00,-58.692408725372786,IISC
2026-01-16 07:43:30,-51.22943149699577,IISC
2026-01-16 07:44:00,-53.16932323850461,IISC
2026-01-16 07:44:30,-53.07412681760033,IISC
2026-01-16 07:45:00,-51.59646662387214,IISC
2026-01-16 07:45:30,-49.861776076364706,IISC
2026-01-16 07:46:00,-50.11457548869902,IISC
2026-01-16 07:46:30,-50.53026657419501,IISC
2026-01-16 07:47:00,-51.171255891557266,IISC
2026-01-16 07:47:30,-50.3409314411501,IISC
2026-01-16 07:48:00,-47.702932525007974,IISC
2026-01-16 07:48:30,-47.812937282343555,IISC
2026-01-16 07:49:00,-49.82898618658234,IISC
2026-01-16 07:49:30,-49.38685163726274,IISC
2026-01-16 07:50:00,-50.94701539997771,IISC
2026-01-16 07:50:30,-49.34242664767074,IISC
2026-01-16 07:51:00,-46.97732415020473,IISC
2026-01-16 07:51:30,-50.0913052536163,IISC
2026-01-16 07:52:00,-48.4031551723339,IISC
2026-01-16 07:52:30,-46.342681270622364,IISC
2026-01-16 07:53:00,-48.88019506048626,IISC
2026-01-16 07:53:30,-50.24361953967239,IISC
2026-01-16 07:54:00,-50.81691360871763,IISC
2026-01-16 07:54:30,-48.619991489787246,IISC
2026-01-16 07:55:00,-50.54824812360569,IISC
2026-01-16 07:55:30,-51.32145470492068,IISC
2026-01-16 07:56:00,-48.72999625500361,IISC
2026-01-16 07:56:30,-47.31051166671393,IISC
2026-01-16 07:57:00,-48.69191769137036,IISC
2026-01-16 07:57:30,-47.19310273131173,IISC
2026-01-16 07:58:00,-45.869872316034204,IISC
2026-01-16 07:58:30,-46.54365151529805,IISC
2026-01-16 07:59:00,-47.94938550744314,IISC
2026-01-16 07:59:30,-47.99804145424162,IISC
2026-01-16 08:00:00,-48.59143256115174,IISC
2026-01-16 08:00:30,-49.91995166604168,IISC
2026-01-16 08:01:00,-50.32506537231284,IISC
2026-01-16 08:01:30,-50.222464773341954,IISC
2026-01-16 08:02:00,-47.39936167742099,IISC
2026-01-16 08:02:30,-48.8611557865504,IISC
2026-01-16 08:03:00,-50.12515286398347,IISC
2026-01-16 08:03:30,-49.806773687845954,IISC
2026-01-16 08:04:00,-49.31809866442054,IISC
2026-01-16 08:04:30,-49.37944747495765,IISC
2026-01-16 08:05:00,-47.343301552555914,IISC
2026-01-16 08:05:30,-48.075256341496754,IISC
2026-01-16 08:06:00,-50.13678799137578,IISC
2026-01-16 08:06:30,-50.95759278314293,IISC
2026-01-16 08:07:00,-49.68090284197121,IISC
2026-01-16 08:07:30,-49.27790462021385,IISC
2026-01-16 08:08:00,-49.52118438572929,IISC
2026-01-16 08:08:30,-46.92549498254612,IISC
2026-01-16 08:09:00,-47.54532952963756,IISC
2026-01-16 08:09:30,-45.69851873634035,IISC
2026-01-16 08:10:00,-46.749910449586174,IISC
2026-01-16 08:10:30,-49.16155341327723,IISC
2026-01-16 08:11:00,-51.251643987851395,IISC
2026-01-16 08:11:30,-48.54171886224541,IISC
2026-01-16 08:12:00,-49.78138798007058,IISC
2026-01-16 08:12:30,-51.47271125857081,IISC
2026-01-16 08:13:00,-50.851818967252285,IISC
2026-01-16 08:13:30,-49.03145162595754,IISC
2026-01-16 08:14:00,-46.09411279579262,IISC
2026-01-16 08:14:30,-46.58596104007817,IISC
2026-01-16 08:15:00,-47.15290868710505,IISC
2026-01-16 08:15:30,-48.98385340368425,IISC
2026-01-16 08:16:00,-47.933519438605884,IISC
2026-01-16 08:16:30,-46.82077889906142,IISC
2026-01-16 08:17:00,-45.91852826677305,IISC
2026-01-16 08:17:30,-48.7818254266026,IISC
2026-01-16 08:18:00,-49.103377811779104,IISC
2026-01-16 08:18:30,-50.32929632557893,IISC
2026-01-16 08:19:00,-51.256932681404194,IISC
2026-01-16 08:19:30,-48.856924829343924,IISC
2026-01-16 08:20:00,-49.95274155582404,IISC
2026-01-16 08:20:30,-49.41964152310472,IISC
2026-01-16 08:21:00,-48.49094743093312,IISC
2026-01-16 08:21:30,-46.917033076013944,IISC
2026-01-16 08:22:00,-47.34859024216833,IISC
2026-01-16 08:22:30,-48.02871586739094,IISC
2026-01-16 08:23:00,-47.44167119432034,IISC
2026-01-16 08:23:30,-51.34472494394378,IISC
2026-01-16 08:24:00,-48.35238374102164,IISC
2026-01-16 08:24:30,-50.20342548758494,IISC
2026-01-16 08:25:00,-51.12894636677716,IISC
2026-01-16 08:25:30,-53.66117147884979,IISC
2026-01-16 08:26:00,-50.00985940521432,IISC
2026-01-16 08:26:30,-48.73211173163665,IISC
2026-01-16 08:27:00,-49.98024274023247,IISC
2026-01-16 08:27:30,-49.69042248090933,IISC
2026-01-16 08:28:00,-49.1277057950293,IISC
2026-01-16 08:28:30,-49.556089748204315,IISC
2026-01-16 08:29:00,-50.99461362619138,IISC
2026-01-16 08:29:30,-48.51210219726356,IISC
2026-01-16 08:30:00,-50.39593382572846,IISC
2026-01-16 08:30:30,-50.22881121506222,IISC
2026-01-16 08:31:00,-50.08495881189603,IISC
2026-01-16 08:31:30,-49.83110165927501,IISC
2026-01-16 08:32:00,-49.91889392969536,IISC
2026-01-16 08:32:30,-47.81822597589636,IISC
2026-01-16 08:33:00,-46.76683425476976,IISC
2026-01-16 08:33:30,-48.9277932945807,IISC
2026-01-16 08:34:00,-50.61277014712218,IISC
2026-01-16 08:34:30,-53.11326311757992,IISC
2026-01-16 08:35:00,-51.38809220507022,IISC
2026-01-16 08:35:30,-50.38112549323753,IISC
2026-01-16 08:36:00,-49.83427487225438,IISC
2026-01-16 08:36:30,-47.99169502828287,IISC
2026-01-16 08:37:00,-49.567724859835096,IISC
2026-01-16 08:37:30,-52.462754157339155,IISC
2026-01-16 08:38:00,-52.87104108841083,IISC
2026-01-16 08:38:30,-53.31740657917536,IISC
2026-01-16 08:39:00,-49.64282427439756,IISC
2026-01-16 08:39:30,-50.180155252502225,IISC
2026-01-16 08:40:00,-51.646180318838084,IISC
2026-01-16 08:40:30,-50.686811829278696,IISC
2026-01-16 08:41:00,-48.75432423037304,IISC
2026-01-16 08:41:30,-50.47737967019006,IISC
2026-01-16 08:42:00,-53.487702418582515,IISC
2026-01-16 08:42:30,-43.84628704279054,IISC
2026-01-16 08:43:00,-46.61174340587909,IISC
2026-01-16 08:43:30,-45.28018330209777,IISC
2026-01-16 08:44:00,-44.225882803556026,IISC
2026-01-16 08:44:30,-56.701110900104844,IISC
2026-01-16 08:45:00,-56.751882331417114,IISC
2026-01-16 08:45:30,-45.090980393976906,IISC
2026-01-16 08:46:00,-44.971984846667,IISC
2026-01-16 08:46:30,-44.560260273454844,IISC
2026-01-16 08:47:00,-42.68013072170955,IISC
2026-01-16 08:47:30,-45.181417015606584,IISC
2026-01-16 08:48:00,-53.11114764882763,IISC
2026-01-16 08:48:30,-49.90831654258975,IISC
2026-01-16 08:49:00,-51.79426365950885,IISC
2026-01-16 08:49:30,-52.276592245154376,IISC
2026-01-16 08:50:00,-46.67124116845172,IISC
2026-01-16 08:50:30,-46.176219724978125,IISC
2026-01-16 08:51:00,-44.287760486206686,IISC
2026-01-16 08:51:30,-45.11834936183459,IISC
2026-01-16 08:52:00,-45.87873087665153,IISC
2026-01-16 08:52:30,-46.49036795622286,IISC
2026-01-16 08:53:00,-45.25757414336565,IISC
2026-01-16 08:53:30,-46.604603676675495,IISC
2026-01-16 08:54:00,-49.0368725321207,IISC
2026-01-16 08:54:30,-48.527571616941124,IISC
2026-01-16 08:55:00,-48.30029012499256,IISC
2026-01-16 08:55:30,-48.02184057079629,IISC
2026-01-16 08:56:00,-47.718401933356944,IISC
2026-01-16 08:56:30,-46.636732466957525,IISC
2026-01-16 08:57:00,-44.49243281942314,IISC
2026-01-16 08:57:30,-45.61337081860697,IISC
2026-01-16 08:58:00,-46.52368669989451,IISC
2026-01-16 08:58:30,-47.41139344018165,IISC
2026-01-16 08:59:00,-47.172212405471,IISC
2026-01-16 08:59:30,-46.831885164191135,IISC
2026-01-16 09:00:00,-42.92407159214334,IISC
2026-01-16 09:00:30,-42.812215787335816,IISC
2026-01-16 09:01:00,-45.20997593242096,IISC
2026-01-16 09:01:30,-46.085783107781374,IISC
2026-01-16 09:02:00,-45.85255184888469,IISC
2026-01-16 09:02:30,-46.50821728366478,IISC
2026-01-16 09:03:00,-45.96083778761278,IISC
2026-01-16 09:03:30,-47.80341763946505,IISC
2026-01-16 09:04:00,-48.99866174405594,IISC
2026-01-16 09:04:30,-49.56455165079611,IISC
2026-01-16 09:05:00,-49.1002046066805,IISC
2026-01-16 09:05:30,-49.24511473831225,IISC
2026-01-16 09:06:00,-46.88212772141968,IISC
2026-01-16 09:06:30,-49.20492067046328,IISC
2026-01-16 09:07:00,-49.7062885458062,IISC
2026-01-16 09:07:30,-52.0343702120449,IISC
2026-01-16 09:08:00,-52.08091069009109,IISC
2026-01-16 09:08:30,-50.03630286115717,IISC
2026-01-16 09:09:00,-47.62889084285145,IISC
2026-01-16 09:09:30,-46.42518484354954,IISC
2026-01-16 09:10:00,-47.4078235760724,IISC
2026-01-16 09:10:30,-49.005008166074305,IISC
2026-01-16 09:11:00,-49.78033022402234,IISC
2026-01-16 09:11:30,-51.81541841795851,IISC
2026-01-16 09:12:00,-51.48328863779565,IISC
2026-01-16 09:12:30,-54.05465006954977,IISC
2026-01-16 09:13:00,-52.326305948001085,IISC
2026-01-16 09:13:30,-53.22221015039032,IISC
2026-01-16 09:14:00,-50.64556003690454,IISC
2026-01-16 09:14:30,-48.59989445586277,IISC
2026-01-16 09:15:00,-48.72788078231094,IISC
2026-01-16 09:15:30,-50.67094574073954,IISC
2026-01-16 09:16:00,-50.45199394665316,IISC
2026-01-16 09:16:30,-48.287861705683994,IISC
2026-01-16 09:17:00,-46.6790419882898,IISC
2026-01-16 09:17:30,-46.99530569961541,IISC
2026-01-16 09:18:00,-46.18507827919234,IISC
2026-01-16 09:18:30,-51.21144993576395,IISC
2026-01-16 09:19:00,-53.05931848116902,IISC
2026-01-16 09:19:30,-51.99734938081759,IISC
2026-01-16 09:20:00,-50.06486178191192,IISC
2026-01-16 09:20:30,-52.259668447851546,IISC
2026-01-16 09:21:00,-50.96936011723503,IISC
2026-01-16 09:21:30,-47.494690323741885,IISC
2026-01-16 09:22:00,-45.622890459022734,IISC
2026-01-16 09:22:30,-46.314254566418356,IISC
2026-01-16 09:23:00,-49.10707990623043,IISC
2026-01-16 09:23:30,-48.71915444514002,IISC
2026-01-16 09:24:00,-47.15555302255285,IISC
2026-01-16 09:24:30,-47.32452669645255,IISC
2026-01-16 09:25:00,-47.34475593510665,IISC
2026-01-16 09:25:30,-49.77583484159515,IISC
2026-01-16 09:26:00,-49.00950355539717,IISC
2026-01-16 09:26:30,-47.677943451615846,IISC
2026-01-16 09:27:00,-49.39028929614984,IISC
2026-01-16 09:27:30,-49.80558372953086,IISC
2026-01-16 09:28:00,-45.452726836166335,IISC
2026-01-16 09:28:30,-43.988156152381194,IISC
2026-01-16 09:29:00,-48.924620073720554,IISC
2026-01-16 09:29:30,-49.75388677596026,IISC
2026-01-16 09:30:00,-48.82942364099513,IISC
2026-01-16 09:30:30,-52.01109996908142,IISC
2026-01-16 09:31:00,-51.88734461166086,IISC
2026-01-16 09:31:30,-50.87191598935562,IISC
2026-01-16 09:32:00,-52.34534522981772,IISC
2026-01-16 09:32:30,-51.13211957975654,IISC
2026-01-16 09:33:00,-50.96393920910167,IISC
2026-01-16 09:33:30,-54.16465482688537,IISC
2026-01-16 09:34:00,-49.34507097425268,IISC
2026-01-16 09:34:30,-46.34281348766565,IISC
2026-01-16 09:35:00,-45.907289806764695,IISC
2026-01-16 09:35:30,-47.7457709145134,IISC
2026-01-16 09:36:00,-47.13294386825367,IISC
2026-01-16 09:36:30,-48.121796815110024,IISC
2026-01-16 09:37:00,-49.116599542213265,IISC
2026-01-16 09:37:30,-49.91029979626894,IISC
2026-01-16 09:38:00,-48.21223342787384,IISC
2026-01-16 09:38:30,-45.119539319657136,IISC
2026-01-16 09:39:00,-43.452411783721516,IISC
2026-01-16 09:39:30,-44.8851181029379,IISC
2026-01-16 09:40:00,-49.47715604431187,IISC
2026-01-16 09:40:30,-47.43162267883574,IISC
2026-01-16 09:41:00,-45.758545375952,IISC
2026-01-16 09:41:30,-47.62796534275777,IISC
2026-01-16 09:42:00,-53.885411974369724,IISC
2026-01-16 09:42:30,-55.17796797255755,IISC
2026-01-16 09:43:00,-56.37215434474248,IISC
2026-01-16 09:43:30,-55.64654596599887,IISC
2026-01-16 09:44:00,-53.0698958525131,IISC
2026-01-16 09:44:30,-49.81629333072446,IISC
2026-01-16 09:45:00,-51.3087618490628,IISC
2026-01-16 09:45:30,-50.87403147386942,IISC
2026-01-16 09:46:00,-51.36376422970079,IISC
2026-01-16 09:46:30,-53.487702422522894,IISC
2026-01-16 09:47:00,-53.18942026848871,IISC
2026-01-16 09:47:30,-49.39531354379491,IISC
2026-01-16 09:48:00,-51.44309459752935,IISC
2026-01-16 09:48:30,-52.08725712787099,IISC
2026-01-16 09:49:00,-51.25481720477116,IISC
2026-01-16 09:49:30,-50.84018385168112,IISC
2026-01-16 09:50:00,-53.882238745628825,IISC
2026-01-16 09:50:30,-53.271923837475505,IISC
2026-01-16 09:51:00,-52.352749392122796,IISC
2026-01-16 09:51:30,-49.94216416871845,IISC
2026-01-16 09:52:00,-49.77292606565764,IISC
2026-01-16 09:52:30,-51.32674340241387,IISC
2026-01-16 09:53:00,-50.9332648077735,IISC
2026-01-16 09:53:30,-51.919076761156504,IISC
2026-01-16 09:54:00,-48.28468849664502,IISC
2026-01-16 09:54:30,-50.259485608509635,IISC
2026-01-16 09:55:00,-52.720842267166645,IISC
2026-01-16 09:55:30,-50.471033240290936,IISC
2026-01-16 09:56:00,-49.8162933228437,IISC
2026-01-16 09:56:30,-51.63242972663389,IISC
2026-01-16 09:57:00,-54.25350483759243,IISC
2026-01-16 09:57:30,-55.2562406000994,IISC
2026-01-16 09:58:00,-53.49193337972935,IISC
2026-01-16 09:58:30,-53.42212265871969,IISC
2026-01-16 09:59:00,-51.4155933973594,IISC
2026-01-16 09:59:30,-53.04239466022391,IISC
2026-01-16 10:00:00,-51.42722851687095,IISC
2026-01-16 10:00:30,-54.559191161812436,IISC
2026-01-16 10:01:00,-59.253115723621896,IISC
2026-01-16 10:01:30,-56.74849757707905,IISC
2026-01-16 10:02:00,-56.14304826399962,IISC
2026-01-16 10:02:30,-53.731722615695936,IISC
2026-01-16 10:03:00,-52.829260432986,IISC
2026-01-16 10:03:30,-54.48853425881839,IISC
2026-01-16 10:04:00,-56.57619202482255,IISC
2026-01-16 10:04:30,-55.10921499656305,IISC
2026-01-16 10:05:00,-54.84266498335569,IISC
2026-01-16 10:05:30,-53.142456693539756,IISC
2026-01-16 10:06:00,-54.47330281642145,IISC
2026-01-16 10:06:30,-52.67599417751957,IISC
2026-01-16 10:07:00,-56.34296077390513,IISC
2026-01-16 10:07:30,-56.86368524960435,IISC
2026-01-16 10:08:00,-59.37306322034472,IISC
2026-01-16 10:08:30,-55.912672883485584,IISC
2026-01-16 10:09:00,-55.413843585618864,IISC
2026-01-16 10:09:30,-56.25062022773865,IISC
2026-01-16 10:10:00,-53.81031255192649,IISC
2026-01-16 10:10:30,-53.629439325413756,IISC
2026-01-16 10:11:00,-54.579288187856164,IISC
2026-01-16 10:11:30,-51.69906721496228,IISC
2026-01-16 10:12:00,-49.008181390874825,IISC
2026-01-16 10:12:30,-49.269442713681684,IISC
2026-01-16 10:13:00,-51.67262377084056,IISC
2026-01-16 10:13:30,-48.764901609597864,IISC
2026-01-16 10:14:00,-49.30857901760166,IISC
2026-01-16 10:14:30,-48.73845816547616,IISC
2026-01-16 10:15:00,-49.88716178414009,IISC
2026-01-16 10:15:30,-51.38597673631794,IISC
2026-01-16 10:16:00,-54.8236256936583,IISC
2026-01-16 10:16:30,-55.77664776119933,IISC
2026-01-16 10:17:00,-53.59453397475987,IISC
2026-01-16 10:17:30,-50.16111596280483,IISC
2026-01-16 10:18:00,-57.13499509055557,IISC
2026-01-16 10:18:30,-54.578018895571724,IISC
2026-01-16 10:19:00,-54.17724192014167,IISC
2026-01-16 10:19:30,-50.624511047755085,IISC
2026-01-16 10:20:00,-53.615582966273564,IISC
2026-01-16 10:20:30,-54.81981783571882,IISC
2026-01-16 10:21:00,-53.12151348196532,IISC
2026-01-16 10:21:30,-55.41479554833055,IISC
2026-01-16 10:22:00,-55.16252500062306,IISC
2026-01-16 10:22:30,-52.89854228070001,IISC
2026-01-16 10:23:00,-51.54252197958049,IISC
2026-01-16 10:23:30,-52.92710120933552,IISC
2026-01-16 10:24:00,-48.95846769984925,IISC
2026-01-16 10:24:30,-50.68892728620985,IISC
2026-01-16 10:25:00,-48.74374684720782,IISC
2026-01-16 10:25:30,-46.95934260079405,IISC
2026-01-16 10:26:00,-47.14656224932516,IISC
2026-01-16 10:26:30,-46.3024872224753,IISC
2026-01-16 10:27:00,-43.37149481432874,IISC
2026-01-16 10:27:30,-46.08459315685449,IISC
2026-01-16 10:28:00,-50.37266359064575,IISC
2026-01-16 10:28:30,-50.306026098376975,IISC
2026-01-16 10:29:00,-46.92443724619979,IISC
2026-01-16 10:29:30,-49.1171284079237,IISC
2026-01-16 10:30:00,-50.40545346466658,IISC
2026-01-16 10:30:30,-46.70231223519365,IISC
2026-01-16 10:31:00,-47.93880811639716,IISC
2026-01-16 10:31:30,-48.224397422454224,IISC
2026-01-16 10:32:00,-49.12770579896968,IISC
2026-01-16 10:32:30,-51.371168395946256,IISC
2026-01-16 10:33:00,-52.39082796757719,IISC
2026-01-16 10:33:30,-52.673244052774116,IISC
2026-01-16 10:34:00,-52.43207975601097,IISC
2026-01-16 10:34:30,-51.60915947578964,IISC
2026-01-16 10:35:00,-41.05703154541561,IISC
2026-01-16 10:35:30,-40.70361479025233,IISC
2026-01-16 10:36:00,-45.35158062959712,IISC
2026-01-16 10:36:30,-47.65057447932524,IISC
2026-01-16 10:37:00,-48.891830187878575,IISC
2026-01-16 10:37:30,-48.75855517969873,IISC
2026-01-16 10:38:00,-54.12022983335297,IISC
2026-01-16 10:38:30,-50.85710766080508,IISC
2026-01-16 10:39:00,-47.47551880862789,IISC
2026-01-16 10:39:30,-47.93378386037879,IISC
2026-01-16 10:40:00,-51.20973110976823,IISC
2026-01-16 10:40:30,-51.661914173587334,IISC
2026-01-16 10:41:00,-52.6400575266383,IISC
2026-01-16 10:41:30,-45.97154739176167,IISC
2026-01-16 10:42:00,-49.72850106030411,IISC
2026-01-16 10:42:30,-49.24194151351174,IISC
2026-01-16 10:43:00,-49.092800456196564,IISC
2026-01-16 10:43:30,-50.69738920456315,IISC
2026-01-16 10:44:00,-48.358730166980386,IISC
2026-01-16 10:44:30,-49.776099270756255,IISC
2026-01-16 10:45:00,-45.25321097798175,IISC
2026-01-16 10:45:30,-46.77846937428131,IISC
2026-01-16 10:46:00,-50.193905844706435,IISC
2026-01-16 10:46:30,-47.26608666924116,IISC
2026-01-16 10:47:00,-43.990271632954624,IISC
2026-01-16 10:47:30,-44.71376451930367,IISC
2026-01-16 10:48:00,-47.75264620815277,IISC
2026-01-16 10:48:30,-49.25146116033063,IISC
2026-01-16 10:49:00,-50.285929068392875,IISC
2026-01-16 10:49:30,-54.31168043909055,IISC
2026-01-16 10:50:00,-48.51315993755028,IISC
2026-01-16 10:50:30,-50.92176190185741,IISC
2026-01-16 10:51:00,-47.04199729129761,IISC
2026-01-16 10:51:30,-48.650816994619014,IISC
2026-01-16 10:52:00,-53.67650868000642,IISC
2026-01-16 10:52:30,-47.13532378389877,IISC
2026-01-16 10:53:00,-41.669858582809496,IISC
2026-01-16 10:53:30,-38.56645487192155,IISC
2026-01-16 10:54:00,-45.1908044310983,IISC
2026-01-16 10:54:30,-49.429161165983224,IISC
2026-01-16 10:55:00,-48.87384863846789,IISC
2026-01-16 10:55:30,-46.42201162268939,IISC
2026-01-16 10:56:00,-43.98075199795688,IISC
2026-01-16 10:56:30,-45.19186216350425,IISC
2026-01-16 10:57:00,-45.57159016200003,IISC
2026-01-16 10:57:30,-46.666349140312676,IISC
2026-01-16 10:58:00,-45.76198302351051,IISC
2026-01-16 10:58:30,-47.61011599758414,IISC
2026-01-16 10:59:00,-45.88944047488985,IISC
2026-01-16 10:59:30,-48.32884905953865,IISC
2026-01-16 11:00:00,-47.68389322742981,IISC
2026-01-16 11:00:30,-44.61499823576778,IISC
2026-01-16 11:01:00,-47.35705214081975,IISC
2026-01-16 11:01:30,-45.205930079370624,IISC
2026-01-16 11:02:00,-43.61329376393276,IISC
2026-01-16 11:02:30,-47.25455732100002,IISC
2026-01-16 11:03:00,-50.677821051815094,IISC
2026-01-16 11:03:30,-51.287078215741325,IISC
2026-01-16 11:04:00,-50.502659611423496,IISC
2026-01-16 11:04:30,-47.29168391995139,IISC
2026-01-16 11:05:00,-46.621501043178874,IISC
2026-01-16 11:05:30,-48.627289877669625,IISC
2026-01-16 11:06:00,-49.35744652230843,IISC
2026-01-16 11:06:30,-49.12707115243342,IISC
2026-01-16 11:07:00,-46.99657497929063,IISC
2026-01-16 11:07:30,-49.236547048688536,IISC
2026-01-16 11:08:00,-46.93564926999069,IISC
2026-01-16 11:08:30,-48.934774354860515,IISC
2026-01-16 11:09:00,-49.90006618647916,IISC
2026-01-16 11:09:30,-49.272721699113575,IISC
2026-01-16 11:10:00,-49.078520976117275,IISC
2026-01-16 11:10:30,-48.07134271071072,IISC
2026-01-16 11:11:00,-44.17685663967792,IISC
2026-01-16 11:11:30,-45.452488843715244,IISC
2026-01-16 11:12:00,-43.1344557007434,IISC
2026-01-16 11:12:30,-47.10224302469894,IISC
2026-01-16 11:13:00,-48.16273128352648,IISC
2026-01-16 11:13:30,-44.6718780973369,IISC
2026-01-16 11:14:00,-46.486322100512766,IISC
2026-01-16 11:14:30,-44.153057536422054,IISC
2026-01-16 11:15:00,-42.05016833511364,IISC
2026-01-16 11:15:30,-43.74847269950618,IISC
2026-01-16 11:16:00,-42.456657100999244,IISC
2026-01-16 11:16:30,-46.57580675145148,IISC
2026-01-16 11:17:00,-49.2593942034181,IISC
2026-01-16 11:17:30,-48.791027758428164,IISC
2026-01-16 11:18:00,-45.86849726154224,IISC
2026-01-16 11:18:30,-41.62411141096342,IISC
2026-01-16 11:19:00,-38.81793212022606,IISC
2026-01-16 11:19:30,-42.77281502962736,IISC
2026-01-16 11:20:00,-47.37545678398088,IISC
2026-01-16 11:20:30,-45.011729359920665,IISC
2026-01-16 11:21:00,-45.16023579473591,IISC
2026-01-16 11:21:30,-41.15056205117783,IISC
2026-01-16 11:22:00,-41.11724328534153,IISC
2026-01-16 11:22:30,-43.50001000619182,IISC
2026-01-16 11:23:00,-46.11220012356638,IISC
2026-01-16 11:23:30,-50.909148384401796,IISC
2026-01-16 11:24:00,-47.34647476553529,IISC
2026-01-16 11:24:30,-47.25656701848189,IISC
2026-01-16 11:25:00,-47.48821167630691,IISC
2026-01-16 11:25:30,-47.62487144709961,IISC
2026-01-16 11:26:00,-42.71273551019256,IISC
2026-01-16 11:26:30,-42.8736174779916,IISC
2026-01-16 11:27:00,-43.80654252421736,IISC
2026-01-16 11:27:30,-45.08407865367807,IISC
2026-01-16 11:28:00,-46.34923923596962,IISC
2026-01-16 11:28:30,-48.438800934489855,IISC
2026-01-16 11:29:00,-46.070313686232126,IISC
2026-01-16 11:29:30,-44.86036703342398,IISC
2026-01-16 11:30:00,-46.49869764058924,IISC
2026-01-16 11:30:30,-43.96361663407692,IISC
2026-01-16 11:31:00,-43.12874391738053,IISC
2026-01-16 11:31:30,-46.336863702985816,IISC
2026-01-16 11:32:00,-49.68873010630155,IISC
2026-01-16 11:32:30,-47.944731457274294,IISC
2026-01-16 11:33:00,-48.0523034351987,IISC
2026-01-16 11:33:30,-47.76290627080813,IISC
2026-01-16 11:34:00,-45.14976418717552,IISC
2026-01-16 11:34:30,-43.7922630516248,IISC
2026-01-16 11:35:00,-45.0897904334946,IISC
2026-01-16 11:35:30,-45.55720492286552,IISC
2026-01-16 11:36:00,-43.79797484562671,IISC
2026-01-16 11:36:30,-43.857948595761286,IISC
2026-01-16 11:37:00,-44.28062075966285,IISC
2026-01-16 11:37:30,-44.699485065624934,IISC
2026-01-16 11:38:00,-42.61849103505633,IISC
2026-01-16 11:38:30,-45.88182475723772,IISC
2026-01-16 11:39:00,-43.65327625456556,IISC
2026-01-16 11:39:30,-47.312627145711204,IISC
2026-01-16 11:40:00,-49.19942044264449,IISC
2026-01-16 11:40:30,-48.32456522467625,IISC
2026-01-16 11:41:00,-49.60686117833447,IISC
2026-01-16 11:41:30,-43.331300770122056,IISC
2026-01-16 11:42:00,-44.47788892397409,IISC
2026-01-16 11:42:30,-44.415482369209876,IISC
2026-01-16 11:43:00,-44.11508473854266,IISC
2026-01-16 11:43:30,-43.08167457470751,IISC
2026-01-16 11:44:00,-42.40683763909732,IISC
2026-01-16 11:44:30,-41.93191320787611,IISC
2026-01-16 11:45:00,-42.92195612634635,IISC
2026-01-16 11:45:30,-42.25346560881414,IISC
2026-01-16 11:46:00,-43.21600731529329,IISC
2026-01-16 11:46:30,-43.74276090629235,IISC
2026-01-16 11:47:00,-43.70468233083795,IISC
2026-01-16 11:47:30,-42.93359122615599,IISC
2026-01-16 11:48:00,-42.057784041929715,IISC
2026-01-16 11:48:30,-41.921335824710894,IISC
2026-01-16 11:49:00,-42.917725157318735,IISC
2026-01-16 11:49:30,-44.687321071241584,IISC
2026-01-16 11:50:00,-45.071280015122674,IISC
2026-01-16 11:50:30,-42.329622747901794,IISC
2026-01-16 11:51:00,-42.31692989204392,IISC
2026-01-16 11:51:30,-44.6143371451333,IISC
2026-01-16 11:52:00,-43.38630315076005,IISC
2026-01-16 11:52:30,-41.594494742041206,IISC
2026-01-16 11:53:00,-42.5242465784399,IISC
2026-01-16 11:53:30,-44.03258116167511,IISC
2026-01-16 11:54:00,-41.70767272811769,IISC
2026-01-16 11:54:30,-42.39520251564539,IISC
2026-01-16 11:55:00,-44.27162998180521,IISC
2026-01-16 11:55:30,-45.56735920873395,IISC
2026-01-16 11:56:00,-45.51658778136204,IISC
2026-01-16 11:56:30,-42.98965135102107,IISC
2026-01-16 11:57:00,-39.257951185031864,IISC
2026-01-16 11:57:30,-41.244383412467656,IISC
2026-01-16 11:58:00,-45.08608835155398,IISC
2026-01-16 11:58:30,-47.35176346302847,IISC
2026-01-16 11:59:00,-44.495870469444384,IISC
2026-01-16 11:59:30,-44.225089507699394,IISC
2026-01-16 12:00:00,-41.49295188335702,IISC
2026-01-16 12:00:30,-44.14364366323779,IISC
2026-01-16 12:01:00,-46.77741164581575,IISC
2026-01-16 12:01:30,-40.43732921290473,IISC
2026-01-16 12:02:00,-41.147071499168796,IISC
2026-01-16 12:02:30,-43.640160315202216,IISC
2026-01-16 12:03:00,-44.280091884397,IISC
2026-01-16 12:03:30,-44.94858239010806,IISC
2026-01-16 12:04:00,-45.92804791359194,IISC
2026-01-16 12:04:30,-46.304602683346815,IISC
2026-01-16 12:05:00,-46.487591386492596,IISC
2026-01-16 12:05:30,-44.78145975579954,IISC
2026-01-16 12:06:00,-42.93041802105737,IISC
2026-01-16 12:06:30,-47.17194796892167,IISC
2026-01-16 12:07:00,-42.57422470601479,IISC
2026-01-16 12:07:30,-41.45209673570962,IISC
2026-01-16 12:08:00,-42.1898691006603,IISC
2026-01-16 12:08:30,-41.22957508391711,IISC
2026-01-16 12:09:00,-42.286255493671035,IISC
2026-01-16 12:09:30,-41.135568606551494,IISC
2026-01-16 12:10:00,-41.22243534584766,IISC
2026-01-16 12:10:30,-41.64486952173106,IISC
2026-01-16 12:11:00,-45.055413950225805,IISC
2026-01-16 12:11:30,-43.171582298118615,IISC
2026-01-16 12:12:00,-45.065991333391025,IISC
2026-01-16 12:12:30,-45.93016338234422,IISC
2026-01-16 12:13:00,-46.9064556967891,IISC
2026-01-16 12:13:30,-45.95978005126645,IISC
2026-01-16 12:14:00,-47.42580512154271,IISC
2026-01-16 12:14:30,-46.25700447289467,IISC
2026-01-16 12:15:00,-45.95660685010822,IISC
2026-01-16 12:15:30,-49.60368796653722,IISC
2026-01-16 12:16:00,-43.88317565549691,IISC
2026-01-16 12:16:30,-42.13156129591023,IISC
2026-01-16 12:17:00,-41.574662147621325,IISC
2026-01-16 12:17:30,-41.96377757540015,IISC
2026-01-16 12:18:00,-44.29133035967434,IISC
2026-01-16 12:18:30,-42.55042558059425,IISC
2026-01-16 12:19:00,-41.47589585226429,IISC
2026-01-16 12:19:30,-42.3100545969269,IISC
2026-01-16 12:20:00,-40.8880578848147,IISC
2026-01-16 12:20:30,-41.09630008263294,IISC
2026-01-16 12:21:00,-44.550740633039084,IISC
2026-01-16 12:21:30,-45.337301157891154,IISC
2026-01-16 12:22:00,-45.07670092227093,IISC
2026-01-16 12:22:30,-42.307674690147664,IISC
2026-01-16 12:23:00,-42.96809992962038,IISC
2026-01-16 12:23:30,-41.721026667221835,IISC
2026-01-16 12:24:00,-41.80075367731441,IISC
2026-01-16 12:24:30,-41.458046515956525,IISC
2026-01-16 12:25:00,-41.286692939710505,IISC
2026-01-16 12:25:30,-43.97837208181923,IISC
2026-01-16 12:26:00,-43.26201892664396,IISC
2026-01-16 12:26:30,-44.191374097628895,IISC
2026-01-16 12:27:00,-43.72253166419043,IISC
2026-01-16 12:27:30,-43.47502093358778,IISC
2026-01-16 12:28:00,-44.37343727654616,IISC
2026-01-16 12:28:30,-47.73254918210905,IISC
2026-01-16 12:29:00,-47.98852182318425,IISC
2026-01-16 12:29:30,-45.67842171423701,IISC
2026-01-16 12:30:00,-44.97502584211053,IISC
2026-01-16 12:30:30,-45.0681068021433,IISC
2026-01-16 12:31:00,-43.46457577436152,IISC
2026-01-16 12:31:30,-47.06405868033837,IISC
2026-01-16 12:32:00,-47.934577174952224,IISC
2026-01-16 12:32:30,-46.813374736756344,IISC
2026-01-16 12:33:00,-47.349647970633896,IISC
2026-01-16 12:33:30,-45.77361813908168,IISC
2026-01-16 12:34:00,-44.38057700673485,IISC
2026-01-16 12:34:30,-43.76180019598974,IISC
2026-01-16 12:35:00,-46.40931877471228,IISC
2026-01-16 12:35:30,-48.49412065179326,IISC
2026-01-16 12:36:00,-48.68134029244361,IISC
2026-01-16 12:36:30,-48.03929324661577,IISC
2026-01-16 12:37:00,-48.49729386083225,IISC
2026-01-16 12:37:30,-46.503457467151,IISC
2026-01-16 12:38:00,-46.95934260473443,IISC
2026-01-16 12:38:30,-44.01354187197772,IISC
2026-01-16 12:39:00,-44.57731629814447,IISC
2026-01-16 12:39:30,-41.8007536802697,IISC
2026-01-16 12:40:00,-41.63257330961484,IISC
2026-01-16 12:40:30,-38.963899972442626,IISC
2026-01-16 12:41:00,-41.30467448665844,IISC
2026-01-16 12:41:30,-41.7449957663522,IISC
2026-01-16 12:42:00,-45.154388021766145,IISC
2026-01-16 12:42:30,-44.418655573745575,IISC
2026-01-16 12:43:00,-43.7346012129594,IISC
2026-01-16 12:43:30,-47.59345662796478,IISC
2026-01-16 12:44:00,-46.11077216885981,IISC
2026-01-16 12:44:30,-46.747398318375424,IISC
2026-01-16 12:45:00,-47.51610952021852,IISC
2026-01-16 12:45:30,-45.93108891888643,IISC
2026-01-16 12:46:00,-41.86263135996508,IISC
2026-01-16 12:46:30,-39.31884667942906,IISC
2026-01-16 12:47:00,-36.530951149049955,IISC
2026-01-16 12:47:30,-36.758062638158016,IISC
2026-01-16 12:48:00,-38.73950839931303,IISC
2026-01-16 12:48:30,-36.983814170402674,IISC
2026-01-16 12:49:00,-36.52415139513015,IISC
2026-01-16 12:49:30,-41.89051031481291,IISC
2026-01-16 12:50:00,-46.51977686507513,IISC
2026-01-16 12:50:30,-46.89104294071429,IISC
2026-01-16 12:51:00,-42.5813644295189,IISC
2026-01-16 12:51:30,-40.03281992402544,IISC
2026-01-16 12:52:00,-38.84422445971835,IISC
2026-01-16 12:52:30,-41.13981843755276,IISC
2026-01-16 12:53:00,-40.050499256859425,IISC
2026-01-16 12:53:30,-36.54183074316275,IISC
2026-01-16 12:54:00,-40.55096049992251,IISC
2026-01-16 12:54:30,-41.31525186475745,IISC
2026-01-16 12:55:00,-43.65436422917545,IISC
2026-01-16 12:55:30,-42.905032303712495,IISC
2026-01-16 12:56:00,-36.71726415854629,IISC
2026-01-16 12:56:30,-35.47812393056639,IISC
2026-01-16 12:57:00,-37.77122466512799,IISC
2026-01-16 12:57:30,-41.56004269683191,IISC
2026-01-16 12:58:00,-38.460945492580215,IISC
2026-01-16 12:58:30,-38.85918390077907,IISC
2026-01-16 12:59:00,-37.334454368712294,IISC
2026-01-16 12:59:30,-39.282808022663886,IISC
2026-01-16 13:00:00,-38.987699085549465,IISC
2026-01-16 13:00:30,-42.15842028184396,IISC
2026-01-16 13:01:00,-39.4262826535612,IISC
2026-01-16 13:01:30,-43.04782694857881,IISC
2026-01-16 13:02:00,-42.551445550774915,IISC
2026-01-16 13:02:30,-43.47213104805095,IISC
2026-01-16 13:03:00,-43.97531219470845,IISC
2026-01-16 13:03:30,-40.945345730783075,IISC
2026-01-16 13:04:00,-37.09668994159121,IISC
2026-01-16 13:04:30,-38.7816668138346,IISC
2026-01-16 13:05:00,-42.03330497487783,IISC
2026-01-16 13:05:30,-40.2694510655815,IISC
2026-01-16 13:06:00,-39.60171608076589,IISC
2026-01-16 13:06:30,-40.98886410216806,IISC
2026-01-16 13:07:00,-44.64950693282904,IISC
2026-01-16 13:07:30,-44.34011853287451,IISC
2026-01-16 13:08:00,-42.46117893451885,IISC
2026-01-16 13:08:30,-39.48748035588033,IISC
2026-01-16 13:09:00,-38.01193565257653,IISC
2026-01-16 13:09:30,-39.10788458624899,IISC
2026-01-16 13:10:00,-38.13093119545351,IISC
2026-01-16 13:10:30,-39.61837545038526,IISC
2026-01-16 13:11:00,-36.21510297995854,IISC
2026-01-16 13:11:30,-36.21510297995854,IISC
2026-01-16 13:12:00,-40.475143349347064,IISC
2026-01-16 13:12:30,-40.043189541913755,IISC
2026-01-16 13:13:00,-40.168134856171775,IISC
2026-01-16 13:13:30,-39.091225212196704,IISC
2026-01-16 13:14:00,-37.308672002418824,IISC
2026-01-16 13:14:30,-34.580104238737874,IISC
2026-01-16 13:15:00,-38.62119281206982,IISC
2026-01-16 13:15:30,-38.61524304068879,IISC
2026-01-16 13:16:00,-38.32489393043164,IISC
2026-01-16 13:16:30,-39.83256743288334,IISC
2026-01-16 13:17:00,-38.74970800866136,IISC
2026-01-16 13:17:30,-36.117526637991126,IISC
2026-01-16 13:18:00,-35.48107048941618,IISC
2026-01-16 13:18:30,-35.553147792814144,IISC
2026-01-16 13:19:00,-37.52099404612955,IISC
2026-01-16 13:19:30,-37.329241227755666,IISC
2026-01-16 13:20:00,-40.798811212141715,IISC
2026-01-16 13:20:30,-40.79643130536247,IISC
2026-01-16 13:21:00,-35.62964491485526,IISC
2026-01-16 13:21:30,-32.08000792482804,IISC
2026-01-16 13:22:00,-31.849156572710594,IISC
2026-01-16 13:22:30,-37.95957761477456,IISC
2026-01-16 13:23:00,-37.96076756816419,IISC
2026-01-16 13:23:30,-39.091735190321,IISC
2026-01-16 13:24:00,-37.03821215109906,IISC
2026-01-16 13:24:30,-33.80969310474758,IISC
2026-01-16 13:25:00,-35.75170034990923,IISC
2026-01-16 13:25:30,-35.69730239454386,IISC
2026-01-16 13:26:00,-37.91129941146611,IISC
2026-01-16 13:26:30,-34.61342300077451,IISC
2026-01-16 13:27:00,-33.638339532934495,IISC
2026-01-16 13:27:30,-33.66689846494748,IISC
2026-01-16 13:28:00,-33.45202652174941,IISC
2026-01-16 13:28:30,-34.70997938586006,IISC
2026-01-16 13:29:00,-34.21767782318294,IISC
2026-01-16 13:29:30,-33.88721020013573,IISC
2026-01-16 13:30:00,-32.76253234870822,IISC
2026-01-16 13:30:30,-32.982844094028884,IISC
2026-01-16 13:31:00,-31.112574183314173,IISC
2026-01-16 13:31:30,-34.274285698952205,IISC
2026-01-16 13:32:00,-31.628334854965114,IISC
2026-01-16 13:32:30,-32.00096088240148,IISC
2026-01-16 13:33:00,-36.926696316509116,IISC
2026-01-16 13:33:30,-36.177364391046154,IISC
2026-01-16 13:34:00,-35.53954829004074,IISC
2026-01-16 13:34:30,-34.26799594848772,IISC
2026-01-16 13:35:00,-33.63561963440629,IISC
2026-01-16 13:35:30,-33.993286232603076,IISC
2026-01-16 13:36:00,-35.55858758480434,IISC
2026-01-16 13:36:30,-34.17687934525996,IISC
2026-01-16 13:37:00,-27.975511729406318,IISC
2026-01-16 13:37:30,-29.100189585900036,IISC
2026-01-16 13:38:00,-23.43418856066735,IISC
2026-01-16 13:38:30,-20.773448265794528,IISC
2026-01-16 13:39:00,-24.584478793701724,IISC
2026-01-16 13:39:30,-23.722951067882644,IISC
2026-01-16 13:40:00,-26.51855298924613,IISC
2026-01-16 13:40:30,-27.30097700080332,IISC
2026-01-16 13:41:00,-25.557522338067777,IISC
2026-01-16 13:41:30,-26.077022860695852,IISC
2026-01-16 13:42:00,-24.408365389754067,IISC
2026-01-16 13:42:30,-21.697986944630692,IISC
2026-01-16 13:43:00,-24.604198053387147,IISC
2026-01-16 13:43:30,-29.73256588984905,IISC
2026-01-16 13:44:00,-28.912516612785343,IISC
2026-01-16 13:44:30,-23.27552784274195,IISC
2026-01-16 13:45:00,-22.512596419571803,IISC
2026-01-16 13:45:30,-20.737862936427486,IISC
2026-01-16 13:46:00,-25.04754143242427,IISC
2026-01-16 13:46:30,-29.164107188647197,IISC
2026-01-16 13:47:00,-26.532605795775385,IISC
2026-01-16 13:47:30,-25.485445029603614,IISC
2026-01-16 13:48:00,-21.59463082082396,IISC
2026-01-16 13:48:30,-24.544360300965387,IISC
2026-01-16 13:49:00,-27.167701993186398,IISC
2026-01-16 13:49:30,-26.24701650097656,IISC
2026-01-16 13:50:00,-24.98770367493631,IISC
2026-01-16 13:50:30,-25.923348631849162,IISC
2026-01-16 13:51:00,-24.122776094955242,IISC
2026-01-16 13:51:30,-19.229679443185994,IISC
2026-01-16 13:52:00,-19.52206848177221,IISC
2026-01-16 13:52:30,-24.745632751522457,IISC
2026-01-16 13:53:00,-25.93830805602254,IISC
2026-01-16 13:53:30,-28.8336395757324,IISC
2026-01-16 13:54:00,-29.274263056241328,IISC
2026-01-16 13:54:30,-28.02718978117727,IISC
2026-01-16 13:55:00,-29.206265613301174,IISC
2026-01-16 13:55:30,-32.33006855365148,IISC
2026-01-16 13:56:00,-29.642809243484695,IISC
2026-01-16 13:56:30,-26.37213180794268,IISC
2026-01-16 13:57:00,-23.499239470088728,IISC
2026-01-16 13:57:30,-22.00822533282347,IISC
2026-01-16 13:58:00,-21.933258136289385,IISC
2026-01-16 13:58:30,-21.582221292338275,IISC
2026-01-16 13:59:00,-24.667775662485525,IISC
2026-01-16 13:59:30,-22.473497883928424,IISC
2026-01-16 14:00:00,-20.878957651046434,IISC
2026-01-16 14:00:30,-22.076052782422245,IISC
2026-01-16 14:01:00,-24.833179476216362,IISC
2026-01-16 14:01:30,-22.02964452486718,IISC
2026-01-16 14:02:00,-24.13705555969518,IISC
2026-01-16 14:02:30,-22.99945818202614,IISC
2026-01-16 14:03:00,-22.58297379968843,IISC
2026-01-16 14:03:30,-23.385003745203168,IISC
2026-01-16 14:04:00,-22.39853070069313,IISC
2026-01-16 14:04:30,-22.35807222338496,IISC
2026-01-16 14:05:00,-20.397025699291614,IISC
2026-01-16 14:05:30,-21.083629966531163,IISC
2026-01-16 14:06:00,-17.523283391564405,IISC
2026-01-16 14:06:30,-23.98593122210325,IISC
2026-01-16 14:07:00,-23.838376757978967,IISC
2026-01-16 14:07:30,-21.794033354758323,IISC
2026-01-16 14:08:00,-21.48464494593793,IISC
2026-01-16 14:08:30,-23.142252832591932,IISC
2026-01-16 14:09:00,-22.284294989106357,IISC
2026-01-16 14:09:30,-23.759839696843088,IISC
2026-01-16 14:10:00,-25.127098459941156,IISC
2026-01-16 14:10:30,-26.31110409073234,IISC
2026-01-16 14:11:00,-23.269578058062127,IISC
2026-01-16 14:11:30,-20.427964536184017,IISC
2026-01-16 14:12:00,-21.128848275129542,IISC
2026-01-16 14:12:30,-24.705854246313237,IISC
2026-01-16 14:13:00,-26.55623490568989,IISC
2026-01-16 14:13:30,-25.29369221819576,IISC
2026-01-16 14:14:00,-25.40316811622404,IISC
2026-01-16 14:14:30,-22.45326864527434,IISC
2026-01-16 14:15:00,-22.41281016796617,IISC
2026-01-16 14:15:30,-22.30928404131893,IISC
2026-01-16 14:16:00,-19.98649108390201,IISC
2026-01-16 14:16:30,-23.050626266438485,IISC
2026-01-16 14:17:00,-21.314481318648603,IISC
2026-01-16 14:17:30,-21.83277301542918,IISC
2026-01-16 14:18:00,-20.049426501421365,IISC
2026-01-16 14:18:30,-22.02845457049246,IISC
2026-01-16 14:19:00,-24.122776098332707,IISC
2026-01-16 14:19:30,-23.00897782638229,IISC
2026-01-16 14:20:00,-24.964735660370668,IISC
2026-01-16 14:20:30,-28.755669160263956,IISC
2026-01-16 14:21:00,-24.842038023534908,IISC
2026-01-16 14:21:30,-25.58668567227401,IISC
2026-01-16 14:22:00,-22.23788671381957,IISC
2026-01-16 14:22:30,-22.498090312101247,IISC
2026-01-16 14:23:00,-30.884578716672074,IISC
2026-01-16 14:23:30,-30.52759209690699,IISC
2026-01-16 14:24:00,-32.251599500617836,IISC
2026-01-16 14:24:30,-25.62264877897613,IISC
2026-01-16 14:25:00,-26.145171420649483,IISC
2026-01-16 14:25:30,-21.56199204481833,IISC
2026-01-16 14:26:00,-22.27067660360193,IISC
2026-01-16 14:26:30,-24.51974522055174,IISC
2026-01-16 14:27:00,-21.599118659728244,IISC
2026-01-16 14:27:30,-20.19962531478478,IISC
2026-01-16 14:28:00,-19.63902410553779,IISC
2026-01-16 14:28:30,-17.56612177565182,IISC
2026-01-16 14:29:00,-22.05582354376816,IISC
2026-01-16 14:29:30,-21.4191974031184,IISC
2026-01-16 14:30:00,-19.622100300354205,IISC
2026-01-16 14:30:30,-20.167893177110273,IISC
2026-01-16 14:31:00,-21.74498074894921,IISC
2026-01-16 14:31:30,-22.982534382260575,IISC
2026-01-16 14:32:00,-23.908055257512423,IISC
2026-01-16 14:32:30,-23.015324256281417,IISC
2026-01-16 14:33:00,-21.241497389092487,IISC
2026-01-16 14:33:30,-15.042094134547146,IISC
2026-01-16 14:34:00,-16.12944895055471,IISC
2026-01-16 14:34:30,-18.362334164366068,IISC
2026-01-16 14:35:00,-19.20535145880998,IISC
2026-01-16 14:35:30,-20.799362843713265,IISC
2026-01-16 14:36:00,-20.755995590467588,IISC
2026-01-16 14:36:30,-20.124525915983835,IISC
2026-01-16 14:37:00,-19.70460387328138,IISC
2026-01-16 14:37:30,-19.946825906390853,IISC
2026-01-16 14:38:00,-21.524971214576116,IISC
2026-01-16 14:38:30,-21.173802152596622,IISC
2026-01-16 14:39:00,-21.24467059813148,IISC
2026-01-16 14:39:30,-20.80042058794036,IISC
2026-01-16 14:40:00,-18.341179401976017,IISC
2026-01-16 14:40:30,-22.30558196607696,IISC
2026-01-16 14:41:00,-21.651899792856824,IISC
2026-01-16 14:41:30,-20.921002728441167,IISC
2026-01-16 14:42:00,-15.852321562850976,IISC
2026-01-16 14:42:30,-21.60673437206086,IISC
2026-01-16 14:43:00,-23.25934444827234,IISC
2026-01-16 14:43:30,-21.46584364957822,IISC
2026-01-16 14:44:00,-24.96621649125553,IISC
2026-01-16 14:44:30,-23.818147510459024,IISC
2026-01-16 14:45:00,-24.766303981350013,IISC
2026-01-16 14:45:30,-25.755394909131844,IISC
2026-01-16 14:46:00,-25.833455989798466,IISC
2026-01-16 14:46:30,-27.355646954634047,IISC
2026-01-16 14:47:00,-27.33089588157378,IISC
2026-01-16 14:47:30,-23.089894798336303,IISC
2026-01-16 14:48:00,-23.50780713449401,IISC
2026-01-16 14:48:30,-25.314635435976303,IISC
2026-01-16 14:49:00,-23.938095010728187,IISC
2026-01-16 14:49:30,-22.830008531203514,IISC
2026-01-16 14:50:00,-23.03182496653243,IISC
2026-01-16 14:50:30,-21.7742800965735,IISC
2026-01-16 14:51:00,-22.27406136069827,IISC
2026-01-16 14:51:30,-20.366324855736888,IISC
2026-01-16 14:52:00,-22.33974690483475,IISC
2026-01-16 14:52:30,-19.294413008905543,IISC
2026-01-16 14:53:00,-14.88026020167218,IISC
2026-01-16 14:53:30,-13.335830294199004,IISC
2026-01-16 14:54:00,-16.367836677587594,IISC
2026-01-16 14:54:30,-15.269507828270026,IISC
2026-01-16 14:55:00,-22.380681368818287,IISC
2026-01-16 14:55:30,-22.835508781876534,IISC
2026-01-16 14:56:00,-19.756433036999606,IISC
2026-01-16 14:56:30,-19.291028248656904,IISC
2026-01-16 14:57:00,-18.38031570589599,IISC
2026-01-16 14:57:30,-19.758548505751886,IISC
2026-01-16 14:58:00,-18.504071079078077,IISC
2026-01-16 14:58:30,-20.724263437031556,IISC
2026-01-16 14:59:00,-22.312986140203183,IISC
2026-01-16 14:59:30,-22.414528991006602,IISC
2026-01-16 15:00:00,-22.250579577558213,IISC
2026-01-16 15:00:30,-19.94153720889767,IISC
2026-01-16 15:01:00,-19.970096145413947,IISC
2026-01-16 15:01:30,-21.27957596848727,IISC
2026-01-16 15:02:00,-21.90258374037923,IISC
2026-01-16 15:02:30,-19.08476931436879,IISC
2026-01-16 15:03:00,-16.526100754234076,IISC
2026-01-16 15:03:30,-16.73341742486852,IISC
2026-01-16 15:04:00,-18.55484250644998,IISC
2026-01-16 15:04:30,-19.26014229808927,IISC
2026-01-16 15:05:00,-15.988240904409912,IISC
2026-01-16 15:05:30,-20.963206486679326,IISC
2026-01-16 15:06:00,-17.93691188399385,IISC
2026-01-16 15:06:30,-16.781227187318386,IISC
2026-01-16 15:07:00,-18.88982817198967,IISC
2026-01-16 15:07:30,-18.58424763440755,IISC
2026-01-16 15:08:00,-21.0117566736345,IISC
2026-01-16 15:08:30,-23.532558214646958,IISC
2026-01-16 15:09:00,-23.08989479478996,IISC
2026-01-16 15:09:30,-22.876654792735298,IISC
2026-01-16 15:10:00,-21.40777382841338,IISC
2026-01-16 15:10:30,-20.181643770496596,IISC
2026-01-16 15:11:00,-22.777333168557263,IISC
2026-01-16 15:11:30,-23.63833202817338,IISC
2026-01-16 15:12:00,-19.547000885791732,IISC
2026-01-16 15:12:30,-21.588435493865514,IISC
2026-01-16 15:13:00,-19.897112215365283,IISC
2026-01-16 15:13:30,-21.51650930410356,IISC
2026-01-16 15:14:00,-22.29500457503098,IISC
2026-01-16 15:14:30,-21.27640274762713,IISC
2026-01-16 15:15:00,-19.984904473964487,IISC
2026-01-16 15:15:30,-18.986399668663985,IISC
2026-01-16 15:16:00,-18.659558589934676,IISC
2026-01-16 15:16:30,-16.96506207875316,IISC
2026-01-16 15:17:00,-19.985962214251202,IISC
2026-01-16 15:17:30,-20.314918777494313,IISC
2026-01-16 15:18:00,-20.223953290154206,IISC
2026-01-16 15:18:30,-19.283624090292207,IISC
2026-01-16 15:19:00,-16.47969249126098,IISC
2026-01-16 15:19:30,-18.938140361174238,IISC
2026-01-16 15:20:00,-15.83830652375394,IISC
2026-01-16 15:20:30,-16.46541301068915,IISC
2026-01-16 15:21:00,-18.270575374766214,IISC
2026-01-16 15:21:30,-16.593928207280683,IISC
2026-01-16 15:22:00,-16.68198490883233,IISC
2026-01-16 15:22:30,-17.867180497446064,IISC
2026-01-16 15:23:00,-15.237379046853862,IISC
2026-01-16 15:23:30,-15.050556041079318,IISC
2026-01-16 15:24:00,-16.05130853956361,IISC
2026-01-16 15:24:30,-15.640773919741081,IISC
2026-01-16 15:25:00,-16.868807910173945,IISC
2026-01-16 15:25:30,-16.608207674553725,IISC
2026-01-16 15:26:00,-14.993438180853,IISC
2026-01-16 15:26:30,-12.712293658566804,IISC
2026-01-16 15:27:00,-15.994190674904365,IISC
2026-01-16 15:27:30,-14.9220408622195,IISC
2026-01-16 15:28:00,-15.515828614348916,IISC
2026-01-16 15:28:30,-14.7435475434711,IISC
2026-01-16 15:29:00,-12.361256823481552,IISC
2026-01-16 15:29:30,-13.614279852828203,IISC
2026-01-16 15:30:00,-18.247040705596916,IISC
2026-01-16 15:30:30,-18.86370205153013,IISC
2026-01-16 15:31:00,-18.893318716511978,IISC
2026-01-16 15:31:30,-19.596714580757684,IISC
2026-01-16 15:32:00,-17.915968673601522,IISC
2026-01-16 15:32:30,-15.51596082154126,IISC
2026-01-16 15:33:00,-13.468179779627961,IISC
2026-01-16 15:33:30,-17.51085496733037,IISC
2026-01-16 15:34:00,-17.62297520523939,IISC
2026-01-16 15:34:30,-15.725392968808746,IISC
2026-01-16 15:35:00,-17.153339463630598,IISC
2026-01-16 15:35:30,-16.786304332813845,IISC
2026-01-16 15:36:00,-15.95174893308097,IISC
2026-01-16 15:36:30,-19.134483001453972,IISC
2026-01-16 15:37:00,-18.55801572336973,IISC
2026-01-16 15:37:30,-14.715253036115927,IISC
2026-01-16 15:38:00,-16.886789451211314,IISC
2026-01-16 15:38:30,-18.918704428227738,IISC
2026-01-16 15:39:00,-17.902218065635786,IISC
2026-01-16 15:39:30,-17.725575808150662,IISC
2026-01-16 15:40:00,-18.32425559285205,IISC
2026-01-16 15:40:30,-18.643692505335896,IISC
2026-01-16 15:41:00,-15.66933284788405,IISC
2026-01-16 15:41:30,-17.291903161422848,IISC
2026-01-16 15:42:00,-17.71182520806569,IISC
2026-01-16 15:42:30,-16.826498377020528,IISC
2026-01-16 15:43:00,-16.36638229011139,IISC
2026-01-16 15:43:30,-16.169642998701775,IISC
2026-01-16 15:44:00,-15.037863181281056,IISC
2026-01-16 15:44:30,-14.828431030073185,IISC
2026-01-16 15:45:00,-15.968672742204935,IISC
2026-01-16 15:45:30,-20.758111067100632,IISC
2026-01-16 15:46:00,-17.817599023956333,IISC
2026-01-16 15:46:30,-17.624032933704953,IISC
2026-01-16 15:47:00,-16.56841027113342,IISC
2026-01-16 15:47:30,-15.804723336637307,IISC
2026-01-16 15:48:00,-18.652154411868068,IISC
2026-01-16 15:48:30,-20.24193484744565,IISC
2026-01-16 15:49:00,-13.108548802250432,IISC
2026-01-16 15:49:30,-12.237501444881435,IISC
2026-01-16 15:50:00,-9.285222071585418,IISC
2026-01-16 15:50:30,-13.070470240587367,IISC
2026-01-16 15:51:00,-13.582151058113249,IISC
2026-01-16 15:51:30,-14.581713607640848,IISC
2026-01-16 15:52:00,-13.063330506950843,IISC
2026-01-16 15:52:30,-10.015854694033727,IISC
2026-01-16 15:53:00,-10.71316857281039,IISC
2026-01-16 15:53:30,-10.41567971561794,IISC
2026-01-16 15:54:00,-11.120133314732337,IISC
2026-01-16 15:54:30,-9.012722279904331,IISC
2026-01-16 15:55:00,-8.891346830248105,IISC
2026-01-16 15:55:30,-11.72344070727752,IISC
2026-01-16 15:56:00,-9.485134586810455,IISC
2026-01-16 15:56:30,-13.454825841508912,IISC
2026-01-16 15:57:00,-16.013229973467617,IISC
2026-01-16 15:57:30,-14.490087032621545,IISC
2026-01-16 15:58:00,-12.201802789997615,IISC
2026-01-16 15:58:30,-11.375973727928207,IISC
2026-01-16 15:59:00,-10.773856288772645,IISC
2026-01-16 15:59:30,-12.082807238254775,IISC
2026-01-16 16:00:00,-11.810307455439547,IISC
2026-01-16 16:00:30,-9.639828789004186,IISC
2026-01-16 16:01:00,-10.519205828966395,IISC
2026-01-16 16:01:30,-9.34088554630572,IISC
2026-01-16 16:02:00,-12.181970187696972,IISC
2026-01-16 16:02:30,-14.841123885931061,IISC
2026-01-16 16:03:00,-15.196523901176647,IISC
2026-01-16 16:03:30,-13.708286332164011,IISC
2026-01-16 16:04:00,-11.897438633747774,IISC
2026-01-16 16:04:30,-17.27286387960622,IISC
2026-01-16 16:05:00,-18.492435959566524,IISC
2026-01-16 16:05:30,-16.35897812780631,IISC
2026-01-16 16:06:00,-13.374041079308478,IISC
2026-01-16 16:06:30,-16.20560608570199,IISC
2026-01-16 16:07:00,-15.619619168679625,IISC
2026-01-16 16:07:30,-13.474526201646327,IISC
2026-01-16 16:08:00,-13.30317263377362,IISC
2026-01-16 16:08:30,-11.61184933951186,IISC
2026-01-16 16:09:00,-13.442794060031439,IISC
2026-01-16 16:09:30,-13.042969051253468,IISC
2026-01-16 16:10:00,-16.63504777522333,IISC
2026-01-16 16:10:30,-16.75139897821958,IISC
2026-01-16 16:11:00,-16.677357300003436,IISC
2026-01-16 16:11:30,-16.46686740850886,IISC
2026-01-16 16:12:00,-14.705733405058567,IISC
2026-01-16 16:12:30,-13.174128574919493,IISC
2026-01-16 16:13:00,-14.369372667689229,IISC
2026-01-16 16:13:30,-14.777659594820522,IISC
2026-01-16 16:14:00,-12.814497606407823,IISC
2026-01-16 16:14:30,-12.362843414209712,IISC
2026-01-16 16:15:00,-13.891539462500708,IISC
2026-01-16 16:15:30,-18.740607766027235,IISC
2026-01-16 16:16:00,-18.568064236391592,IISC
2026-01-16 16:16:30,-18.20155796734489,IISC
2026-01-16 16:17:00,-16.60939762794335,IISC
2026-01-16 16:17:30,-12.49453181146693,IISC
2026-01-16 16:18:00,-16.975903901422985,IISC
2026-01-16 16:18:30,-17.968326704015272,IISC
2026-01-16 16:19:00,-12.939575137216586,IISC
2026-01-16 16:19:30,-14.860163175135906,IISC
2026-01-16 16:20:00,-14.750687268241764,IISC
2026-01-16 16:20:30,-19.226109577950922,IISC
2026-01-16 16:21:00,-15.45157101162022,IISC
2026-01-16 16:21:30,-16.296439354521162,IISC
2026-01-16 16:22:00,-16.617727323835354,IISC
2026-01-16 16:22:30,-18.687059770402715,IISC
2026-01-16 16:23:00,-18.923860902767053,IISC
2026-01-16 16:23:30,-21.156217256286006,IISC
2026-01-16 16:24:00,-16.641526422658302,IISC
2026-01-16 16:24:30,-17.5569421219188,IISC
2026-01-16 16:25:00,-16.863368113750823,IISC
2026-01-16 16:25:30,-15.763169328812277,IISC
2026-01-16 16:26:00,-14.639851429181963,IISC
2026-01-16 16:26:30,-15.867885414548622,IISC
2026-01-16 16:27:00,-16.60633773576637,IISC
2026-01-16 16:27:30,-19.97629146505454,IISC
2026-01-16 16:28:00,-17.994845724164346,IISC
2026-01-16 16:28:30,-15.129433088264673,IISC
2026-01-16 16:29:00,-18.33891281958773,IISC
2026-01-16 16:29:30,-17.355669656163112,IISC
2026-01-16 16:30:00,-17.28631226649197,IISC
2026-01-16 16:30:30,-17.959487038231558,IISC
2026-01-16 16:31:00,-13.557331977077402,IISC
2026-01-16 16:31:30,-13.595410571670799,IISC
2026-01-16 16:32:00,-15.911403780867392,IISC
2026-01-16 16:32:30,-18.015244950460325,IISC
2026-01-16 16:33:00,-20.612747614262755,IISC
2026-01-16 16:33:30,-16.516581109666834,IISC
2026-01-16 16:34:00,-15.942682596209963,IISC
2026-01-16 16:34:30,-20.02796952695791,IISC
2026-01-16 16:35:00,-21.779583890344245,IISC
2026-01-16 16:35:30,-19.23681918062217,IISC
2026-01-16 16:36:00,-15.856155855628781,IISC
2026-01-16 16:36:30,-18.99406826801093,IISC
2026-01-16 16:37:00,-15.661003162828095,IISC
2026-01-16 16:37:30,-17.825532062315343,IISC
2026-01-16 16:38:00,-15.70622146699354,IISC
2026-01-16 16:38:30,-14.235436586114085,IISC
2026-01-16 16:39:00,-16.93187554621423,IISC
2026-01-16 16:39:30,-19.4878997580949,IISC
2026-01-16 16:40:00,-19.805617858374365,IISC
2026-01-16 16:40:30,-22.859043442672522,IISC
2026-01-16 16:41:00,-22.976339045169727,IISC
2026-01-16 16:41:30,-21.06425070408309,IISC
2026-01-16 16:42:00,-21.95229741395454,IISC
2026-01-16 16:42:30,-19.644463900342544,IISC
2026-01-16 16:43:00,-18.35387225895972,IISC
2026-01-16 16:43:30,-20.22788203078398,IISC
2026-01-16 16:44:00,-22.303164263297727,IISC
2026-01-16 16:44:30,-21.258723420985177,IISC
2026-01-16 16:45:00,-19.070565407150493,IISC
2026-01-16 16:45:30,-20.962254516874943,IISC
2026-01-16 16:46:00,-23.152962426397316,IISC
2026-01-16 16:46:30,-23.481390124915098,IISC
2026-01-16 16:47:00,-18.75607719555576,IISC
2026-01-16 16:47:30,-21.155027302896386,IISC
2026-01-16 16:48:00,-18.136110415659502,IISC
2026-01-16 16:48:30,-16.974713939167504,IISC
2026-01-16 16:49:00,-20.238761632496086,IISC
2026-01-16 16:49:30,-19.843016462503822,IISC
2026-01-16 16:50:00,-20.195243258578007,IISC
2026-01-16 16:50:30,-21.45863592481125,IISC
2026-01-16 16:51:00,-22.906981645366166,IISC
2026-01-16 16:51:30,-25.35760981904309,IISC
2026-01-16 16:52:00,-22.583313771172563,IISC
2026-01-16 16:52:30,-22.6893898036399,IISC
2026-01-16 16:53:00,-20.760982071384074,IISC
2026-01-16 16:53:30,-16.4009854399501,IISC
2026-01-16 16:54:00,-20.2142825482754,IISC
2026-01-16 16:54:30,-25.435126919497446,IISC
2026-01-16 16:55:00,-23.187131143108594,IISC
2026-01-16 16:55:30,-17.28767221828917,IISC
2026-01-16 16:56:00,-19.10864397641286,IISC
2026-01-16 16:56:30,-20.88201752295859,IISC
2026-01-16 16:57:00,-26.09742209712424,IISC
2026-01-16 16:57:30,-25.97638663035112,IISC
2026-01-16 16:58:00,-24.152694973699223,IISC
2026-01-16 16:58:30,-19.942292741051364,IISC
2026-01-16 16:59:00,-19.127683255977843,IISC
2026-01-16 16:59:30,-24.578359024968563,IISC
2026-01-16 17:00:00,-24.111896500842445,IISC
2026-01-16 17:00:30,-25.76967437767144,IISC
2026-01-16 17:01:00,-26.373491754673683,IISC
2026-01-16 17:01:30,-22.798185719436827,IISC
2026-01-16 17:02:00,-20.178923872475018,IISC
2026-01-16 17:02:30,-23.924053535019656,IISC
2026-01-16 17:03:00,-23.556357321449187,IISC
2026-01-16 17:03:30,-18.294034511604167,IISC
2026-01-16 17:04:00,-15.76996908273208,IISC
2026-01-16 17:04:30,-17.431826814952682,IISC
2026-01-16 17:05:00,-15.850206076648433,IISC
2026-01-16 17:05:30,-15.133512933523866,IISC
2026-01-16 17:06:00,-19.085524846522482,IISC
2026-01-16 17:06:30,-21.91829868995136,IISC
2026-01-16 17:07:00,-23.29048728211394,IISC
2026-01-16 17:07:30,-22.621392340434934,IISC
2026-01-16 17:08:00,-26.08654250301145,IISC
2026-01-16 17:08:30,-24.00854037703571,IISC
2026-01-16 17:09:00,-22.115491300315444,IISC
2026-01-16 17:09:30,-24.449163862610842,IISC
2026-01-16 17:10:00,-25.295052163026927,IISC
2026-01-16 17:10:30,-25.28961236597053,IISC
2026-01-16 17:11:00,-27.43425200842024,IISC
2026-01-16 17:11:30,-24.94962511074014,IISC
2026-01-16 17:12:00,-21.957737221143343,IISC
2026-01-16 17:12:30,-23.65087377883893,IISC
2026-01-16 17:13:00,-19.01072764797379,IISC
2026-01-16 17:13:30,-20.993986660460024,IISC
2026-01-16 17:14:00,-22.212501000133624,IISC
2026-01-16 17:14:30,-23.838773410586487,IISC
2026-01-16 17:15:00,-24.682848445317102,IISC
2026-01-16 17:15:30,-21.222458101365287,IISC
2026-01-16 17:16:00,-18.585516909748346,IISC
2026-01-16 17:16:30,-22.458425126216778,IISC
2026-01-16 17:17:00,-21.627042945373844,IISC
2026-01-16 17:17:30,-19.099577654740475,IISC
2026-01-16 17:18:00,-24.680355207110512,IISC
2026-01-16 17:18:30,-22.629552041085734,IISC
2026-01-16 17:19:00,-21.08872977563826,IISC
2026-01-16 17:19:30,-22.08421249003908,IISC
2026-01-16 17:20:00,-25.890709844444565,IISC
2026-01-16 17:20:30,-30.02223503497328,IISC
2026-01-16 17:21:00,-27.320016295566916,IISC
2026-01-16 17:21:30,-25.07474041264005,IISC
2026-01-16 17:22:00,-25.341290438006304,IISC
2026-01-16 17:22:30,-27.491539861354656,IISC
2026-01-16 17:23:00,-30.21177793357654,IISC
2026-01-16 17:23:30,-28.698154646445026,IISC
2026-01-16 17:24:00,-24.34410779082502,IISC
2026-01-16 17:24:30,-19.44863124304221,IISC
2026-01-16 17:25:00,-21.2442739489718,IISC
2026-01-16 17:25:30,-19.10116425482704,IISC
2026-01-16 17:26:00,-21.309721505090113,IISC
2026-01-16 17:26:30,-18.450258651337162,IISC
2026-01-16 17:27:00,-19.180891260486685,IISC
2026-01-16 17:27:30,-25.10567926346452,IISC
2026-01-16 17:28:00,-32.56193986328406,IISC
2026-01-16 17:28:30,-28.11269657690882,IISC
2026-01-16 17:29:00,-28.836189474586465,IISC
2026-01-16 17:29:30,-31.198250964787793,IISC
2026-01-16 17:30:00,-30.315304046924993,IISC
2026-01-16 17:30:30,-31.054266365265306,IISC
2026-01-16 17:31:00,-29.817902692239223,IISC
2026-01-16 17:31:30,-27.126223558996358,IISC
2026-01-16 17:32:00,-23.402853068212146,IISC
2026-01-16 17:32:30,-21.980856351667004,IISC
2026-01-16 17:33:00,-21.784513714342555,IISC
2026-01-16 17:33:30,-25.06760068406974,IISC
2026-01-16 17:34:00,-24.76059219532738,IISC
2026-01-16 17:34:30,-25.376989106188912,IISC
2026-01-16 17:35:00,-28.162674716797405,IISC
2026-01-16 17:35:30,-27.777129158053302,IISC
2026-01-16 17:36:00,-28.41613522321403,IISC
2026-01-16 17:36:30,-26.82873469737098,IISC
2026-01-16 17:37:00,-27.63076463845279,IISC
2026-01-16 17:37:30,-26.601453214288266,IISC
2026-01-16 17:38:00,-28.758842380139,IISC
2026-01-16 17:38:30,-26.451518830085956,IISC
2026-01-16 17:39:00,-26.921551216914047,IISC
2026-01-16 17:39:30,-24.84745893462355,IISC
2026-01-16 17:40:00,-24.60351807748855,IISC
2026-01-16 17:40:30,-26.99770837127068,IISC
2026-01-16 17:41:00,-23.82528724852848,IISC
2026-01-16 17:41:30,-24.207092923998374,IISC
2026-01-16 17:42:00,-25.512644025018012,IISC
2026-01-16 17:42:30,-27.424732361038444,IISC
2026-01-16 17:43:00,-28.39573597855306,IISC
2026-01-16 17:43:30,-24.174454161924817,IISC
2026-01-16 17:44:00,-23.580156422171964,IISC
2026-01-16 17:44:30,-23.803188055888416,IISC
2026-01-16 17:45:00,-22.5329956711988,IISC
2026-01-16 17:45:30,-21.144487692933236,IISC
2026-01-16 17:46:00,-22.83354440536962,IISC
2026-01-16 17:46:30,-27.09562469992085,IISC
2026-01-16 17:47:00,-26.200778231063378,IISC
2026-01-16 17:47:30,-24.562039633799372,IISC
2026-01-16 17:48:00,-23.257848504841764,IISC
2026-01-16 17:48:30,-24.436924321767048,IISC
2026-01-16 17:49:00,-23.808627852944817,IISC
2026-01-16 17:49:30,-24.756512345635254,IISC
2026-01-16 17:50:00,-25.595600897197738,IISC
2026-01-16 17:50:30,-25.96686699310173,IISC
2026-01-16 17:51:00,-23.865745722036987,IISC
2026-01-16 17:51:30,-23.276887794539157,IISC
2026-01-16 17:52:00,-22.641791586995733,IISC
2026-01-16 17:52:30,-23.73927046833987,IISC
2026-01-16 17:53:00,-23.888864851927373,IISC
2026-01-16 17:53:30,-21.00849279185432,IISC
2026-01-16 17:54:00,-20.314918768487725,IISC
2026-01-16 17:54:30,-22.6921096971019,IISC
2026-01-16 17:55:00,-21.40695786290788,IISC
2026-01-16 17:55:30,-21.59055097556477,IISC
2026-01-16 17:56:00,-22.141330348998846,IISC
2026-01-16 17:56:30,-21.190725957780206,IISC
2026-01-16 17:57:00,-22.813145168941226,IISC
2026-01-16 17:57:30,-25.524883550663187,IISC
2026-01-16 17:58:00,-26.73387823620004,IISC
2026-01-16 17:58:30,-24.736113109206865,IISC
2026-01-16 17:59:00,-23.210250293263794,IISC
2026-01-16 17:59:30,-19.114083768403056,IISC
2026-01-16 18:00:00,-19.928693253476577,IISC
2026-01-16 18:00:30,-19.92189350462297,IISC
2026-01-16 18:01:00,-20.718823646730097,IISC
2026-01-16 18:01:30,-19.337115422384336,IISC
2026-01-16 18:02:00,-19.531588124087808,IISC
2026-01-16 18:02:30,-21.56607188881097,IISC
2026-01-16 18:03:00,-24.228852117290177,IISC
2026-01-16 18:03:30,-27.031707092107485,IISC
2026-01-16 18:04:00,-27.15002265528621,IISC
2026-01-16 18:04:30,-21.359359636131302,IISC
2026-01-16 18:05:00,-17.18295613761903,IISC
2026-01-16 18:05:30,-16.109956337962473,IISC
2026-01-16 18:06:00,-17.675257685097527,IISC
2026-01-16 18:06:30,-20.64946624692654,IISC
2026-01-16 18:07:00,-24.525321011267998,IISC
2026-01-16 18:07:30,-21.047931307847687,IISC
2026-01-16 18:08:00,-21.74830506486927,IISC
2026-01-16 18:08:30,-22.62819209435474,IISC
2026-01-16 18:09:00,-20.328518261128718,IISC
2026-01-16 18:09:30,-20.28499989987616,IISC
2026-01-16 18:10:00,-20.327158314397728,IISC
2026-01-16 18:10:30,-18.74145773083428,IISC
2026-01-16 18:11:00,-17.457665838305058,IISC
2026-01-16 18:11:30,-15.151192271424057,IISC
2026-01-16 18:12:00,-19.632224359498746,IISC
2026-01-16 18:12:30,-24.714353926047483,IISC
2026-01-16 18:13:00,-25.342650374604894,IISC
2026-01-16 18:13:30,-23.34488524254551,IISC
2026-01-16 18:14:00,-22.003975485990317,IISC
2026-01-16 18:14:30,-21.470875460588836,IISC
2026-01-16 18:15:00,-22.70570918974289,IISC
2026-01-16 18:15:30,-20.112286371199655,IISC
2026-01-16 18:16:00,-19.331675630394137,IISC
2026-01-16 18:16:30,-22.394280861459283,IISC
2026-01-16 18:17:00,-20.59234838290057,IISC
2026-01-16 18:17:30,-20.28228000134796,IISC
2026-01-16 18:18:00,-19.118163618728456,IISC
2026-01-16 18:18:30,-18.14716000121384,IISC
2026-01-16 18:19:00,-17.155757152337042,IISC
2026-01-16 18:19:30,-17.71333626449231,IISC
2026-01-16 18:20:00,-17.649418666811357,IISC
2026-01-16 18:20:30,-16.429544361830676,IISC
2026-01-16 18:21:00,-15.2627081009478,IISC
2026-01-16 18:21:30,-12.30617887195277,IISC
2026-01-16 18:22:00,-10.24721603060822,IISC
2026-01-16 18:22:30,-13.53829270764483,IISC
2026-01-16 18:23:00,-16.26363058200778,IISC
2026-01-16 18:23:30,-20.276840209357765,IISC
2026-01-16 18:24:00,-17.71741611481771,IISC
2026-01-16 18:24:30,-16.93136555162477,IISC
2026-01-16 18:25:00,-14.291704468234567,IISC
2026-01-16 18:25:30,-16.973523971212543,IISC
2026-01-16 18:26:00,-18.498026860689436,IISC
2026-01-16 18:26:30,-20.24964122407578,IISC
2026-01-16 18:27:00,-16.096356850387682,IISC
2026-01-16 18:27:30,-14.974398892422162,IISC
2026-01-16 18:28:00,-16.168434148719438,IISC
2026-01-16 18:28:30,-15.472140247089467,IISC
2026-01-16 18:29:00,-14.203307778733619,IISC
2026-01-16 18:29:30,-14.735047862470307,IISC
2026-01-16 18:30:00,-17.580061251809187,IISC
2026-01-16 18:30:30,-10.504246383261647,IISC
2026-01-16 18:31:00,-11.373253828766732,IISC
2026-01-16 18:31:30,-11.703721441681529,IISC
2026-01-16 18:32:00,-15.080701580144899,IISC
2026-01-16 18:32:30,-13.662048062813748,IISC
2026-01-16 18:33:00,-18.881532477172392,IISC
2026-01-16 18:33:30,-22.28820483912435,IISC
2026-01-16 18:34:00,-20.44139404244967,IISC
2026-01-16 18:34:30,-16.77225152065547,IISC
2026-01-16 18:35:00,-18.359312061082317,IISC
2026-01-16 18:35:30,-18.7128988038875,IISC
2026-01-16 18:36:00,-20.84665884715821,IISC
2026-01-16 18:36:30,-18.935930452802573,IISC
2026-01-16 18:37:00,-18.58370364659598,IISC
2026-01-16 18:37:30,-18.031564341629522,IISC
2026-01-16 18:38:00,-18.552424821121004,IISC
2026-01-16 18:38:30,-18.789055962677065,IISC
2026-01-16 18:39:00,-18.166199290911234,IISC
2026-01-16 18:39:30,-15.991640769717543,IISC
2026-01-16 18:40:00,-15.080474914757092,IISC
2026-01-16 18:40:30,-20.450913684765258,IISC
2026-01-16 18:41:00,-21.98629614809013,IISC
2026-01-16 18:41:30,-20.12316596024625,IISC
2026-01-16 18:42:00,-16.192913235473227,IISC
2026-01-16 18:42:30,-17.884689841371603,IISC
2026-01-16 18:43:00,-21.50895403998362,IISC
2026-01-16 18:43:30,-20.021169783170514,IISC
2026-01-16 18:44:00,-17.536542885490412,IISC
2026-01-16 18:44:30,-18.950889897240767,IISC
2026-01-16 18:45:00,-17.280872464369363,IISC
2026-01-16 18:45:30,-17.586860995596577,IISC
2026-01-16 18:46:00,-17.075520163486896,IISC
2026-01-16 18:46:30,-13.78444349151649,IISC
2026-01-16 18:47:00,-18.06012327870871,IISC
2026-01-16 18:47:30,-21.47903515110723,IISC
2026-01-16 18:48:00,-20.58282874058498,IISC
2026-01-16 18:48:30,-17.007522705348126,IISC
2026-01-16 18:49:00,-17.445426287328853,IISC
2026-01-16 18:49:30,-14.601772859919592,IISC
2026-01-16 18:50:00,-13.893239397181004,IISC
2026-01-16 18:50:30,-16.225552012745403,IISC
2026-01-16 18:51:00,-14.116271035963667,IISC
2026-01-16 18:51:30,-16.078677517553697,IISC
2026-01-16 18:52:00,-18.544265125536405,IISC
2026-01-16 18:52:30,-24.43828427356425,IISC
2026-01-16 18:53:00,-18.809455188973043,IISC
2026-01-16 18:53:30,-15.065515480451309,IISC
2026-01-16 18:54:00,-15.77540886965607,IISC
2026-01-16 18:54:30,-17.899649280743592,IISC
2026-01-16 18:55:00,-19.647183788738328,IISC
2026-01-16 18:55:30,-16.395545642893705,IISC
2026-01-16 18:56:00,-13.152067177435061,IISC
2026-01-16 18:56:30,-3.5236279632010716,IISC
2026-01-16 18:57:00,-0.9220454541394493,IISC
2026-01-16 18:57:30,-1.702656210143584,IISC
2026-01-16 18:58:00,2.295593972768207,IISC
2026-01-16 18:58:30,2.75389682157455,IISC
2026-01-16 18:59:00,-1.29875132683501,IISC
2026-01-16 18:59:30,-6.5943928999832195,IISC
2026-01-16 19:00:00,-12.93991512769899,IISC
2026-01-16 19:00:30,-12.518330921688841,IISC
2026-01-16 19:01:00,-15.483699815201035,IISC
2026-01-16 19:01:30,-20.692134640838955,IISC
2026-01-16 19:02:00,-21.491784675141524,IISC
2026-01-16 19:02:30,-15.851396024338577,IISC
2026-01-16 19:03:00,-14.474617625257666,IISC
2026-01-16 19:03:30,-11.558036915711334,IISC
2026-01-16 19:04:00,-11.850765941613576,IISC
2026-01-16 19:04:30,-13.012162413672641,IISC
2026-01-16 19:05:00,-12.924105703255133,IISC
2026-01-16 19:05:30,-12.029259247063184,IISC
2026-01-16 19:06:00,-12.094706798748575,IISC
2026-01-16 19:06:30,-14.14262005770516,IISC
2026-01-16 19:07:00,-14.006965140775891,IISC
2026-01-16 19:07:30,-15.11838350397688,IISC
2026-01-16 19:08:00,-11.352174624672326,IISC
2026-01-16 19:08:30,-9.379228553383967,IISC
2026-01-16 19:09:00,-10.391880607929131,IISC
2026-01-16 19:09:30,-11.886464587631536,IISC
2026-01-16 19:10:00,-13.66187807707168,IISC
2026-01-16 19:10:30,-9.27332251109162,IISC
2026-01-16 19:11:00,-4.7657714288321555,IISC
2026-01-16 19:11:30,-8.267810185750049,IISC
2026-01-16 19:12:00,-13.247773588214425,IISC
2026-01-16 19:12:30,-14.404410251147931,IISC
2026-01-16 19:13:00,-14.120010903405971,IISC
2026-01-16 19:13:30,-11.96143179746441,IISC
2026-01-16 19:14:00,-10.550484668373437,IISC
2026-01-16 19:14:30,-14.329783047629348,IISC
2026-01-16 19:15:00,-16.024279552055926,IISC
2026-01-16 19:15:30,-10.140800017157606,IISC
2026-01-16 19:16:00,-7.469350113702965,IISC
2026-01-16 19:16:30,-7.552646983964406,IISC
2026-01-16 19:17:00,-8.956794381933499,IISC
2026-01-16 19:17:30,-10.920220799507302,IISC
2026-01-16 19:18:00,-11.916213484433106,IISC
2026-01-16 19:18:30,-8.067897692689659,IISC
2026-01-16 19:19:00,-4.39926515535252,IISC
2026-01-16 19:19:30,-7.802537625779236,IISC
2026-01-16 19:20:00,-9.588660695725979,IISC
2026-01-16 19:20:30,-9.46490533929051,IISC
2026-01-16 19:21:00,-9.984915861574255,IISC
2026-01-16 19:21:30,-14.32230332984318,IISC
2026-01-16 19:22:00,-14.547204901713721,IISC
2026-01-16 19:22:30,-14.021244616914794,IISC
2026-01-16 19:23:00,-12.336267744671401,IISC
2026-01-16 19:23:30,-9.836171421895706,IISC
2026-01-16 19:24:00,-10.375221225010984,IISC
2026-01-16 19:24:30,-10.6822297226192,IISC
2026-01-16 19:25:00,-8.704523833339422,IISC
2026-01-16 19:25:30,-11.00470764089008,IISC
2026-01-16 19:26:00,-10.76671656400198,IISC
2026-01-16 19:26:30,-8.151194576249889,IISC
2026-01-16 19:27:00,-6.924350534773717,IISC
2026-01-16 19:27:30,-6.38411077826882,IISC
2026-01-16 19:28:00,-7.837046336139295,IISC
2026-01-16 19:28:30,-9.60056025621978,IISC
2026-01-16 19:29:00,-4.374276098707016,IISC
2026-01-16 19:29:30,0.6092571860908723,IISC
2026-01-16 19:30:00,-7.2186095134138455,IISC
2026-01-16 19:30:30,-7.15741180412868,IISC
2026-01-16 19:31:00,-7.7054712638359435,IISC
2026-01-16 19:31:30,-11.180141068728052,IISC
2026-01-16 19:32:00,-8.926705510481415,IISC
2026-01-16 19:32:30,-9.436686395860102,IISC
2026-01-16 19:33:00,-7.958421791494998,IISC
2026-01-16 19:33:30,-10.169698925087657,IISC
2026-01-16 19:34:00,-8.431684054342309,IISC
2026-01-16 19:34:30,-10.429449196534103,IISC
2026-01-16 19:35:00,-12.283059736996181,IISC
2026-01-16 19:35:30,-9.228614196449431,IISC
2026-01-16 19:36:00,-8.178733526683256,IISC
2026-01-16 19:36:30,-8.244011086293822,IISC
2026-01-16 19:37:00,-7.183250847745876,IISC
2026-01-16 19:37:30,-11.953952065746178,IISC
2026-01-16 19:38:00,-13.37373887455293,IISC
2026-01-16 19:38:30,-12.926315645190403,IISC
2026-01-16 19:39:00,-13.0799898740371,IISC
2026-01-16 19:39:30,-8.97022388186639,IISC
2026-01-16 19:40:00,-7.8591455129474594,IISC
2026-01-16 19:40:30,-8.165134054307083,IISC
2026-01-16 19:41:00,-10.298894092511587,IISC
2026-01-16 19:41:30,-13.50429398364165,IISC
2026-01-16 19:42:00,-14.978478737681355,IISC
2026-01-16 19:42:30,-10.645681101661781,IISC
2026-01-16 19:43:00,-7.032296492096355,IISC
2026-01-16 19:43:30,-7.679632235417364,IISC
2026-01-16 19:44:00,-9.873230036176038,IISC
2026-01-16 19:44:30,-7.580355951803621,IISC
2026-01-16 19:45:00,-2.9905279428657963,IISC
2026-01-16 19:45:30,-5.539072438226849,IISC
2026-01-16 19:46:00,-10.183298412662447,IISC
2026-01-16 19:46:30,-7.912183526648028,IISC
2026-01-16 19:47:00,-5.7893030622915,IISC
2026-01-16 19:47:30,-7.871385048725046,IISC
2026-01-16 19:48:00,-8.545919777328043,IISC
2026-01-16 19:48:30,-5.830101525015867,IISC
2026-01-16 19:49:00,-5.33100022868377,IISC
2026-01-16 19:49:30,-3.3318751498933876,IISC
2026-01-16 19:50:00,-8.011459795063157,IISC
2026-01-16 19:50:30,-9.410847372507726,IISC
2026-01-16 19:51:00,-7.8482659087022535,IISC
2026-01-16 19:51:30,-8.201852661639844,IISC
2026-01-16 19:52:00,-8.787990705808095,IISC
2026-01-16 19:52:30,-9.368688942787543,IISC
2026-01-16 19:53:00,-9.748114734276124,IISC
2026-01-16 19:53:30,-12.889597007460415,IISC
2026-01-16 19:54:00,-5.136527532046502,IISC
2026-01-16 19:54:30,-5.975616088675195,IISC
2026-01-16 19:55:00,-6.822864340888482,IISC
2026-01-16 19:55:30,-10.059543057493528,IISC
2026-01-16 19:56:00,-10.262175464914005,IISC
2026-01-16 19:56:30,-10.497446649606662,IISC
2026-01-16 19:57:00,-11.918593400078208,IISC
2026-01-16 19:57:30,-8.610517355973805,IISC
2026-01-16 19:58:00,-9.72227569572513,IISC
2026-01-16 19:58:30,-9.90042902652423,IISC
2026-01-16 19:59:00,-2.310553417206401,IISC
2026-01-16 19:59:30,-2.178638361386682,IISC
2026-01-16 20:00:00,-6.905821238399237,IISC
2026-01-16 20:00:30,-7.8169870933596854,IISC
2026-01-16 20:01:00,-11.857395690793043,IISC
2026-01-16 20:01:30,-7.5857957437938115,IISC
2026-01-16 20:02:00,-11.80435768215868,IISC
2026-01-16 20:02:30,-8.44709681266877,IISC
2026-01-16 20:03:00,-4.881990399023586,IISC
2026-01-16 20:03:30,-6.7272145996224495,IISC
2026-01-16 20:04:00,-8.996062910284973,IISC
2026-01-16 20:04:30,-9.119818263765156,IISC
2026-01-16 20:05:00,-6.1576225959682125,IISC
2026-01-16 20:05:30,-3.1859072951437177,IISC
2026-01-16 20:06:00,-3.223985862717356,IISC
2026-01-16 20:06:30,-3.601598382609898,IISC
2026-01-16 20:07:00,-7.482439627586385,IISC
2026-01-16 20:07:30,-5.267535953334754,IISC
2026-01-16 20:08:00,-6.8477967381530656,IISC
2026-01-16 20:08:30,-6.928713710501121,IISC
2026-01-16 20:09:00,-5.641975252367158,IISC
2026-01-16 20:09:30,-3.1986001431208337,IISC
2026-01-16 20:10:00,-3.685688558086374,IISC
2026-01-16 20:10:30,-4.194989465877725,IISC
2026-01-16 20:11:00,-2.3338992200838984,IISC
2026-01-16 20:11:30,-5.71178597534702,IISC
2026-01-16 20:12:00,-8.82312272213124,IISC
2026-01-16 20:12:30,-7.1682913948640055,IISC
2026-01-16 20:13:00,-5.937084195392148,IISC
2026-01-16 20:13:30,-6.501916367756176,IISC
2026-01-16 20:14:00,-2.8477332929332815,IISC
2026-01-16 20:14:30,-3.844575948998888,IISC
2026-01-16 20:15:00,-9.414927217766921,IISC
2026-01-16 20:15:30,-14.526975663059636,IISC
2026-01-16 20:16:00,-9.860990495332244,IISC
2026-01-16 20:16:30,-3.7443930139663273,IISC
2026-01-16 20:17:00,-5.6848136512310035,IISC
2026-01-16 20:17:30,-6.784332450982905,IISC
2026-01-16 20:18:00,-4.732849320036308,IISC
2026-01-16 20:18:30,-3.8776680182057786,IISC
2026-01-16 20:19:00,-4.571015387161343,IISC
2026-01-16 20:19:30,-5.998961872132239,IISC
2026-01-16 20:20:00,-6.7684663753907115,IISC
2026-01-16 20:20:30,-5.581230873013238,IISC
2026-01-16 20:21:00,-6.1619290998602745,IISC
2026-01-16 20:21:30,-3.4699099828899427,IISC
2026-01-16 20:22:00,-5.88177960211785,IISC
2026-01-16 20:22:30,-5.52139311045907,IISC
2026-01-16 20:23:00,-6.020494401724962,IISC
2026-01-16 20:23:30,-7.831946522599266,IISC
2026-01-16 20:24:00,-6.681429637686965,IISC
2026-01-16 20:24:30,-6.858223021755067,IISC
2026-01-16 20:25:00,-8.501041449079661,IISC
2026-01-16 20:25:30,-6.597112798511418,IISC
2026-01-16 20:26:00,-10.180578514134245,IISC
2026-01-16 20:26:30,-10.608962463931789,IISC
2026-01-16 20:27:00,-13.02015212161534,IISC
2026-01-16 20:27:30,-8.562239168497237,IISC
2026-01-16 20:28:00,-5.656028064806988,IISC
2026-01-16 20:28:30,-8.501041454145867,IISC
2026-01-16 20:29:00,-8.841028714442462,IISC
2026-01-16 20:29:30,-6.20136763105226,IISC
2026-01-16 20:30:00,-2.8395736024148905,IISC
2026-01-16 20:30:30,-5.987855622764047,IISC
2026-01-16 20:31:00,-4.091860000703858,IISC
2026-01-16 20:31:30,-3.3842331910728256,IISC
2026-01-16 20:32:00,-5.8291949107492185,IISC
2026-01-16 20:32:30,-6.468597607830454,IISC
2026-01-16 20:33:00,-5.002572543464775,IISC
2026-01-16 20:33:30,-4.355236817875484,IISC
2026-01-16 20:34:00,-4.5234171629178626,IISC
2026-01-16 20:34:30,-6.890635131106339,IISC
2026-01-16 20:35:00,-10.184431716803557,IISC
2026-01-16 20:35:30,-6.7637065449448714,IISC
2026-01-16 20:36:00,-5.7768368552155325,IISC
2026-01-16 20:36:30,-1.9610465078392736,IISC
2026-01-16 20:37:00,-1.6024732894652685,IISC
2026-01-16 20:37:30,-7.012803885977597,IISC
2026-01-16 20:38:00,-3.595251952710767,IISC
2026-01-16 20:38:30,-4.122005545680014,IISC
2026-01-16 20:39:00,-0.3212879648812603,IISC
2026-01-16 20:39:30,-1.9443871323093427,IISC
2026-01-16 20:40:00,-2.972508607517171,IISC
2026-01-16 20:40:30,-1.8825094629574661,IISC
2026-01-16 20:41:00,-3.5627265127765106,IISC
2026-01-16 20:41:30,-6.832723968620273,IISC
2026-01-16 20:42:00,-8.817569591536575,IISC
2026-01-16 20:42:30,-6.624481775234953,IISC
2026-01-16 20:43:00,-2.034823753939022,IISC
2026-01-16 20:43:30,-2.4310789109214386,IISC
2026-01-16 20:44:00,-5.533292659553908,IISC
2026-01-16 20:44:30,-6.387680651736474,IISC
2026-01-16 20:45:00,-5.778423478944391,IISC
2026-01-16 20:45:30,-6.900551427084908,IISC
2026-01-16 20:46:00,-4.860967855154468,IISC
2026-01-16 20:46:30,-3.5127483817537883,IISC
2026-01-16 20:47:00,-2.4441684203719314,IISC
2026-01-16 20:47:30,-6.490016811695307,IISC
2026-01-16 20:48:00,-8.342777391149994,IISC
2026-01-16 20:48:30,-7.192090508463387,IISC
2026-01-16 20:49:00,-4.102966255982621,IISC
2026-01-16 20:49:30,-5.711785973869377,IISC
2026-01-16 20:50:00,-3.180920809442481,IISC
2026-01-16 20:50:30,-5.694106634069361,IISC
2026-01-16 20:51:00,-4.427994074374124,IISC
2026-01-16 20:51:30,-6.096141570357994,IISC
2026-01-16 20:52:00,-2.695249011143453,IISC
2026-01-16 20:52:30,-1.3874880061850845,IISC
2026-01-16 20:53:00,-2.696438968966005,IISC
2026-01-16 20:53:30,-3.3961327412231235,IISC
2026-01-16 20:54:00,-1.2137545187268919,IISC
2026-01-16 20:54:30,-0.614696966048829,IISC
2026-01-16 20:55:00,-2.2194368393096644,IISC
2026-01-16 20:55:30,-2.5907029200150333,IISC
2026-01-16 20:56:00,-3.0340463041183616,IISC
2026-01-16 20:56:30,-3.421121811167415,IISC
2026-01-16 20:57:00,-1.8218217292634953,IISC
2026-01-16 20:57:30,-0.07615714992370792,IISC
2026-01-16 20:58:00,0.8293989178053458,IISC
2026-01-16 20:58:30,0.6699448887543381,IISC
2026-01-16 20:59:00,0.5973576211641447,IISC
2026-01-16 20:59:30,-1.120937994750896,IISC
2026-01-16 21:00:00,-1.5719310918815945,IISC
2026-01-16 21:00:30,3.7186106639269343,IISC
2026-01-16 21:01:00,0.31057835777708254,IISC
2026-01-16 21:01:30,3.5103684616757547,IISC
2026-01-16 21:02:00,3.155761748689918,IISC
2026-01-16 21:02:30,4.716983242333195,IISC
2026-01-16 21:03:00,3.1057836309659836,IISC
2026-01-16 21:03:30,5.685606968267181,IISC
2026-01-16 21:04:00,6.1366000565320205,IISC
2026-01-16 21:04:30,6.0521132195821705,IISC
2026-01-16 21:05:00,2.9617990181447125,IISC
2026-01-16 21:05:30,4.067267596665871,IISC
2026-01-16 21:06:00,5.145367194030566,IISC
2026-01-16 21:06:30,2.321603008460225,IISC
2026-01-16 21:07:00,0.4833863259322362,IISC
2026-01-16 21:07:30,1.9176792467128354,IISC
2026-01-16 21:08:00,0.3036766192514148,IISC
2026-01-16 21:08:30,-3.9744510629374306,IISC
2026-01-16 21:09:00,-4.100110364301185,IISC
2026-01-16 21:09:30,-4.626546641094989,IISC
2026-01-16 21:10:00,-2.9967837054276902,IISC
2026-01-16 21:10:30,-5.006380404950598,IISC
2026-01-16 21:11:00,-1.8531572192559627,IISC
2026-01-16 21:11:30,-1.7167090020371367,IISC
2026-01-16 21:12:00,-0.3152059670985212,IISC
2026-01-16 21:12:30,-3.510632903150553,IISC
2026-01-16 21:13:00,-4.892038919926211,IISC
2026-01-16 21:13:30,-4.822228194976156,IISC
2026-01-16 21:14:00,-4.75559069088624,IISC
2026-01-16 21:14:30,-0.9688881442590428,IISC
2026-01-16 21:15:00,-0.9392714713964345,IISC
2026-01-16 21:15:30,-0.5743518211531078,IISC
2026-01-16 21:16:00,1.8880625856713715,IISC
2026-01-16 21:16:30,3.4640924132832147,IISC
2026-01-16 21:17:00,0.43790359605351803,IISC
2026-01-16 21:17:30,-1.6426673395825233,IISC
2026-01-16 21:18:00,4.651932355569017,IISC
2026-01-16 21:18:30,2.3164465349060035,IISC
2026-01-16 21:19:00,-7.449120872389125,IISC
2026-01-16 21:19:30,-8.159286264618837,IISC
2026-01-16 21:20:00,-8.738080575668265,IISC
2026-01-16 21:20:30,-7.635705886599155,IISC
2026-01-16 21:21:00,-6.122082600354225,IISC
2026-01-16 21:21:30,0.47217430647575503,IISC
2026-01-16 21:22:00,-0.2522705512538316,IISC
2026-01-16 21:22:30,-4.222913770437158,IISC
2026-01-16 21:23:00,-4.729358784182844,IISC
2026-01-16 21:23:30,-5.262458799958532,IISC
2026-01-16 21:24:00,-7.985076790485278,IISC
2026-01-16 21:24:30,-5.469987036382042,IISC
2026-01-16 21:25:00,-5.471890951166406,IISC
2026-01-16 21:25:30,-2.0762341992784044,IISC
2026-01-16 21:26:00,-1.3632129189135962,IISC
2026-01-16 21:26:30,-2.8664703728089185,IISC
2026-01-16 21:27:00,-0.010709593805388495,IISC
2026-01-16 21:27:30,-1.2208942479304836,IISC
2026-01-16 21:28:00,5.95572682657145,IISC
2026-01-16 21:28:30,4.526590380822714,IISC
2026-01-16 21:29:00,1.7052061064645478,IISC
2026-01-16 21:29:30,3.9288927831082305,IISC
2026-01-16 21:30:00,6.197287780726859,IISC
2026-01-16 21:30:30,5.641068625434998,IISC
2026-01-16 21:31:00,1.837291149292885,IISC
2026-01-16 21:31:30,-0.7425321715431473,IISC
2026-01-16 21:32:00,0.19311276003867966,IISC
2026-01-16 21:32:30,4.736702504129535,IISC
2026-01-16 21:33:00,2.7987751346243184,IISC
2026-01-16 21:33:30,-2.4739172994417817,IISC
2026-01-16 21:34:00,0.5366698963360321,IISC
2026-01-16 21:34:30,1.1863855508692143,IISC
2026-01-16 21:35:00,-0.39863506376166047,IISC
2026-01-16 21:35:30,-2.8761222366710975,IISC
2026-01-16 21:36:00,-1.8884592343385072,IISC
2026-01-16 21:36:30,-3.642453518436156,IISC
2026-01-16 21:37:00,-5.342635356076079,IISC
2026-01-16 21:37:30,-2.6686733332318315,IISC
2026-01-16 21:38:00,-1.195244100650499,IISC
2026-01-16 21:38:30,-0.6885875317547847,IISC
2026-01-16 21:39:00,-0.058175601498123966,IISC
2026-01-16 21:39:30,-1.8267137751342553,IISC
2026-01-16 21:40:00,-4.725974021964013,IISC
2026-01-16 21:40:30,-2.0128756873190303,IISC
2026-01-16 21:41:00,-3.1785031190473023,IISC
2026-01-16 21:41:30,-3.871321608008555,IISC
2026-01-16 21:42:00,-1.7473834191268405,IISC
2026-01-16 21:42:30,-2.2402893839972005,IISC
2026-01-16 21:43:00,-5.638802041357974,IISC
2026-01-16 21:43:30,-5.949777047309646,IISC
2026-01-16 21:44:00,-2.672904286497919,IISC
2026-01-16 21:44:30,-5.0655079723127265,IISC
2026-01-16 21:45:00,-8.853268263167017,IISC
2026-01-16 21:45:30,-3.8977650521302647,IISC
2026-01-16 21:46:00,-2.0721090251634857,IISC
2026-01-16 21:46:30,-4.116716846216641,IISC
2026-01-16 21:47:00,-8.987601003752795,IISC
2026-01-16 21:47:30,-5.841887766607098,IISC
2026-01-16 21:48:00,-2.783966795941367,IISC
2026-01-16 21:48:30,-0.587044669130223,IISC
2026-01-16 21:49:00,0.062406550823829496,IISC
2026-01-16 21:49:30,-4.516541866815759,IISC
2026-01-16 21:50:00,-6.4648955345586785,IISC
2026-01-16 21:50:30,-1.5683612317127271,IISC
2026-01-16 21:51:00,2.654790524969425,IISC
2026-01-16 21:51:30,6.918400763392677,IISC
2026-01-16 21:52:00,3.792387902638468,IISC
2026-01-16 21:52:30,1.8444308791297535,IISC
2026-01-16 21:53:00,-1.3767784079467664,IISC
2026-01-16 21:53:30,-0.3726260375687759,IISC
2026-01-16 21:54:00,-0.8690074404388779,IISC
2026-01-16 21:54:30,-1.0865992922975518,IISC
2026-01-16 21:55:00,2.5012862761653176,IISC
2026-01-16 21:55:30,4.025619152669292,IISC
2026-01-16 21:56:00,3.732890122334119,IISC
2026-01-16 21:56:30,4.498711425974882,IISC
2026-01-16 21:57:00,1.903928650568244,IISC
2026-01-16 21:57:30,-2.43861528386669,IISC
2026-01-16 21:58:00,-1.7976259645342385,IISC
2026-01-16 21:58:30,1.1260378032247176,IISC
2026-01-16 21:59:00,-3.190270454617046,IISC
2026-01-16 21:59:30,-4.294549070882725,IISC
2026-01-16 22:00:00,-0.2760696518499554,IISC
2026-01-16 22:00:30,-1.4576953847277512,IISC
2026-01-16 22:01:00,-0.13565491692926823,IISC
2026-01-16 22:01:30,1.4791145723385286,IISC
2026-01-16 22:02:00,1.1042786251315366,IISC
2026-01-16 22:02:30,1.0388310690132172,IISC
2026-01-16 22:03:00,0.46884243787139734,IISC
2026-01-16 22:03:30,1.5636014048554512,IISC
2026-01-16 22:04:00,-1.122127952573448,IISC
2026-01-16 22:04:30,2.409659705578944,IISC
2026-01-16 22:05:00,-0.04640826642092799,IISC
2026-01-16 22:05:30,-1.5279027499716287,IISC
2026-01-16 22:06:00,0.9115058479759521,IISC
2026-01-16 22:06:30,1.3803482769814917,IISC
2026-01-16 22:07:00,-0.2379910813210302,IISC
2026-01-16 22:07:30,0.01798154547029698,IISC
2026-01-16 22:08:00,-1.323230415277533,IISC
2026-01-16 22:08:30,-2.7268489307895742,IISC
2026-01-16 22:09:00,-3.406974556012185,IISC
2026-01-16 22:09:30,-4.0722918487438715,IISC
2026-01-16 22:10:00,-3.640734686529867,IISC
2026-01-16 22:10:30,-1.9652774689861243,IISC
2026-01-16 22:11:00,-4.026809114924774,IISC
2026-01-16 22:11:30,-5.920160390208562,IISC
2026-01-16 22:12:00,-4.029982331844529,IISC
2026-01-16 22:12:30,-2.170478662987528,IISC
2026-01-16 22:13:00,-1.6151661472933392,IISC
2026-01-16 22:13:30,0.5204071689806886,IISC
2026-01-16 22:14:00,1.4216000570419571,IISC
2026-01-16 22:14:30,0.7383012267207354,IISC
2026-01-16 22:15:00,-6.856258644685239,IISC
2026-01-16 22:15:30,-3.143597752631894,IISC
2026-01-16 22:16:00,-3.570923973400957,IISC
2026-01-16 22:16:30,-2.324908437497795,IISC
2026-01-16 22:17:00,-3.701025760720653,IISC
2026-01-16 22:17:30,-1.136010766746426,IISC
2026-01-16 22:18:00,1.953642357355338,IISC
2026-01-16 22:18:30,1.0291792105690647,IISC
2026-01-16 22:19:00,1.6077619889286403,IISC
2026-01-16 22:19:30,3.03253525500959,IISC
2026-01-16 22:20:00,1.8153959694339192,IISC
2026-01-16 22:20:30,1.248263229086949,IISC
2026-01-16 22:21:00,0.5176306022057107,IISC
2026-01-16 22:21:30,2.523895421598646,IISC
2026-01-16 22:22:00,-0.5390498031152765,IISC
2026-01-16 22:22:30,0.8805670022176914,IISC
2026-01-16 22:23:00,-0.2796395208846807,IISC
2026-01-16 22:23:30,-2.913010842411438,IISC
2026-01-16 22:24:00,0.8555779411392588,IISC
2026-01-16 22:24:30,1.332750061603872,IISC
2026-01-16 22:25:00,3.237868669994667,IISC
2026-01-16 22:25:30,5.370268765901105,IISC
2026-01-16 22:26:00,5.789133077182708,IISC
2026-01-16 22:26:30,4.667005120176331,IISC
2026-01-16 22:27:00,2.8421423934991097,IISC
2026-01-16 22:27:30,2.8759900117470414,IISC
2026-01-16 22:28:00,1.3672587719639289,IISC
2026-01-16 22:28:30,2.2859043447105445,IISC
2026-01-16 22:29:00,2.953469326685638,IISC
2026-01-16 22:29:30,2.734517535062,IISC
2026-01-16 22:30:00,2.369201219404916,IISC
2026-01-16 22:30:30,0.5866480229258259,IISC
2026-01-16 22:31:00,-0.729839316248179,IISC
2026-01-16 22:31:30,1.3221726789312018,IISC
2026-01-16 22:32:00,2.7924286985331586,IISC
2026-01-16 22:32:30,0.12269761713385129,IISC
2026-01-16 22:33:00,1.179378027872864,IISC
2026-01-16 22:33:30,0.6187768146854942,IISC
2026-01-16 22:34:00,5.821261876330592,IISC
2026-01-16 22:34:30,3.360434074025609,IISC
2026-01-16 22:35:00,6.685962805278101,IISC
2026-01-16 22:35:30,5.041179989062533,IISC
2026-01-16 22:36:00,7.074152698484905,IISC
2026-01-16 22:36:30,4.034213285110616,IISC
2026-01-16 22:37:00,7.535987618777975,IISC
2026-01-16 22:37:30,5.322670554956414,IISC
2026-01-16 22:38:00,4.0684575456225645,IISC
2026-01-16 22:38:30,4.549199535121902,IISC
2026-01-16 22:39:00,4.313588365013045,IISC
2026-01-16 22:39:30,4.005389909582279,IISC
2026-01-16 22:40:00,2.509615958758532,IISC
2026-01-16 22:40:30,3.8506957118214773,IISC
2026-01-16 22:41:00,6.741097398033901,IISC
2026-01-16 22:41:30,6.175868589316428,IISC
2026-01-16 22:42:00,6.850573309360971,IISC
2026-01-16 22:42:30,5.796272806386302,IISC
2026-01-16 22:43:00,4.041088586630746,IISC
2026-01-16 22:43:30,6.131840229674745,IISC
2026-01-16 22:44:00,4.6313064564266515,IISC
2026-01-16 22:44:30,4.019669372422394,IISC
2026-01-16 22:45:00,3.9887305355299896,IISC
2026-01-16 22:45:30,3.848315805042233,IISC
2026-01-16 22:46:00,8.921095713750889,IISC
2026-01-16 22:46:30,9.99800535329303,IISC
2026-01-16 22:47:00,8.785440801254548,IISC
2026-01-16 22:47:30,9.825461836956176,IISC
2026-01-16 22:48:00,10.734587760421167,IISC
2026-01-16 22:48:30,9.364949077245065,IISC
2026-01-16 22:49:00,8.4248843213206,IISC
2026-01-16 22:49:30,11.083244706458894,IISC
2026-01-16 22:50:00,9.314970963954059,IISC
2026-01-16 22:50:30,5.8165020450403855,IISC
2026-01-16 22:51:00,4.01252964765173,IISC
2026-01-16 22:51:30,7.851325798979407,IISC
2026-01-16 22:52:00,9.093639252252387,IISC
2026-01-16 22:52:30,6.6982590050806285,IISC
2026-01-16 22:53:00,8.472482527832362,IISC
2026-01-16 22:53:30,7.674192448493376,IISC
2026-01-16 22:54:00,7.661952902583379,IISC
2026-01-16 22:54:30,5.908978577267427,IISC
2026-01-16 22:55:00,6.813344698572889,IISC
2026-01-16 22:55:30,5.1419673291029016,IISC
2026-01-16 22:56:00,5.039971146960957,IISC
2026-01-16 22:56:30,4.76662138793972,IISC
2026-01-16 22:57:00,3.10068381552613,IISC
2026-01-16 22:57:30,2.193597805824877,IISC
2026-01-16 22:58:00,5.401717590416938,IISC
2026-01-16 22:58:30,4.584388227080041,IISC
2026-01-16 22:59:00,5.921218128243629,IISC
2026-01-16 22:59:30,3.8309764563578947,IISC
2026-01-16 23:00:00,1.9379273847038319,IISC
2026-01-16 23:00:30,4.592547912532227,IISC
2026-01-16 23:01:00,7.784348316087504,IISC
2026-01-16 23:01:30,1.728495233495959,IISC
2026-01-16 23:02:00,1.7176156393831643,IISC
2026-01-16 23:02:30,2.5539843076160684,IISC
2026-01-16 23:03:00,4.131525175330095,IISC
2026-01-16 23:03:30,6.749427095825729,IISC
2026-01-16 23:04:00,6.7847857614936995,IISC
2026-01-16 23:04:30,10.735437737893724,IISC
2026-01-16 23:05:00,6.064012778176143,IISC
2026-01-16 23:05:30,2.4397485744979215,IISC
2026-01-16 23:06:00,3.55898662886904,IISC
2026-01-16 23:06:30,5.612509693422012,IISC
2026-01-16 23:07:00,7.233568952785837,IISC
2026-01-16 23:07:30,3.46243025898211,IISC
2026-01-16 23:08:00,4.317838201713791,IISC
2026-01-16 23:08:30,5.702266339786367,IISC
2026-01-16 23:09:00,4.4647126969055,IISC
2026-01-16 23:09:30,3.9506519662676167,IISC
2026-01-16 23:10:00,9.193595505431976,IISC
2026-01-16 23:10:30,5.570181276693211,IISC
2026-01-16 23:11:00,6.545944714099071,IISC
2026-01-16 23:11:30,8.804480082086078,IISC
2026-01-16 23:12:00,9.43396649353225,IISC
2026-01-16 23:12:30,3.943512231364544,IISC
2026-01-16 23:13:00,5.048980805452773,IISC
2026-01-16 23:13:30,6.98622822629024,IISC
2026-01-16 23:14:00,9.968256483089037,IISC
2026-01-16 23:14:30,8.098836525149132,IISC
2026-01-16 23:15:00,2.9891679904353192,IISC
2026-01-16 23:15:30,7.387243196831145,IISC
2026-01-16 23:16:00,8.417744578818219,IISC
2026-01-16 23:16:30,4.174363579049052,IISC
2026-01-16 23:17:00,2.558404131958703,IISC
2026-01-16 23:17:30,3.942322273541992,IISC
2026-01-16 23:18:00,6.0354538499628125,IISC
2026-01-16 23:18:30,6.184198267476714,IISC
2026-01-16 23:19:00,9.675527443888004,IISC
2026-01-16 23:19:30,6.891031791102071,IISC
2026-01-16 23:20:00,7.44317109923491,IISC
2026-01-16 23:20:30,9.973016305513383,IISC
2026-01-16 23:21:00,9.948027235569093,IISC
2026-01-16 23:21:30,10.078922330074013,IISC
2026-01-16 23:22:00,6.512625957128637,IISC
2026-01-16 23:22:30,7.102843840223329,IISC
2026-01-16 23:23:00,6.037833752309128,IISC
2026-01-16 23:23:30,6.854143169529839,IISC
2026-01-16 23:24:00,6.494776634119655,IISC
2026-01-16 23:24:30,4.8740573601720305,IISC
2026-01-16 23:25:00,7.004077558165079,IISC
2026-01-16 23:25:30,7.400332692982848,IISC
2026-01-16 23:26:00,5.21319464806227,IISC
2026-01-16 23:26:30,8.12144568831418,IISC
2026-01-16 23:27:00,9.661247981047893,IISC
2026-01-16 23:27:30,9.207874963839158,IISC
2026-01-16 23:28:00,6.104471257384138,IISC
2026-01-16 23:28:30,8.877067362975064,IISC
2026-01-16 23:29:00,10.295494210485478,IISC
2026-01-16 23:29:30,6.870802543582127,IISC
2026-01-16 23:30:00,5.037081258257762,IISC
2026-01-16 23:30:30,5.709406058224275,IISC
2026-01-16 23:31:00,5.855770577824789,IISC
2026-01-16 23:31:30,7.426511720749692,IISC
2026-01-16 23:32:00,10.086062068143466,IISC
2026-01-16 23:32:30,5.755814320212273,IISC
2026-01-16 23:33:00,4.148184564580998,IISC
2026-01-16 23:33:30,6.601872625368694,IISC
2026-01-16 23:34:00,8.659305524741047,IISC
2026-01-16 23:34:30,9.42206693747138,IISC
2026-01-16 23:35:00,6.584023289060926,IISC
2026-01-16 23:35:30,4.050608227046512,IISC
2026-01-16 23:36:00,2.244520341203669,IISC
2026-01-16 23:36:30,1.5316048301390732,IISC
2026-01-16 23:37:00,1.752672108739258,IISC
2026-01-16 23:37:30,4.555678186497254,IISC
2026-01-16 23:38:00,6.856258652566003,IISC
2026-01-16 23:38:30,4.563082352742715,IISC
2026-01-16 23:39:00,2.9965721640689953,IISC
2026-01-16 23:39:30,5.726594303897563,IISC
2026-01-16 23:40:00,7.055113416668275,IISC
2026-01-16 23:40:30,7.13973246622849,IISC
2026-01-16 23:41:00,7.7987033290610475,IISC
2026-01-16 23:41:30,8.852210518939922,IISC
2026-01-16 23:42:00,11.402417184363607,IISC
2026-01-16 23:42:30,6.614036615516146,IISC
2026-01-16 23:43:00,1.7008429371402647,IISC
2026-01-16 23:43:30,5.742460380615579,IISC
2026-01-16 23:44:00,6.936646744919747,IISC
2026-01-16 23:44:30,7.983807500959112,IISC
2026-01-16 23:45:00,5.130029995829215,IISC
2026-01-16 23:45:30,0.5066565728360963,IISC
2026-01-16 23:46:00,0.11317797425534692,IISC
2026-01-16 23:46:30,2.7405995348149284,IISC
2026-01-16 23:47:00,8.204874771678533,IISC
2026-01-16 23:47:30,7.727834875645426,IISC
2026-01-16 23:48:00,8.834228973469626,IISC
2026-01-16 23:48:30,7.896015234479141,IISC
2026-01-16 23:49:00,4.545100803332035,IISC
2026-01-16 23:49:30,1.6648798383189067,IISC
2026-01-16 23:50:00,3.8332430364945367,IISC
2026-01-16 23:50:30,3.5561156409100345,IISC
2026-01-16 23:51:00,7.219062822235904,IISC
2026-01-16 23:51:30,9.587338536621663,IISC
2026-01-16 23:52:00,9.019333145367687,IISC
2026-01-16 23:52:30,7.251852704137507,IISC
2026-01-16 23:53:00,4.86665320032969,IISC
2026-01-16 23:53:30,4.80741985460447,IISC
2026-01-16 23:54:00,4.277493050626039,IISC
2026-01-16 23:54:30,3.0177269225186674,IISC
2026-01-16 23:55:00,0.12058215232195361,IISC
2026-01-16 23:55:30,4.438269243214293,IISC
2026-01-16 23:56:00,7.289931283532291,IISC
2026-01-16 23:56:30,5.103586535945983,IISC
2026-01-16 23:57:00,5.114163930932343,IISC
2026-01-16 23:57:30,4.733378200030619,IISC
2026-01-16 23:58:00,4.32191805203919,IISC
2026-01-16 23:58:30,5.604954419169659,IISC
2026-01-16 23:59:00,3.9316126821993405,IISC
2026-01-16 23:59:30,3.3995703937071053,IISC
2026-01-17 00:00:00,2.3862572519752945,IISC
2026-01-17 00:00:30,1.3539048284268544,IISC
2026-01-17 00:01:00,2.6517495241078652,IISC
2026-01-17 00:01:30,4.283839484465552,IISC
2026-01-17 00:02:00,6.425759226698328,IISC
2026-01-17 00:02:30,5.032718090411123,IISC
2026-01-17 00:03:00,4.405479357372308,IISC
2026-01-17 00:03:30,3.1552328800242058,IISC
2026-01-17 00:04:00,5.13108774005631,IISC
2026-01-17 00:04:30,6.131708021989861,IISC
2026-01-17 00:05:00,4.050079357888253,IISC
2026-01-17 00:05:30,2.255097720428505,IISC
2026-01-17 00:06:00,2.03614593422289,IISC
2026-01-17 00:06:30,3.5021709808568535,IISC
2026-01-17 00:07:00,4.647701410183692,IISC
2026-01-17 00:07:30,3.9294972055662973,IISC
2026-01-17 00:08:00,3.024073344537035,IISC
2026-01-17 00:08:30,1.9896054364747888,IISC
2026-01-17 00:09:00,1.4935262546846724,IISC
2026-01-17 00:09:30,0.700222651266333,IISC
2026-01-17 00:10:00,1.3496738712203862,IISC
2026-01-17 00:10:30,10.05380104948955,IISC
2026-01-17 00:11:00,4.119149650452234,IISC
2026-01-17 00:11:30,4.173411620770283,IISC
2026-01-17 00:12:00,4.644633957441654,IISC
2026-01-17 00:12:30,1.9258238390397597,IISC
2026-01-17 00:13:00,1.9220159811002808,IISC
2026-01-17 00:13:30,3.920189099712067,IISC
2026-01-17 00:14:00,5.491882210668183,IISC
2026-01-17 00:14:30,4.745013319542168,IISC
2026-01-17 00:15:00,6.061897297039805,IISC
2026-01-17 00:15:30,5.268593693621465,IISC
2026-01-17 00:16:00,0.6206807377446605,IISC
2026-01-17 00:16:30,1.7106799044690124,IISC
2026-01-17 00:17:00,3.02248674829234,IISC
2026-01-17 00:17:30,2.769264237873153,IISC
2026-01-17 00:18:00,-0.9034141489679748,IISC
2026-01-17 00:18:30,1.6611777548021383,IISC
2026-01-17 00:19:00,4.326677872690366,IISC
2026-01-17 00:19:30,7.1283088959563985,IISC
2026-01-17 00:20:00,6.645662981920251,IISC
2026-01-17 00:20:30,9.328298456989787,IISC
2026-01-17 00:21:00,8.92656950820901,IISC
2026-01-17 00:21:30,12.083283229363069,IISC
2026-01-17 00:22:00,12.456453247144108,IISC
2026-01-17 00:22:30,11.458080649232954,IISC
2026-01-17 00:23:00,8.711663571408874,IISC
2026-01-17 00:23:30,5.3536093874158865,IISC
2026-01-17 00:24:00,6.841053664512277,IISC
2026-01-17 00:24:30,10.631061638206855,IISC
2026-01-17 00:25:00,12.473112614990292,IISC
2026-01-17 00:25:30,14.473427667435118,IISC
2026-01-17 00:26:00,12.211322425980452,IISC
2026-01-17 00:26:30,9.88019977710446,IISC
2026-01-17 00:27:00,6.042593570300545,IISC
2026-01-17 00:27:30,7.956041883449203,IISC
2026-01-17 00:28:00,10.402590197301588,IISC
2026-01-17 00:28:30,6.898171524738593,IISC
2026-01-17 00:29:00,0.17029584728790287,IISC
2026-01-17 00:29:30,3.0105871869119545,IISC
2026-01-17 00:30:00,5.991425499186987,IISC
2026-01-17 00:30:30,8.14524478713713,IISC
2026-01-17 00:31:00,5.737964992770361,IISC
2026-01-17 00:31:30,5.708216113700514,IISC
2026-01-17 00:32:00,5.928357845414983,IISC
2026-01-17 00:32:30,5.298871456133462,IISC
2026-01-17 00:33:00,0.19396273054520563,IISC
2026-01-17 00:33:30,0.27130983829146604,IISC
2026-01-17 00:34:00,7.198040279844429,IISC
2026-01-17 00:34:30,4.62535668504561,IISC
2026-01-17 00:35:00,2.529845206278475,IISC
2026-01-17 00:35:30,1.167346261171823,IISC
2026-01-17 00:36:00,5.497594004670086,IISC
2026-01-17 00:36:30,6.137790005488714,IISC
2026-01-17 00:37:00,5.1227580485972375,IISC
2026-01-17 00:37:30,4.3254879210739166,IISC
2026-01-17 00:38:00,4.637256223374761,IISC
2026-01-17 00:38:30,7.605005021766372,IISC
2026-01-17 00:39:00,6.45669806359073,IISC
2026-01-17 00:39:30,5.390233574408988,IISC
2026-01-17 00:40:00,5.8239062132560395,IISC
2026-01-17 00:40:30,-0.6547399135068521,IISC
2026-01-17 00:41:00,-2.061531645938649,IISC
2026-01-17 00:41:30,-3.9686335173670306,IISC
2026-01-17 00:42:00,-2.430682253388444,IISC
2026-01-17 00:42:30,-3.3022584843486307,IISC
2026-01-17 00:43:00,0.2750119150110757,IISC
2026-01-17 00:43:30,0.419922050583222,IISC
2026-01-17 00:44:00,0.6727214550367672,IISC
2026-01-17 00:44:30,-6.877413407075293,IISC
2026-01-17 00:45:00,0.026179018900984286,IISC
2026-01-17 00:45:30,-0.3391372967560997,IISC
2026-01-17 00:46:00,0.7151632017856429,IISC
2026-01-17 00:46:30,2.074092286723428,IISC
2026-01-17 00:47:00,6.9612391563459495,IISC
2026-01-17 00:47:30,8.727132992071537,IISC
2026-01-17 00:48:00,9.437536362566975,IISC
2026-01-17 00:48:30,2.917241796240437,IISC
2026-01-17 00:49:00,4.614911524341709,IISC
2026-01-17 00:49:30,3.175329894246783,IISC
2026-01-17 00:50:00,0.62195003160525,IISC
2026-01-17 00:50:30,0.7782308378259293,IISC
2026-01-17 00:51:00,2.009834688427661,IISC
2026-01-17 00:51:30,1.6100096712763783,IISC
2026-01-17 00:52:00,2.4548780141773183,IISC
2026-01-17 00:52:30,1.565981316067625,IISC
2026-01-17 00:53:00,-1.2601627674161024,IISC
2026-01-17 00:53:30,-0.36293640887783896,IISC
2026-01-17 00:54:00,0.5628489108040873,IISC
2026-01-17 00:54:30,-0.9781433530509656,IISC
2026-01-17 00:55:00,0.47003238682809134,IISC
2026-01-17 00:55:30,1.1768658927217317,IISC
2026-01-17 00:56:00,4.1279553214939835,IISC
2026-01-17 00:56:30,2.6190918656526745,IISC
2026-01-17 00:57:00,1.8099221865014141,IISC
2026-01-17 00:57:30,3.5222680133036954,IISC
2026-01-17 00:58:00,-0.039268537217334476,IISC
2026-01-17 00:58:30,5.369078812511482,IISC
2026-01-17 00:59:00,3.7340800845896007,IISC
2026-01-17 00:59:30,7.218609513413845,IISC
2026-01-17 01:00:00,7.498759006090067,IISC
2026-01-17 01:00:30,7.6918717762611575,IISC
2026-01-17 01:01:00,4.769341291534126,IISC
2026-01-17 01:01:30,7.202290117178448,IISC
2026-01-17 01:02:00,8.19641286964965,IISC
2026-01-17 01:02:30,7.836026367858461,IISC
2026-01-17 01:03:00,7.50419880821267,IISC
2026-01-17 01:03:30,6.38768064223734,IISC
2026-01-17 01:04:00,8.035938881816946,IISC
2026-01-17 01:04:30,9.52508308536105,IISC
2026-01-17 01:05:00,9.71139609654613,IISC
2026-01-17 01:05:30,5.144687222564893,IISC
2026-01-17 01:06:00,6.325122991287382,IISC
2026-01-17 01:06:30,2.832773848495085,IISC
2026-01-17 01:07:00,4.742142301185933,IISC
2026-01-17 01:07:30,5.817862004436895,IISC
2026-01-17 01:08:00,7.523238097910061,IISC
2026-01-17 01:08:30,3.8935341022416465,IISC
2026-01-17 01:09:00,3.375393521278364,IISC
2026-01-17 01:09:30,4.199522643601269,IISC
2026-01-17 01:10:00,2.7702161874127182,IISC
2026-01-17 01:10:30,1.7842531507909314,IISC
2026-01-17 01:11:00,2.3459120980729864,IISC
2026-01-17 01:11:30,0.7071735008089727,IISC
2026-01-17 01:12:00,0.05031812023857515,IISC
2026-01-17 01:12:30,5.185485695421671,IISC
2026-01-17 01:13:00,2.6899791985625714,IISC
2026-01-17 01:13:30,1.8753697185552587,IISC
2026-01-17 01:14:00,1.3599490411863786,IISC
2026-01-17 01:14:30,1.1192380695697328,IISC
2026-01-17 01:15:00,-0.715333191327364,IISC
2026-01-17 01:15:30,-3.986010631935586,IISC
2026-01-17 01:16:00,-4.119285649684918,IISC
2026-01-17 01:16:30,-0.6432558980618136,IISC
2026-01-17 01:17:00,-2.4900666998027026,IISC
2026-01-17 01:17:30,-3.1224429986855156,IISC
2026-01-17 01:18:00,2.2819944953258267,IISC
2026-01-17 01:18:30,1.3925878133923553,IISC
2026-01-17 01:19:00,2.6437409489142167,IISC
2026-01-17 01:19:30,0.09519643666581305,IISC
2026-01-17 01:20:00,-0.7393589650372562,IISC
2026-01-17 01:20:30,-5.356385960101435,IISC
2026-01-17 01:21:00,-6.896981561005468,IISC
2026-01-17 01:21:30,-6.308350291296132,IISC
2026-01-17 01:22:00,-5.768903832618052,IISC
2026-01-17 01:22:30,-5.0152654150841816,IISC
2026-01-17 01:23:00,-5.269122563764824,IISC
2026-01-17 01:23:30,-5.4960073883294465,IISC
2026-01-17 01:24:00,-7.165571494647071,IISC
2026-01-17 01:24:30,-8.435763904667711,IISC
2026-01-17 01:25:00,-6.197287770594449,IISC
2026-01-17 01:25:30,-9.656488154190615,IISC
2026-01-17 01:26:00,-15.776428845536206,IISC
2026-01-17 01:26:30,-14.199737917931476,IISC
2026-01-17 01:27:00,-10.615592217544188,IISC
2026-01-17 01:27:30,-6.27106501120581,IISC
2026-01-17 01:28:00,-9.136477645205659,IISC
2026-01-17 01:28:30,-12.515951007943563,IISC
2026-01-17 01:29:00,-11.177251174958652,IISC
2026-01-17 01:29:30,-9.604130120821576,IISC
2026-01-17 01:30:00,-12.777741210252193,IISC
2026-01-17 01:30:30,-14.92085089996402,IISC
2026-01-17 01:31:00,-10.237696383226421,IISC
2026-01-17 01:31:30,-12.389135759331115,IISC
2026-01-17 01:32:00,-12.85015848640084,IISC
2026-01-17 01:32:30,-13.880999861403419,IISC
2026-01-17 01:33:00,-13.002472783715152,IISC
2026-01-17 01:33:30,-12.276259998274993,IISC
2026-01-17 01:34:00,-15.650293552557539,IISC
2026-01-17 01:34:30,-14.284904724447172,IISC
2026-01-17 01:35:00,-11.38685331634152,IISC
2026-01-17 01:35:30,-11.953952070812383,IISC
2026-01-17 01:36:00,-10.352612079577652,IISC
2026-01-17 01:36:30,-11.849575988223952,IISC
2026-01-17 01:37:00,-12.702774009285179,IISC
2026-01-17 01:37:30,-10.578703600404884,IISC
2026-01-17 01:38:00,-8.166663988046697,IISC
2026-01-17 01:38:30,-17.30671150798656,IISC
2026-01-17 01:39:00,-17.548782426334206,IISC
2026-01-17 01:39:30,-15.019277215604337,IISC
2026-01-17 01:40:00,-15.30486652053557,IISC
2026-01-17 01:40:30,-11.601725269671993,IISC
2026-01-17 01:41:00,-10.822474475597474,IISC
2026-01-17 01:41:30,-8.957984335956395,IISC
2026-01-17 01:42:00,-9.866430297454846,IISC
2026-01-17 01:42:30,-13.604760216845364,IISC
2026-01-17 01:43:00,-14.380611143459122,IISC
2026-01-17 01:43:30,-15.31948595929275,IISC
2026-01-17 01:44:00,-17.11393871626564,IISC
2026-01-17 01:44:30,-14.080610164414326,IISC
2026-01-17 01:45:00,-18.575997276720795,IISC
2026-01-17 01:45:30,-19.98173126413742,IISC
2026-01-17 01:46:00,-20.985101657419126,IISC
2026-01-17 01:46:30,-13.986259924312302,IISC
2026-01-17 01:47:00,-15.826406959713799,IISC
2026-01-17 01:47:30,-16.688992431336132,IISC
2026-01-17 01:48:00,-16.661491227225806,IISC
2026-01-17 01:48:30,-15.235660224798526,IISC
2026-01-17 01:49:00,-9.136742088650648,IISC
2026-01-17 01:49:30,-9.592627222293702,IISC
2026-01-17 01:50:00,-11.974653513122144,IISC
2026-01-17 01:50:30,-16.75880314446504,IISC
2026-01-17 01:51:00,-17.57008829335368,IISC
2026-01-17 01:51:30,-18.908127045062518,IISC
2026-01-17 01:52:00,-14.755447096084136,IISC
2026-01-17 01:52:30,-15.385859038161941,IISC
2026-01-17 01:53:00,-17.982606175721248,IISC
2026-01-17 01:53:30,-17.911888831719796,IISC
2026-01-17 01:54:00,-19.407832773985092,IISC
2026-01-17 01:54:30,-17.011602551873874,IISC
2026-01-17 01:55:00,-14.843503809949478,IISC
2026-01-17 01:55:30,-14.438918943776269,IISC
2026-01-17 01:56:00,-14.501986593115346,IISC
2026-01-17 01:56:30,-16.81169004994763,IISC
2026-01-17 01:57:00,-20.39821566154709,IISC
2026-01-17 01:57:30,-18.866743042540733,IISC
2026-01-17 01:58:00,-19.935322995056733,IISC
2026-01-17 01:58:30,-14.597183028303514,IISC
2026-01-17 01:59:00,-17.297191853005454,IISC
2026-01-17 01:59:30,-21.39658824881921,IISC
2026-01-17 02:00:00,-19.852687213952134,IISC
2026-01-17 02:00:30,-16.30503347957427,IISC
2026-01-17 02:01:00,-18.321082379872678,IISC
2026-01-17 02:01:30,-16.248973342888046,IISC
2026-01-17 02:02:00,-25.91913277925135,IISC
2026-01-17 02:02:30,-27.548895711372307,IISC
2026-01-17 02:03:00,-26.585507815816094,IISC
2026-01-17 02:03:30,-28.12959394429879,IISC
2026-01-17 02:04:00,-28.212414845616586,IISC
2026-01-17 02:04:30,-28.211462879358542,IISC
2026-01-17 02:05:00,-27.628860717462324,IISC
2026-01-17 02:05:30,-29.9592693969643,IISC
2026-01-17 02:06:00,-25.283220616841465,IISC
2026-01-17 02:06:30,-30.425837696076044,IISC
2026-01-17 02:07:00,-29.564204197804436,IISC
2026-01-17 02:07:30,-25.968634918279196,IISC
2026-01-17 02:08:00,-27.666939289764418,IISC
2026-01-17 02:08:30,-29.320501332233942,IISC
2026-01-17 02:09:00,-29.645121166606152,IISC
2026-01-17 02:09:30,-30.798161520445596,IISC
2026-01-17 02:10:00,-32.07696693430998,IISC
2026-01-17 02:10:30,-29.559550150787896,IISC
2026-01-17 02:11:00,-24.488753496743513,IISC
2026-01-17 02:11:30,-29.64059933574631,IISC
2026-01-17 02:12:00,-29.09916962141886,IISC
2026-01-17 02:12:30,-26.083822607649626,IISC
2026-01-17 02:13:00,-27.50700929088318,IISC
2026-01-17 02:13:30,-25.31987122823088,IISC
2026-01-17 02:14:00,-29.1420080099392,IISC
2026-01-17 02:14:30,-31.94554296572132,IISC
2026-01-17 02:15:00,-31.47722940144111,IISC
2026-01-17 02:15:30,-28.884713223058466,IISC
2026-01-17 02:16:00,-27.98034710231591,IISC
2026-01-17 02:16:30,-28.41719295414233,IISC
2026-01-17 02:17:00,-25.62264877897613,IISC
2026-01-17 02:17:30,-28.56844950385208,IISC
2026-01-17 02:18:00,-33.038450900502404,IISC
2026-01-17 02:18:30,-28.765188807082836,IISC
2026-01-17 02:19:00,-30.38247042706884,IISC
2026-01-17 02:19:30,-29.872640637312983,IISC
2026-01-17 02:20:00,-28.760957849876377,IISC
2026-01-17 02:20:30,-31.487806788546706,IISC
2026-01-17 02:21:00,-33.33673305453659,IISC
2026-01-17 02:21:30,-34.04753308502776,IISC
2026-01-17 02:22:00,-32.739111006181524,IISC
2026-01-17 02:22:30,-34.87164331568342,IISC
2026-01-17 02:23:00,-35.56062750300101,IISC
2026-01-17 02:23:30,-32.189483827289244,IISC
2026-01-17 02:24:00,-29.802433271576568,IISC
2026-01-17 02:24:30,-29.35501002574887,IISC
2026-01-17 02:25:00,-26.50863669917813,IISC
2026-01-17 02:25:30,-29.0361019898115,IISC
2026-01-17 02:26:00,-34.43016986340142,IISC
2026-01-17 02:26:30,-32.414385392827036,IISC
2026-01-17 02:27:00,-38.45340910485854,IISC
2026-01-17 02:27:30,-36.764862372446274,IISC
2026-01-17 02:28:00,-34.661021206653,IISC
2026-01-17 02:28:30,-35.71413175180511,IISC
2026-01-17 02:29:00,-28.930195950685533,IISC
2026-01-17 02:29:30,-29.208985511829376,IISC
2026-01-17 02:30:00,-28.58748878172833,IISC
2026-01-17 02:30:30,-29.544892916734362,IISC
2026-01-17 02:31:00,-27.178581587299192,IISC
2026-01-17 02:31:30,-29.12058881726222,IISC
2026-01-17 02:32:00,-33.99736609306089,IISC
2026-01-17 02:32:30,-30.345902909166885,IISC
2026-01-17 02:33:00,-28.01495025046589,IISC
2026-01-17 02:33:30,-29.349060263233692,IISC
2026-01-17 02:34:00,-32.1437555424664,IISC
2026-01-17 02:34:30,-33.03180226753647,IISC
2026-01-17 02:35:00,-31.591616222301326,IISC
2026-01-17 02:35:30,-32.11383665865621,IISC
2026-01-17 02:36:00,-32.645576732260494,IISC
2026-01-17 02:36:30,-30.048074078590474,IISC
2026-01-17 02:37:00,-26.909311673537154,IISC
2026-01-17 02:37:30,-26.158619801343203,IISC
2026-01-17 02:38:00,-28.039429327087273,IISC
2026-01-17 02:38:30,-29.806003129845603,IISC
2026-01-17 02:39:00,-27.59336604952195,IISC
2026-01-17 02:39:30,-28.565729603635152,IISC
2026-01-17 02:40:00,-31.77928919541602,IISC
2026-01-17 02:40:30,-32.42662494380323,IISC
2026-01-17 02:41:00,-32.43886448464703,IISC
2026-01-17 02:41:30,-33.40850814529823,IISC
2026-01-17 02:42:00,-32.709494345140065,IISC
2026-01-17 02:42:30,-32.19815349783176,IISC
2026-01-17 02:43:00,-32.528621110746556,IISC
2026-01-17 02:43:30,-31.119713911251214,IISC
2026-01-17 02:44:00,-33.29971223456751,IISC
2026-01-17 02:44:30,-32.76525224723642,IISC
2026-01-17 02:45:00,-32.45382391895281,IISC
2026-01-17 02:45:30,-29.46737581628,IISC
2026-01-17 02:46:00,-31.990081298421096,IISC
2026-01-17 02:46:30,-34.163279862751374,IISC
2026-01-17 02:47:00,-32.047199152314654,IISC
2026-01-17 02:47:30,-28.998193413890505,IISC
2026-01-17 02:48:00,-34.10752195052261,IISC
2026-01-17 02:48:30,-34.97244954570229,IISC
2026-01-17 02:49:00,-34.27887553246811,IISC
2026-01-17 02:49:30,-33.15963747303078,IISC
2026-01-17 02:50:00,-37.04773178834845,IISC
2026-01-17 02:50:30,-34.93029112104831,IISC
2026-01-17 02:51:00,-34.401270956104646,IISC
2026-01-17 02:51:30,-33.280672939803914,IISC
2026-01-17 02:52:00,-34.75213780544783,IISC
2026-01-17 02:52:30,-33.15283772924339,IISC
2026-01-17 02:53:00,-30.136470757959014,IISC
2026-01-17 02:53:30,-32.59117877182893,IISC
2026-01-17 02:54:00,-37.97657698627528,IISC
2026-01-17 02:54:30,-38.270325971592506,IISC
2026-01-17 02:55:00,-36.97157463969129,IISC
2026-01-17 02:55:30,-36.718624117098436,IISC
2026-01-17 02:56:00,-34.711339332591045,IISC
2026-01-17 02:56:30,-33.50370457858658,IISC
2026-01-17 02:57:00,-34.80262591269502,IISC
2026-01-17 02:57:30,-36.367417270940095,IISC
2026-01-17 02:58:00,-32.77341194282102,IISC
2026-01-17 02:58:30,-35.045886790765046,IISC
2026-01-17 02:59:00,-33.75121530412303,IISC
2026-01-17 02:59:30,-33.37178952783306,IISC
2026-01-17 03:00:00,-33.69953723208725,IISC
2026-01-17 03:00:30,-33.1283586424896,IISC
2026-01-17 03:01:00,-32.88084790682074,IISC
2026-01-17 03:01:30,-35.99921107037947,IISC
2026-01-17 03:02:00,-36.68054552757125,IISC
2026-01-17 03:02:30,-36.201843477799954,IISC
2026-01-17 03:03:00,-38.822465286691376,IISC
2026-01-17 03:03:30,-39.063176253241814,IISC
2026-01-17 03:04:00,-36.494232521452375,IISC
2026-01-17 03:04:30,-34.916691638539724,IISC
2026-01-17 03:05:00,-37.9248989091733,IISC
2026-01-17 03:05:30,-37.26940348040011,IISC
2026-01-17 03:06:00,-35.77209958633761,IISC
2026-01-17 03:06:30,-35.63746462185728,IISC
2026-01-17 03:07:00,-36.335118485416864,IISC
2026-01-17 03:07:30,-37.780744312509796,IISC
2026-01-17 03:08:00,-38.164249934058944,IISC
2026-01-17 03:08:30,-35.28387788411831,IISC
2026-01-17 03:09:00,-34.62430258475489,IISC
2026-01-17 03:09:30,-35.50282967764178,IISC
2026-01-17 03:10:00,-36.68326544636427,IISC
2026-01-17 03:10:30,-37.30748204966248,IISC
2026-01-17 03:11:00,-35.88497534232753,IISC
2026-01-17 03:11:30,-35.84961667159336,IISC
2026-01-17 03:12:00,-38.21864791475533,IISC
2026-01-17 03:12:30,-37.66378869606206,IISC
2026-01-17 03:13:00,-39.290287752482286,IISC
2026-01-17 03:13:30,-43.59860630681427,IISC
2026-01-17 03:14:00,-41.15885772725015,IISC
2026-01-17 03:14:30,-36.813820555452985,IISC
2026-01-17 03:15:00,-38.026895081182836,IISC
2026-01-17 03:15:30,-38.811585682446164,IISC
2026-01-17 03:16:00,-41.13165875210057,IISC
2026-01-17 03:16:30,-41.9027498556567,IISC
2026-01-17 03:17:00,-42.03194500788202,IISC
2026-01-17 03:17:30,-43.48437059902715,IISC
2026-01-17 03:18:00,-41.785794249341386,IISC
2026-01-17 03:18:30,-40.225932684064105,IISC
2026-01-17 03:19:00,-40.68423551260564,IISC
2026-01-17 03:19:30,-39.08901528672659,IISC
2026-01-17 03:20:00,-39.79890868099756,IISC
2026-01-17 03:20:30,-40.07497835374562,IISC
2026-01-17 03:21:00,-38.380481839186636,IISC
2026-01-17 03:21:30,-38.962540033029484,IISC
2026-01-17 03:22:00,-38.45255913245218,IISC
2026-01-17 03:22:30,-38.68919026387584,IISC
2026-01-17 03:23:00,-39.824747719548554,IISC
2026-01-17 03:23:30,-42.69288024891023,IISC
2026-01-17 03:24:00,-41.43084753954039,IISC
2026-01-17 03:24:30,-41.630760053498875,IISC
2026-01-17 03:25:00,-40.0790581939386,IISC
2026-01-17 03:25:30,-40.69919495197763,IISC
2026-01-17 03:26:00,-39.966182427816285,IISC
2026-01-17 03:26:30,-38.80206604519678,IISC
2026-01-17 03:27:00,-39.02917753430484,IISC
2026-01-17 03:27:30,-42.390971562942205,IISC
2026-01-17 03:28:00,-42.51608688004074,IISC
2026-01-17 03:28:30,-44.62264794309567,IISC
2026-01-17 03:29:00,-42.495687638546144,IISC
2026-01-17 03:29:30,-43.35245553307503,IISC
2026-01-17 03:30:00,-43.17430221240834,IISC
2026-01-17 03:30:30,-41.17925697381095,IISC
2026-01-17 03:31:00,-41.47300596419437,IISC
2026-01-17 03:31:30,-38.83742471086475,IISC
2026-01-17 03:32:00,-37.11708917801959,IISC
2026-01-17 03:32:30,-39.692832658662624,IISC
2026-01-17 03:33:00,-39.86010640041514,IISC
2026-01-17 03:33:30,-38.580394343012706,IISC
2026-01-17 03:34:00,-40.848789350763745,IISC
2026-01-17 03:34:30,-42.70103994449482,IISC
2026-01-17 03:35:00,-41.68923785412343,IISC
2026-01-17 03:35:30,-39.668353587107454,IISC
2026-01-17 03:36:00,-43.251819317928906,IISC
2026-01-17 03:36:30,-45.83572248909034,IISC
2026-01-17 03:37:00,-45.81260335413374,IISC
2026-01-17 03:37:30,-44.885118097871704,IISC
2026-01-17 03:38:00,-44.85655917599113,IISC
2026-01-17 03:38:30,-43.68972289484343,IISC
2026-01-17 03:39:00,-43.19198155537473,IISC
2026-01-17 03:39:30,-42.37601211850402,IISC
2026-01-17 03:40:00,-44.497532625997145,IISC
2026-01-17 03:40:30,-43.19878129409592,IISC
2026-01-17 03:41:00,-47.220603915720154,IISC
2026-01-17 03:41:30,-50.53978621594769,IISC
2026-01-17 03:42:00,-50.13996120322934,IISC
2026-01-17 03:42:30,-45.28358317399147,IISC
2026-01-17 03:43:00,-45.67524850125763,IISC
2026-01-17 03:43:30,-44.51521196896353,IISC
2026-01-17 03:44:00,-44.34385839208424,IISC
2026-01-17 03:44:30,-43.738681068351006,IISC
2026-01-17 03:45:00,-43.32389660612825,IISC
2026-01-17 03:45:30,-47.77364987379417,IISC
2026-01-17 03:46:00,-47.63357512238985,IISC
2026-01-17 03:46:30,-48.7079348535788,IISC
2026-01-17 03:47:00,-49.442307339669746,IISC
2026-01-17 03:47:30,-47.0596766241316,IISC
2026-01-17 03:48:00,-46.575534762105285,IISC
2026-01-17 03:48:30,-49.02888283937661,IISC
2026-01-17 03:49:00,-51.52302936923989,IISC
2026-01-17 03:49:30,-50.035245122559196,IISC
2026-01-17 03:50:00,-49.091440475127946,IISC
2026-01-17 03:50:30,-47.195671525210514,IISC
2026-01-17 03:51:00,-49.20839610170809,IISC
2026-01-17 03:51:30,-51.09736531797055,IISC
2026-01-17 03:52:00,-48.30946979265764,IISC
2026-01-17 03:52:30,-50.526186728372906,IISC
2026-01-17 03:53:00,-47.61861567795166,IISC
2026-01-17 03:53:30,-45.94723830341546,IISC
2026-01-17 03:54:00,-48.008921048354416,IISC
2026-01-17 03:54:30,-51.71206228908558,IISC
2026-01-17 03:55:00,-50.72065944527498,IISC
2026-01-17 03:55:30,-48.922806801843066,IISC
2026-01-17 03:56:00,-46.5347362841823,IISC
2026-01-17 03:56:30,-49.79317419407914,IISC
2026-01-17 03:57:00,-47.94500344054105,IISC
2026-01-17 03:57:30,-50.26235661166725,IISC
2026-01-17 03:58:00,-53.811823608353116,IISC
2026-01-17 03:58:30,-49.63270020624644,IISC
2026-01-17 03:59:00,-47.099115140124965,IISC
2026-01-17 03:59:30,-47.194311578479514,IISC
2026-01-17 04:00:00,-49.880210931782884,IISC
2026-01-17 04:00:30,-49.689818070272395,IISC
2026-01-17 04:01:00,-51.5189495239807,IISC
2026-01-17 04:01:30,-55.25880939737566,IISC
2026-01-17 04:02:00,-55.52263950394888,IISC
2026-01-17 04:02:30,-49.98900686277843,IISC
2026-01-17 04:03:00,-45.73372630694839,IISC
2026-01-17 04:03:30,-49.42598795356677,IISC
2026-01-17 04:04:00,-50.6839408176774,IISC
2026-01-17 04:04:30,-53.48407588890031,IISC
2026-01-17 04:05:00,-54.563875427278056,IISC
2026-01-17 04:05:30,-50.717939546746784,IISC
2026-01-17 04:06:00,-52.477713605717724,IISC
2026-01-17 04:06:30,-51.64814468127221,IISC
2026-01-17 04:07:00,-52.460034277949944,IISC
2026-01-17 04:07:30,-50.69482040672399,IISC
2026-01-17 04:08:00,-49.328071626816424,IISC
2026-01-17 04:08:30,-50.919212007436265,IISC
2026-01-17 04:09:00,-52.53483146467749,IISC
2026-01-17 04:09:30,-50.580584683738266,IISC
2026-01-17 04:10:00,-49.3634302975506,IISC
2026-01-17 04:10:30,-48.65761674853883,IISC
2026-01-17 04:11:00,-50.22019819714569,IISC
2026-01-17 04:11:30,-52.25196205827445,IISC
2026-01-17 04:12:00,-52.10100771782355,IISC
2026-01-17 04:12:30,-49.95772802717103,IISC
2026-01-17 04:13:00,-59.90354534043641,IISC
2026-01-17 04:13:30,-57.7342566318236,IISC
2026-01-17 04:14:00,-57.14998852454287,IISC
2026-01-17 04:14:30,-60.33668911455812,IISC
2026-01-17 04:15:00,-59.94791367472859,IISC
2026-01-17 04:15:30,-55.593356855549644,IISC
2026-01-17 04:16:00,-54.108292507397145,IISC
2026-01-17 04:16:30,-56.645957403579196,IISC
2026-01-17 04:17:00,-55.98774208134402,IISC
2026-01-17 04:17:30,-51.85213705568851,IISC
2026-01-17 04:18:00,-50.13180150764474,IISC
2026-01-17 04:18:30,-55.44121254904359,IISC
2026-01-17 04:19:00,-56.74778359174649,IISC
2026-01-17 04:19:30,-53.45398701491513,IISC
2026-01-17 04:20:00,-53.17077762942865,IISC
2026-01-17 04:20:30,-56.28013111613056,IISC
2026-01-17 04:21:00,-50.203028835469965,IISC
2026-01-17 04:21:30,-52.87685864127093,IISC
2026-01-17 04:22:00,-56.842980026934654,IISC
2026-01-17 04:22:30,-58.041265129431814,IISC
2026-01-17 04:23:00,-59.425183279880955,IISC
2026-01-17 04:23:30,-56.68114609997026,IISC
2026-01-17 04:24:00,-59.15506339497912,IISC
2026-01-17 04:24:30,-53.63962007173298,IISC
2026-01-17 04:25:00,-51.95345324609997,IISC
2026-01-17 04:25:30,-53.79193435384868,IISC
2026-01-17 04:26:00,-57.88300106263629,IISC
2026-01-17 04:26:30,-58.385162244179334,IISC
2026-01-17 04:27:00,-60.749603641159894,IISC
2026-01-17 04:27:30,-62.71065016525324,IISC
2026-01-17 04:28:00,-57.38797961029684,IISC
2026-01-17 04:28:30,-55.987402085795395,IISC
2026-01-17 04:29:00,-57.85087225905547,IISC
2026-01-17 04:29:30,-57.50697515760674,IISC
2026-01-17 04:30:00,-57.02980303714213,IISC
2026-01-17 04:30:30,-57.11547982304867,IISC
2026-01-17 04:31:00,-55.241300038251495,IISC
2026-01-17 04:31:30,-56.7465936427898,IISC
2026-01-17 04:32:00,-56.837030255553614,IISC
2026-01-17 04:32:30,-55.41265362779631,IISC
2026-01-17 04:33:00,-55.97074270731018,IISC
2026-01-17 04:33:30,-59.19314196797078,IISC
2026-01-17 04:34:00,-57.8688538202873,IISC
2026-01-17 04:34:30,-57.44893177364445,IISC
2026-01-17 04:35:00,-60.17049199906009,IISC
2026-01-17 04:35:30,-52.95248692893204,IISC
2026-01-17 04:36:00,-54.25879352326446,IISC
2026-01-17 04:36:30,-57.195074609202294,IISC
2026-01-17 04:37:00,-54.19668918676568,IISC
2026-01-17 04:37:30,-60.57621014355084,IISC
2026-01-17 04:38:00,-57.85631205611186,IISC
2026-01-17 04:38:30,-59.3073776853274,IISC
2026-01-17 04:39:00,-54.774667540415535,IISC
2026-01-17 04:39:30,-56.731634199618156,IISC
2026-01-17 04:40:00,-55.287368314190026,IISC
2026-01-17 04:40:30,-56.92202706112863,IISC
2026-01-17 04:41:00,-55.26152928070523,IISC
2026-01-17 04:41:30,-52.96049551594683,IISC
2026-01-17 04:42:00,-53.195766705705694,IISC
2026-01-17 04:42:30,-53.05161209384357,IISC
2026-01-17 04:43:00,-58.173350177326355,IISC
2026-01-17 04:43:30,-57.55457336855143,IISC
2026-01-17 04:44:00,-57.91393989952869,IISC
2026-01-17 04:44:30,-57.923459548810314,IISC
2026-01-17 04:45:00,-55.20169152321728,IISC
2026-01-17 04:45:30,-54.16677031308791,IISC
2026-01-17 04:46:00,-53.505835072059696,IISC
2026-01-17 04:46:30,-50.542506124608295,IISC
2026-01-17 04:47:00,-48.47538357248054,IISC
2026-01-17 04:47:30,-49.34303107125463,IISC
2026-01-17 04:48:00,-58.986429709661984,IISC
2026-01-17 04:48:30,-59.175462624441465,IISC
2026-01-17 04:49:00,-53.44327741604354,IISC
2026-01-17 04:49:30,-54.13685142927771,IISC
2026-01-17 04:50:00,-55.48456092962031,IISC
2026-01-17 04:50:30,-53.671748856948795,IISC
2026-01-17 04:51:00,-54.72298947344598,IISC
2026-01-17 04:51:30,-51.72566177159417,IISC
2026-01-17 04:52:00,-52.30907991216802,IISC
2026-01-17 04:52:30,-52.16628527743411,IISC
2026-01-17 04:53:00,-54.063414184214956,IISC
2026-01-17 04:53:30,-64.50510292159287,IISC
2026-01-17 04:54:00,-63.2838686800136,IISC
2026-01-17 04:54:30,-59.613366211488405,IISC
2026-01-17 04:55:00,-56.78739212197933,IISC
2026-01-17 04:55:30,-55.55799818988167,IISC
2026-01-17 04:56:00,-55.95238339034501,IISC
2026-01-17 04:56:30,-57.3436112823374,IISC
2026-01-17 04:57:00,-55.35672572412599,IISC
2026-01-17 04:57:30,-49.12271931073534,IISC
2026-01-17 04:58:00,-48.96224533303505,IISC
2026-01-17 04:58:30,-53.45415701015632,IISC
2026-01-17 04:59:00,-55.422003278670346,IISC
2026-01-17 04:59:30,-56.17677499612349,IISC
2026-01-17 05:00:00,-52.79322177926053,IISC
2026-01-17 05:00:30,-54.37739241451902,IISC
2026-01-17 05:01:00,-57.393929386110806,IISC
2026-01-17 05:01:30,-54.35478326465277,IISC
2026-01-17 05:02:00,-54.52494689194209,IISC
2026-01-17 05:02:30,-57.07264142122955,IISC
2026-01-17 05:03:00,-57.701277870401775,IISC
2026-01-17 05:03:30,-54.1490909650553,IISC
2026-01-17 05:04:00,-53.20936617808188,IISC
2026-01-17 05:04:30,-54.5053976215873,IISC
2026-01-17 05:05:00,-58.413721169859556,IISC
2026-01-17 05:05:30,-57.830643020401396,IISC
2026-01-17 05:06:00,-55.824378205441384,IISC
2026-01-17 05:06:30,-53.93710892005957,IISC
2026-01-17 05:07:00,-53.047022268560255,IISC
2026-01-17 05:07:30,-54.07276383255591,IISC
2026-01-17 05:08:00,-51.92965413841115,IISC
2026-01-17 05:08:30,-55.34720608054384,IISC
2026-01-17 05:09:00,-54.30599510031845,IISC
2026-01-17 05:09:30,-52.855439453660146,IISC
2026-01-17 05:10:00,-54.554695771011936,IISC
2026-01-17 05:10:30,-57.252324688934635,IISC
2026-01-17 05:11:00,-59.86546677434041,IISC
2026-01-17 05:11:30,-58.23998768240136,IISC
2026-01-17 05:12:00,-55.097315443161946,IISC
2026-01-17 05:12:30,-52.344948567359246,IISC
2026-01-17 05:13:00,-54.59515426161889,IISC
2026-01-17 05:13:30,-54.16082053410756,IISC
2026-01-17 05:14:00,-53.820493297260626,IISC
2026-01-17 05:14:30,-56.4467248788181,IISC
2026-01-17 05:15:00,-51.3644253163949,IISC
2026-01-17 05:15:30,-50.477908533930304,IISC
2026-01-17 05:16:00,-52.28505415956731,IISC
2026-01-17 05:16:30,-54.85958878853928,IISC
2026-01-17 05:17:00,-57.80856274215613,IISC
2026-01-17 05:17:30,-53.83252505854364,IISC
2026-01-17 05:18:00,-51.4018428051552,IISC
2026-01-17 05:18:30,-52.981045849686794,IISC
2026-01-17 05:19:00,-54.01657149015499,IISC
2026-01-17 05:19:30,-57.94818417235433,IISC
2026-01-17 05:20:00,-53.50991493061768,IISC
2026-01-17 05:20:30,-49.7080073964293,IISC
2026-01-17 05:21:00,-53.53252407605101,IISC
2026-01-17 05:21:30,-59.46074972067677,IISC
2026-01-17 05:22:00,-57.8330229360465,IISC
2026-01-17 05:22:30,-53.97875735519029,IISC
2026-01-17 05:23:00,-53.10414012878657,IISC
2026-01-17 05:23:30,-61.83960280640661,IISC
2026-01-17 05:24:00,-61.63651708509787,IISC
2026-01-17 05:24:30,-57.14165884194966,IISC
2026-01-17 05:25:00,-53.67293882427048,IISC
2026-01-17 05:25:30,-49.35697053474647,IISC
2026-01-17 05:26:00,-52.98157472574073,IISC
2026-01-17 05:26:30,-55.78867953725877,IISC
2026-01-17 05:27:00,-53.57774237578353,IISC
2026-01-17 05:27:30,-52.7269242703674,IISC
2026-01-17 05:28:00,-52.00938114850373,IISC
2026-01-17 05:28:30,-53.16244794240251,IISC
2026-01-17 05:29:00,-51.486990728306594,IISC
2026-01-17 05:29:30,-52.60554881184532,IISC
2026-01-17 05:30:00,-53.618200861957554,IISC
2026-01-17 05:30:30,-53.32666179387787,IISC
2026-01-17 05:31:00,-53.83120288663308,IISC
2026-01-17 05:31:30,-51.3846545594819,IISC
2026-01-17 05:32:00,-52.21643339293236,IISC
2026-01-17 05:32:30,-52.74239368659714,IISC
2026-01-17 05:33:00,-50.784917027105585,IISC
2026-01-17 05:33:30,-50.64926211460925,IISC
2026-01-17 05:34:00,-51.28707821751449,IISC
2026-01-17 05:34:30,-51.62859542548277,IISC
2026-01-17 05:35:00,-52.11290727071805,IISC
2026-01-17 05:35:30,-51.895145428051094,IISC
2026-01-17 05:36:00,-55.35910562330592,IISC
2026-01-17 05:36:30,-55.61269835169132,IISC
2026-01-17 05:37:00,-52.184569029348694,IISC
2026-01-17 05:37:30,-52.93238989894793,IISC
2026-01-17 05:38:00,-51.68637436304478,IISC
2026-01-17 05:38:30,-54.05465006954977,IISC
2026-01-17 05:39:00,-54.10224829182306,IISC
2026-01-17 05:39:30,-55.143062621903674,IISC
2026-01-17 05:40:00,-57.5214926040321,IISC
2026-01-17 05:40:30,-54.895023024704,IISC
2026-01-17 05:41:00,-52.301872182841464,IISC
2026-01-17 05:41:30,-55.645170914659204,IISC
2026-01-17 05:42:00,-56.62569416739673,IISC
2026-01-17 05:42:30,-60.130826826178875,IISC
2026-01-17 05:43:00,-60.10226789872547,IISC
2026-01-17 05:43:30,-57.424392237214434,IISC
2026-01-17 05:44:00,-53.59876493590672,IISC
2026-01-17 05:44:30,-57.482779391892386,IISC
2026-01-17 05:45:00,-58.89168659701685,IISC
2026-01-17 05:45:30,-57.18767045083759,IISC
2026-01-17 05:46:00,-56.382731720026946,IISC
2026-01-17 05:46:30,-57.41191093453639,IISC
2026-01-17 05:47:00,-55.59789001131963,IISC
2026-01-17 05:47:30,-59.10534969755042,IISC
2026-01-17 05:48:00,-60.232898557764685,IISC
2026-01-17 05:48:30,-60.625319404237565,IISC
2026-01-17 05:49:00,-62.97148839155138,IISC
2026-01-17 05:49:30,-58.842819089157764,IISC
2026-01-17 05:50:00,-57.38631366845867,IISC
2026-01-17 05:50:30,-56.03262040148646,IISC
2026-01-17 05:51:00,-56.880820606785655,IISC
2026-01-17 05:51:30,-57.86800762332947,IISC
2026-01-17 05:52:00,-57.20068062050668,IISC
2026-01-17 05:52:30,-58.97228624491466,IISC
2026-01-17 05:53:00,-60.03433226219638,IISC
2026-01-17 05:53:30,-57.90452843588782,IISC
2026-01-17 05:54:00,-56.28186195984253,IISC
2026-01-17 05:54:30,-57.37835178625528,IISC
2026-01-17 05:55:00,-57.15853456149185,IISC
2026-01-17 05:55:30,-59.72191487667856,IISC
2026-01-17 05:56:00,-58.63148300124269,IISC
2026-01-17 05:56:30,-60.87898425477149,IISC
2026-01-17 05:57:00,-57.705481348563666,IISC
2026-01-17 05:57:30,-58.08799793222231,IISC
2026-01-17 05:58:00,-57.86298817390503,IISC
2026-01-17 05:58:30,-61.58343785428888,IISC
2026-01-17 05:59:00,-60.4263684794199,IISC
2026-01-17 05:59:30,-64.05941052937925,IISC
2026-01-17 06:00:00,-63.219951080029816,IISC
2026-01-17 06:00:30,-61.15765017380136,IISC
2026-01-17 06:01:00,-59.54709960938169,IISC
2026-01-17 06:01:30,-59.45190318023842,IISC
2026-01-17 06:02:00,-57.34027321330841,IISC
2026-01-17 06:02:30,-54.657464645727195,IISC
2026-01-17 06:03:00,-54.936996001523795,IISC
2026-01-17 06:03:30,-52.348518448886765,IISC
2026-01-17 06:04:00,-54.102729076056356,IISC
2026-01-17 06:04:30,-55.35239860845577,IISC
2026-01-17 06:05:00,-59.406901229219756,IISC
2026-01-17 06:05:30,-62.383953303596535,IISC
2026-01-17 06:06:00,-63.54967690427918,IISC
2026-01-17 06:06:30,-59.85086277553373,IISC
2026-01-17 06:07:00,-58.44974436232192,IISC
2026-01-17 06:07:30,-54.39524174800584,IISC
2026-01-17 06:08:00,-56.34763404507653,IISC
2026-01-17 06:08:30,-57.450181819242225,IISC
2026-01-17 06:09:00,-54.72271746890116,IISC
2026-01-17 06:09:30,-57.506261172274186,IISC
2026-01-17 06:10:00,-55.23297036186439,IISC
2026-01-17 06:10:30,-57.21971991020407,IISC
2026-01-17 06:11:00,-59.38163089893537,IISC
2026-01-17 06:11:30,-58.16692441838336,IISC
2026-01-17 06:12:00,-55.040462011111636,IISC
2026-01-17 06:12:30,-54.112825663167136,IISC
2026-01-17 06:13:00,-55.79251384973849,IISC
2026-01-17 06:13:30,-54.653329854251155,IISC
2026-01-17 06:14:00,-50.46680228702484,IISC
2026-01-17 06:14:30,-51.08346362113693,IISC
2026-01-17 06:15:00,-52.48602440424301,IISC
2026-01-17 06:15:30,-54.090613172311514,IISC
2026-01-17 06:16:00,-55.809437647041314,IISC
2026-01-17 06:16:30,-54.205906619259515,IISC
2026-01-17 06:17:00,-54.81410605077979,IISC
2026-01-17 06:17:30,-53.330099438973626,IISC
2026-01-17 06:18:00,-55.46524964652375,IISC
2026-01-17 06:18:30,-57.91846173570805,IISC
2026-01-17 06:19:00,-60.288852916481844,IISC
2026-01-17 06:19:30,-57.71854922580252,IISC
2026-01-17 06:20:00,-59.80049521199014,IISC
2026-01-17 06:20:30,-57.43010403121633,IISC
2026-01-17 06:21:00,-52.785364298563906,IISC
2026-01-17 06:21:30,-53.72357803361399,IISC
2026-01-17 06:22:00,-52.18879998655517,IISC
2026-01-17 06:22:30,-52.38025058441198,IISC
2026-01-17 06:23:00,-52.91123512473674,IISC
2026-01-17 06:23:30,-55.6666429920426,IISC
2026-01-17 06:24:00,-53.73838636216454,IISC
2026-01-17 06:24:30,-52.814980967486115,IISC
2026-01-17 06:25:00,-54.676600089333874,IISC
2026-01-17 06:25:30,-55.108157255488265,IISC
2026-01-17 06:26:00,-55.511155485126366,IISC
2026-01-17 06:26:30,-54.950554271939,IISC
2026-01-17 06:27:00,-56.38907814992607,IISC
2026-01-17 06:27:30,-52.88479168061503,IISC
2026-01-17 06:28:00,-53.654825048950656,IISC
2026-01-17 06:28:30,-52.828731555749954,IISC
2026-01-17 06:29:00,-53.3089446726432,IISC
2026-01-17 06:29:30,-53.23278753355554,IISC
2026-01-17 06:30:00,-53.23807621922757,IISC
2026-01-17 06:30:30,-52.098892235561394,IISC
2026-01-17 06:31:00,-48.933081972371966,IISC
2026-01-17 06:31:30,-53.193651213874034,IISC
2026-01-17 06:32:00,-54.764392359754225,IISC
2026-01-17 06:32:30,-54.6945816505657,IISC
2026-01-17 06:33:00,-53.05614526818965,IISC
2026-01-17 06:33:30,-53.87589231572969,IISC
2026-01-17 06:34:00,-56.43032993047908,IISC
2026-01-17 06:34:30,-53.336445868872765,IISC
2026-01-17 06:35:00,-51.759358289153056,IISC
2026-01-17 06:35:30,-52.56641250447752,IISC
2026-01-17 06:36:00,-53.37558217279273,IISC
2026-01-17 06:36:30,-51.76041603338015,IISC
2026-01-17 06:37:00,-49.28107782925286,IISC
2026-01-17 06:37:30,-51.80589877113963,IISC
2026-01-17 06:38:00,-52.26707261015663,IISC
2026-01-17 06:38:30,-52.92921668202818,IISC
2026-01-17 06:39:00,-54.93891915636785,IISC
2026-01-17 06:39:30,-54.25033162855344,IISC
2026-01-17 06:40:00,-54.76545010398132,IISC
2026-01-17 06:40:30,-51.30664637242976,IISC
2026-01-17 06:41:00,-51.97725235083348,IISC
2026-01-17 06:41:30,-53.90022030292027,IISC
2026-01-17 06:42:00,-53.90022030292026,IISC
2026-01-17 06:42:30,-51.156447555125965,IISC
2026-01-17 06:43:00,-49.29800163443644,IISC
2026-01-17 06:43:30,-49.91995167392245,IISC
2026-01-17 06:44:00,-52.41198272208649,IISC
2026-01-17 06:44:30,-51.42722852081134,IISC
2026-01-17 06:45:00,-51.60387079011761,IISC
2026-01-17 06:45:30,-51.76887794385271,IISC
2026-01-17 06:46:00,-53.19576669838784,IISC
2026-01-17 06:46:30,-53.98695482911352,IISC
2026-01-17 06:47:00,-55.655007868590666,IISC
2026-01-17 06:47:30,-56.60379898286559,IISC
2026-01-17 06:48:00,-53.354427418283436,IISC
2026-01-17 06:48:30,-52.10523867334128,IISC
2026-01-17 06:49:00,-51.70964461388902,IISC
2026-01-17 06:49:30,-54.13715363853656,IISC
2026-01-17 06:50:00,-54.25350484153281,IISC
2026-01-17 06:50:30,-53.45279705610747,IISC
2026-01-17 06:51:00,-49.17318853278877,IISC
2026-01-17 06:51:30,-51.09192552766909,IISC
2026-01-17 06:52:00,-54.783431637630464,IISC
2026-01-17 06:52:30,-56.20926265581929,IISC
2026-01-17 06:53:00,-51.8122452128599,IISC
2026-01-17 06:53:30,-50.15688500953874,IISC
2026-01-17 06:54:00,-51.00307551696202,IISC
2026-01-17 06:54:30,-50.84335706860086,IISC
2026-01-17 06:55:00,-53.22749883212198,IISC
2026-01-17 06:55:30,-50.65613740824861,IISC
2026-01-17 06:56:00,-51.77628210221741,IISC
2026-01-17 06:56:30,-52.40457856766217,IISC
2026-01-17 06:57:00,-50.12303738341004,IISC
2026-01-17 06:57:30,-53.53424290450947,IISC
2026-01-17 06:58:00,-58.06411226820283,IISC
2026-01-17 06:58:30,-56.21539755066433,IISC
2026-01-17 06:59:00,-52.32471933402468,IISC
2026-01-17 06:59:30,-49.250826514188404,IISC
2026-01-17 07:00:00,-50.69210051495074,IISC
2026-01-17 07:00:30,-51.57954281868856,IISC
2026-01-17 07:01:00,-51.37645708161829,IISC
2026-01-17 07:01:30,-50.844414802977,IISC
2026-01-17 07:02:00,-50.17803976995861,IISC
2026-01-17 07:02:30,-52.38564504332461,IISC
2026-01-17 07:03:00,-52.43038736879396,IISC
2026-01-17 07:03:30,-52.10100771731693,IISC
2026-01-17 07:04:00,-51.40321786161735,IISC
2026-01-17 07:04:30,-51.01005660206626,IISC
2026-01-17 07:05:00,-52.18002075360256,IISC
2026-01-17 07:05:30,-51.70213466731027,IISC
2026-01-17 07:06:00,-49.25273045379717,IISC
2026-01-17 07:06:30,-50.38556799928943,IISC
2026-01-17 07:07:00,-48.45498433605215,IISC
2026-01-17 07:07:30,-48.379779157706004,IISC
2026-01-17 07:08:00,-51.51459768329586,IISC
2026-01-17 07:08:30,-53.415670445729006,IISC
2026-01-17 07:09:00,-55.532839119629976,IISC
2026-01-17 07:09:30,-51.823034133837474,IISC
2026-01-17 07:10:00,-52.20096397226969,IISC
2026-01-17 07:10:30,-50.66639747445032,IISC
2026-01-17 07:11:00,-51.415593398147486,IISC
2026-01-17 07:11:30,-52.82164472065339,IISC
2026-01-17 07:12:00,-53.492779567230265,IISC
2026-01-17 07:12:30,-53.78810006501125,IISC
2026-01-17 07:13:00,-53.46866312888511,IISC
2026-01-17 07:13:30,-60.48590952052056,IISC
2026-01-17 07:14:00,-61.19131508500642,IISC
2026-01-17 07:14:30,-58.626723188328995,IISC
2026-01-17 07:15:00,-60.76007524960687,IISC
2026-01-17 07:15:30,-62.5012180069527,IISC
2026-01-17 07:16:00,-62.32605657365377,IISC
2026-01-17 07:16:30,-63.408440017406484,IISC
2026-01-17 07:17:00,-61.48166421565503,IISC
2026-01-17 07:17:30,-57.581466361259366,IISC
2026-01-17 07:18:00,-57.399641171246856,IISC
2026-01-17 07:18:30,-59.58725519929645,IISC
2026-01-17 07:19:00,-54.609962597065106,IISC
2026-01-17 07:19:30,-53.38404408720567,IISC
2026-01-17 07:20:00,-54.698812595951026,IISC
2026-01-17 07:20:30,-55.81155311973397,IISC
2026-01-17 07:21:00,-55.449806674589254,IISC
2026-01-17 07:21:30,-61.85769012157116,IISC
2026-01-17 07:22:00,-58.740006946069926,IISC
2026-01-17 07:22:30,-60.57729809688267,IISC
2026-01-17 07:23:00,-59.16553500519926,IISC
2026-01-17 07:23:30,-56.5933273855502,IISC
2026-01-17 07:24:00,-57.44533546652059,IISC
2026-01-17 07:24:30,-57.79565832602574,IISC
2026-01-17 07:25:00,-58.64195461654056,IISC
2026-01-17 07:25:30,-56.92556292870868,IISC
2026-01-17 07:26:00,-58.187867633504155,IISC
2026-01-17 07:26:30,-60.28314112957264,IISC
2026-01-17 07:27:00,-60.71152506974439,IISC
2026-01-17 07:27:30,-60.05181379343959,IISC
2026-01-17 07:28:00,-55.63184341541737,IISC
2026-01-17 07:28:30,-56.78467221331872,IISC
2026-01-17 07:29:00,-58.07267995033983,IISC
2026-01-17 07:29:30,-56.00882128404521,IISC
2026-01-17 07:30:00,-56.377231481175066,IISC
2026-01-17 07:30:30,-54.329556205803726,IISC
2026-01-17 07:31:00,-56.64092559915465,IISC
2026-01-17 07:31:30,-54.84361694606739,IISC
2026-01-17 07:32:00,-56.560960593064635,IISC
2026-01-17 07:32:30,-59.79287950320387,IISC
2026-01-17 07:33:00,-58.11266244806531,IISC
2026-01-17 07:33:30,-57.543387778318234,IISC
2026-01-17 07:34:00,-59.88141217369916,IISC
2026-01-17 07:34:30,-60.69058185816995,IISC
2026-01-17 07:35:00,-60.85146382951532,IISC
2026-01-17 07:35:30,-62.57547122258715,IISC
2026-01-17 07:36:00,-58.13360566673244,IISC
2026-01-17 07:36:30,-55.923144494592314,IISC
2026-01-17 07:37:00,-59.769080389308954,IISC
2026-01-17 07:37:30,-60.161289693241045,IISC
2026-01-17 07:38:00,-61.2284417016895,IISC
2026-01-17 07:38:30,-60.42688773664402,IISC
2026-01-17 07:39:00,-62.031899595704715,IISC
2026-01-17 07:39:30,-65.16195831128243,IISC
2026-01-17 07:40:00,-53.33009945079477,IISC
2026-01-17 07:40:30,-52.00898450032915,IISC
2026-01-17 07:41:00,-50.56940288599574,IISC
2026-01-17 07:41:30,-50.917398731055485,IISC
2026-01-17 07:42:00,-52.043889858863785,IISC
2026-01-17 07:42:30,-50.81056719063965,IISC
2026-01-17 07:43:00,-50.03418739634528,IISC
2026-01-17 07:43:30,-49.72321236675131,IISC
2026-01-17 07:44:00,-47.66908488705812,IISC
2026-01-17 07:44:30,-48.908753993062156,IISC
2026-01-17 07:45:00,-50.66459931478079,IISC
2026-01-17 07:45:30,-50.80633623737356,IISC
2026-01-17 07:46:00,-49.72532785126512,IISC
2026-01-17 07:46:30,-47.48609619967387,IISC
2026-01-17 07:47:00,-47.28195273413804,IISC
2026-01-17 07:47:30,-50.6889272940906,IISC
2026-01-17 07:48:00,-47.05242356082682,IISC
2026-01-17 07:48:30,-46.79539320310719,IISC
2026-01-17 07:49:00,-50.14630763031391,IISC
2026-01-17 07:49:30,-50.10717131063242,IISC
2026-01-17 07:50:00,-49.33079152027842,IISC
2026-01-17 07:50:30,-49.5465701053258,IISC
2026-01-17 07:51:00,-50.69950467725582,IISC
2026-01-17 07:51:30,-49.74013617981566,IISC
2026-01-17 07:52:00,-47.970540269833194,IISC
2026-01-17 07:52:30,-46.58278782709879,IISC
2026-01-17 07:53:00,-46.933956889078296,IISC
2026-01-17 07:53:30,-45.160130021889366,IISC
2026-01-17 07:54:00,-45.11253180355646,IISC
2026-01-17 07:54:30,-46.70760092874645,IISC
2026-01-17 07:55:00,-48.97750697378512,IISC
2026-01-17 07:55:30,-47.09684856223997,IISC
2026-01-17 07:56:00,-47.67225810397788,IISC
2026-01-17 07:56:30,-48.201127183431126,IISC
2026-01-17 07:57:00,-50.32506537231284,IISC
2026-01-17 07:57:30,-48.73740042518945,IISC
2026-01-17 07:58:00,-46.97203545665192,IISC
2026-01-17 07:58:30,-49.142514123579836,IISC
2026-01-17 07:59:00,-48.612587315661024,IISC
2026-01-17 07:59:30,-48.566046837614834,IISC
2026-01-17 08:00:00,-49.06212603910686,IISC
2026-01-17 08:00:30,-48.98385341156501,IISC
2026-01-17 08:01:00,-46.79750866791908,IISC
2026-01-17 08:01:30,-48.31959385517965,IISC
2026-01-17 08:02:00,-50.046880252203145,IISC
2026-01-17 08:02:30,-50.27323620071385,IISC
2026-01-17 08:03:00,-49.41435282955192,IISC
2026-01-17 08:03:30,-50.675176697946,IISC
2026-01-17 08:04:00,-48.999719476461884,IISC
2026-01-17 08:04:30,-46.53095865944019,IISC
2026-01-17 08:05:00,-46.914917603321285,IISC
2026-01-17 08:05:30,-43.64227578789488,IISC
2026-01-17 08:06:00,-46.76154556515734,IISC
2026-01-17 08:06:30,-49.652343921216456,IISC
2026-01-17 08:07:00,-49.182708179607665,IISC
2026-01-17 08:07:30,-47.98534859838374,IISC
2026-01-17 08:08:00,-49.99610880906973,IISC
2026-01-17 08:08:30,-52.15177913956634,IISC
2026-01-17 08:09:00,-49.52753080774765,IISC
2026-01-17 08:09:30,-48.00333015567517,IISC
2026-01-17 08:10:00,-46.35854734734038,IISC
2026-01-17 08:10:30,-48.39469325398059,IISC
2026-01-17 08:11:00,-46.99424796326908,IISC
2026-01-17 08:11:30,-48.912984946328244,IISC
2026-01-17 08:12:00,-47.62042894025964,IISC
2026-01-17 08:12:30,-45.118878225574825,IISC
2026-01-17 08:13:00,-46.19142471303185,IISC
2026-01-17 08:13:30,-49.16684210683003,IISC
2026-01-17 08:14:00,-49.14145639511426,IISC
2026-01-17 08:14:30,-49.483105814215264,IISC
2026-01-17 08:15:00,-49.187996873160465,IISC
2026-01-17 08:15:30,-49.62907367431259,IISC
2026-01-17 08:16:00,-48.35767243457443,IISC
2026-01-17 08:16:30,-50.266889778695486,IISC
2026-01-17 08:17:00,-48.95952542831482,IISC
2026-01-17 08:17:30,-47.193102727371354,IISC
2026-01-17 08:18:00,-47.14233129999945,IISC
2026-01-17 08:18:30,-46.034879477650065,IISC
2026-01-17 08:19:00,-47.7314914497031,IISC
2026-01-17 08:19:30,-48.83788555146768,IISC
2026-01-17 08:20:00,-49.8067736799652,IISC
2026-01-17 08:20:30,-48.383058150230575,IISC
2026-01-17 08:21:00,-51.8143606816122,IISC
2026-01-17 08:21:30,-51.26010589438357,IISC
2026-01-17 08:22:00,-48.667589708120154,IISC
2026-01-17 08:22:30,-46.56903723489458,IISC
2026-01-17 08:23:00,-49.65340165756278,IISC
2026-01-17 08:23:30,-48.49835160505935,IISC
2026-01-17 08:24:00,-46.98367057222309,IISC
2026-01-17 08:24:30,-49.20915163555052,IISC
2026-01-17 08:25:00,-49.43444986347641,IISC
2026-01-17 08:25:30,-47.476576552854986,IISC
2026-01-17 08:26:00,-49.037798063737426,IISC
2026-01-17 08:26:30,-50.48266835980248,IISC
2026-01-17 08:27:00,-50.15582727713279,IISC
2026-01-17 08:27:30,-50.04476477162973,IISC
2026-01-17 08:28:00,-46.36277829666608,IISC
2026-01-17 08:28:30,-46.728755691136506,IISC
2026-01-17 08:29:00,-46.15546161027011,IISC
2026-01-17 08:29:30,-49.26203853955546,IISC
2026-01-17 08:30:00,-49.58887963010591,IISC
2026-01-17 08:30:30,-50.63180942893881,IISC
2026-01-17 08:31:00,-50.411799898506096,IISC
2026-01-17 08:31:30,-49.69782665897594,IISC
2026-01-17 08:32:00,-49.87446892040144,IISC
2026-01-17 08:32:30,-47.782262881015384,IISC
2026-01-17 08:33:00,-48.988084364831096,IISC
2026-01-17 08:33:30,-50.70585110715494,IISC
2026-01-17 08:34:00,-50.04159155470997,IISC
2026-01-17 08:34:30,-51.46213388328636,IISC
2026-01-17 08:35:00,-47.891209909885404,IISC
2026-01-17 08:35:30,-48.911927217862676,IISC
2026-01-17 08:36:00,-49.1975165081582,IISC
2026-01-17 08:36:30,-49.48733676748135,IISC
2026-01-17 08:37:00,-48.04881290131542,IISC
2026-01-17 08:37:30,-49.718981409544845,IISC
2026-01-17 08:38:00,-51.68531663063882,IISC
2026-01-17 08:38:30,-52.40880951698787,IISC
2026-01-17 08:39:00,-50.89624397260581,IISC
2026-01-17 08:39:30,-51.014710652235095,IISC
2026-01-17 08:40:00,-50.88355111674793,IISC
2026-01-17 08:40:30,-51.37011067142107,IISC
2026-01-17 08:41:00,-43.94743324049389,IISC
2026-01-17 08:41:30,-44.907727252804165,IISC
2026-01-17 08:42:00,-45.03505249157315,IISC
2026-01-17 08:42:30,-42.61349322993333,IISC
2026-01-17 08:43:00,-42.235087413691616,IISC
2026-01-17 08:43:30,-45.681198272638674,IISC
2026-01-17 08:44:00,-44.18066450382351,IISC
2026-01-17 08:44:30,-41.4842255348575,IISC
2026-01-17 08:45:00,-41.22005544350135,IISC
2026-01-17 08:45:30,-44.67568595173003,IISC
2026-01-17 08:46:00,-46.64268224720442,IISC
2026-01-17 08:46:30,-44.92438664015524,IISC
2026-01-17 08:47:00,-44.52099175396923,IISC
2026-01-17 08:47:30,-45.01720315526538,IISC
2026-01-17 08:48:00,-46.330913931604776,IISC
2026-01-17 08:48:30,-45.51579447220662,IISC
2026-01-17 08:49:00,-45.2278252642958,IISC
2026-01-17 08:49:30,-46.62602287758506,IISC
2026-01-17 08:50:00,-48.12298677293256,IISC
2026-01-17 08:50:30,-47.79455907884771,IISC
2026-01-17 08:51:00,-48.01708074393901,IISC
2026-01-17 08:51:30,-46.685520635724764,IISC
2026-01-17 08:52:00,-47.8552467992429,IISC
2026-01-17 08:52:30,-46.175029771588505,IISC
2026-01-17 08:53:00,-45.32897146643208,IISC
2026-01-17 08:53:30,-45.22068552622635,IISC
2026-01-17 08:54:00,-45.50984469195972,IISC
2026-01-17 08:54:30,-45.766875062978144,IISC
2026-01-17 08:55:00,-47.29120794391505,IISC
2026-01-17 08:55:30,-45.6252703702349,IISC
2026-01-17 08:56:00,-46.28344792883753,IISC
2026-01-17 08:56:30,-44.32028594042483,IISC
2026-01-17 08:57:00,-45.458412171983156,IISC
2026-01-17 08:57:30,-44.53289130067169,IISC
2026-01-17 08:58:00,-43.97440556017698,IISC
2026-01-17 08:58:30,-44.135181760646006,IISC
2026-01-17 08:59:00,-47.39724619290718,IISC
2026-01-17 08:59:30,-47.32320452257181,IISC
2026-01-17 09:00:00,-49.22924866159424,IISC
2026-01-17 09:00:30,-49.77821475921044,IISC
2026-01-17 09:01:00,-50.55353682503925,IISC
2026-01-17 09:01:30,-48.01284979855369,IISC
2026-01-17 09:02:00,-49.72638559155183,IISC
2026-01-17 09:02:30,-50.675176701886386,IISC
2026-01-17 09:03:00,-51.88311365839477,IISC
2026-01-17 09:03:30,-52.91229287290421,IISC
2026-01-17 09:04:00,-52.62247262540222,IISC
2026-01-17 09:04:30,-51.596466623872146,IISC
2026-01-17 09:05:00,-49.46300878817154,IISC
2026-01-17 09:05:30,-47.977944436078666,IISC
2026-01-17 09:06:00,-47.22695034955966,IISC
2026-01-17 09:06:30,-49.955914764863046,IISC
2026-01-17 09:07:00,-51.3679951790265,IISC
2026-01-17 09:07:30,-54.07686257616692,IISC
2026-01-17 09:08:00,-54.37620246654742,IISC
2026-01-17 09:08:30,-55.7681858664883,IISC
2026-01-17 09:09:00,-54.89237867438126,IISC
2026-01-17 09:09:30,-54.580345928142876,IISC
2026-01-17 09:10:00,-52.369673201246755,IISC
2026-01-17 09:10:30,-50.79787431507985,IISC
2026-01-17 09:11:00,-50.607481457509756,IISC
2026-01-17 09:11:30,-53.394621462490115,IISC
2026-01-17 09:12:00,-52.457465471667106,IISC
2026-01-17 09:12:30,-49.90197012451177,IISC
2026-01-17 09:13:00,-47.8668819305756,IISC
2026-01-17 09:13:30,-47.22695035744042,IISC
2026-01-17 09:14:00,-47.19627594035072,IISC
2026-01-17 09:14:30,-48.308619816451625,IISC
2026-01-17 09:15:00,-51.6789702007397,IISC
2026-01-17 09:15:30,-52.75257442060267,IISC
2026-01-17 09:16:00,-52.7969994062543,IISC
2026-01-17 09:16:30,-50.78610698049522,IISC
2026-01-17 09:17:00,-52.44490483383762,IISC
2026-01-17 09:17:30,-50.90629247676182,IISC
2026-01-17 09:18:00,-46.98895928202997,IISC
2026-01-17 09:18:30,-49.556883045538584,IISC
2026-01-17 09:19:00,-51.270418843462195,IISC
2026-01-17 09:19:30,-51.716652118168554,IISC
2026-01-17 09:20:00,-49.62233058835812,IISC
2026-01-17 09:20:30,-49.64017992909881,IISC
2026-01-17 09:21:00,-49.91981944998349,IISC
2026-01-17 09:21:30,-53.50991493061768,IISC
2026-01-17 09:22:00,-50.655211894856144,IISC
2026-01-17 09:22:30,-48.733433907980135,IISC
2026-01-17 09:23:00,-52.090298107553,IISC
2026-01-17 09:23:30,-51.00505878541764,IISC
2026-01-17 09:24:00,-48.633477650367624,IISC
2026-01-17 09:24:30,-48.8928879148665,IISC
2026-01-17 09:25:00,-49.44383728734143,IISC
2026-01-17 09:25:30,-51.394174204330604,IISC
2026-01-17 09:26:00,-56.95496805666624,IISC
2026-01-17 09:26:30,-56.03156265804745,IISC
2026-01-17 09:27:00,-55.69837513759786,IISC
2026-01-17 09:27:30,-55.40855489403625,IISC
2026-01-17 09:28:00,-54.715736405074985,IISC
2026-01-17 09:28:30,-56.36051921735017,IISC
2026-01-17 09:29:00,-55.31864714698285,IISC
2026-01-17 09:29:30,-57.66682582744412,IISC
2026-01-17 09:30:00,-53.59559172095715,IISC
2026-01-17 09:30:30,-50.03524511939282,IISC
2026-01-17 09:31:00,-50.0673739185407,IISC
2026-01-17 09:31:30,-50.941991153810285,IISC
2026-01-17 09:32:00,-52.72216443464427,IISC
2026-01-17 09:32:30,-54.07990356619243,IISC
2026-01-17 09:33:00,-53.96804775251904,IISC
2026-01-17 09:33:30,-53.92520935956577,IISC
2026-01-17 09:34:00,-52.7554831916147,IISC
2026-01-17 09:34:30,-49.31770200196207,IISC
2026-01-17 09:35:00,-47.70531241947352,IISC
2026-01-17 09:35:30,-51.00743869662981,IISC
2026-01-17 09:36:00,-56.0576094554722,IISC
2026-01-17 09:36:30,-53.79656196366266,IISC
2026-01-17 09:37:00,-54.2714863870031,IISC
2026-01-17 09:37:30,-57.52297344003945,IISC
2026-01-17 09:38:00,-58.82610683321364,IISC
2026-01-17 09:38:30,-61.26948194640036,IISC
2026-01-17 09:39:00,-59.97692592457023,IISC
2026-01-17 09:39:30,-59.96529080899907,IISC
2026-01-17 09:40:00,-58.03597644277468,IISC
2026-01-17 09:40:30,-54.142442328148974,IISC
2026-01-17 09:41:00,-55.07219415666691,IISC
2026-01-17 09:41:30,-57.43200795269935,IISC
2026-01-17 09:42:00,-58.1375192935781,IISC
2026-01-17 09:42:30,-58.433685986740755,IISC
2026-01-17 09:43:00,-59.74739675913978,IISC
2026-01-17 09:43:30,-56.22512873647767,IISC
2026-01-17 09:44:00,-57.57480261163845,IISC
2026-01-17 09:44:30,-55.97444480077641,IISC
2026-01-17 09:45:00,-58.36916396322426,IISC
2026-01-17 09:45:30,-59.18256458086518,IISC
2026-01-17 09:46:00,-60.83898252053268,IISC
2026-01-17 09:46:30,-60.88869620761787,IISC
2026-01-17 09:47:00,-60.66339798363234,IISC
2026-01-17 09:47:30,-58.108960372823354,IISC
2026-01-17 09:48:00,-58.57436516116604,IISC
2026-01-17 09:48:30,-58.89591754634255,IISC
2026-01-17 09:49:00,-58.122710968967944,IISC
2026-01-17 09:49:30,-57.255365687333466,IISC
2026-01-17 09:50:00,-57.9894359607881,IISC
2026-01-17 09:50:30,-61.41333432592425,IISC
2026-01-17 09:51:00,-60.84638669071852,IISC
2026-01-17 09:51:30,-58.39349193465331,IISC
2026-01-17 09:52:00,-58.412531216469944,IISC
2026-01-17 09:52:30,-62.37799151297683,IISC
2026-01-17 09:53:00,-63.21148916848262,IISC
2026-01-17 09:53:30,-62.16644389301668,IISC
2026-01-17 09:54:00,-63.38390047664203,IISC
2026-01-17 09:54:30,-63.15860226841806,IISC
2026-01-17 09:55:00,-60.34396105932736,IISC
2026-01-17 09:55:30,-62.20981115414312,IISC
2026-01-17 09:56:00,-63.31324358310489,IISC
2026-01-17 09:56:30,-66.88120588724941,IISC
2026-01-17 09:57:00,-67.11824499965265,IISC
2026-01-17 09:57:30,-64.39277111744445,IISC
2026-01-17 09:58:00,-63.93582825336564,IISC
2026-01-17 09:58:30,-62.73349731289012,IISC
2026-01-17 09:59:00,-63.291348405272416,IISC
2026-01-17 09:59:30,-62.127096019367265,IISC
2026-01-17 10:00:00,-64.99536454593515,IISC
2026-01-17 10:00:30,-64.02245700907658,IISC
2026-01-17 10:01:00,-63.02860624645818,IISC
2026-01-17 10:01:30,-62.01857210000922,IISC
2026-01-17 10:02:00,-61.45024939297385,IISC
2026-01-17 10:02:30,-61.106590261811576,IISC
2026-01-17 10:03:00,-63.17806465107782,IISC
2026-01-17 10:03:30,-67.3743234123923,IISC
2026-01-17 10:04:00,-66.09869121544766,IISC
2026-01-17 10:04:30,-65.26572242417467,IISC
2026-01-17 10:05:00,-63.870142709229164,IISC
2026-01-17 10:05:30,-63.887278066410474,IISC
2026-01-17 10:06:00,-63.99770593246997,IISC
2026-01-17 10:06:30,-67.0817530283237,IISC
2026-01-17 10:07:00,-65.48456845014294,IISC
2026-01-17 10:07:30,-61.748637319066496,IISC
2026-01-17 10:08:00,-59.40363185552499,IISC
2026-01-17 10:08:30,-61.97076233007264,IISC
2026-01-17 10:09:00,-63.185045716480154,IISC
2026-01-17 10:09:30,-61.69575040718079,IISC
2026-01-17 10:10:00,-61.3689093245111,IISC
2026-01-17 10:10:30,-59.591909256163945,IISC
2026-01-17 10:11:00,-61.76556112819047,IISC
2026-01-17 10:11:30,-65.2560970052973,IISC
2026-01-17 10:12:00,-67.98400366849282,IISC
2026-01-17 10:12:30,-67.60004473249249,IISC
2026-01-17 10:13:00,-63.96671420432732,IISC
2026-01-17 10:13:30,-66.08155584762733,IISC
2026-01-17 10:14:00,-65.7883508359363,IISC
2026-01-17 10:14:30,-65.54274404139606,IISC
2026-01-17 10:15:00,-64.10908576478751,IISC
2026-01-17 10:15:30,-62.75348855820651,IISC
2026-01-17 10:16:00,-65.39233367761109,IISC
2026-01-17 10:16:30,-65.75503209137807,IISC
2026-01-17 10:17:00,-66.53849872234517,IISC
2026-01-17 10:17:30,-67.40954608237392,IISC
2026-01-17 10:18:00,-65.1019845576015,IISC
2026-01-17 10:18:30,-66.20816710106375,IISC
2026-01-17 10:19:00,-64.16810755575673,IISC
2026-01-17 10:19:30,-66.51469961554295,IISC
2026-01-17 10:20:00,-64.82591490309179,IISC
2026-01-17 10:20:30,-68.3577025603576,IISC
2026-01-17 10:21:00,-66.24910157568631,IISC
2026-01-17 10:21:30,-66.66320604681184,IISC
2026-01-17 10:22:00,-65.41422885544358,IISC
2026-01-17 10:22:30,-64.7535656093344,IISC
2026-01-17 10:23:00,-62.96863248923093,IISC
2026-01-17 10:23:30,-64.39181916891813,IISC
2026-01-17 10:24:00,-69.05263652437574,IISC
2026-01-17 10:24:30,-69.49434797088202,IISC
2026-01-17 10:25:00,-69.42104671086658,IISC
2026-01-17 10:25:30,-69.7761294087546,IISC
2026-01-17 10:26:00,-70.4301289087892,IISC
2026-01-17 10:26:30,-69.30776296376466,IISC
2026-01-17 10:27:00,-65.88735512463103,IISC
2026-01-17 10:27:30,-66.96497873709353,IISC
2026-01-17 10:28:00,-70.19784960639812,IISC
2026-01-17 10:28:30,-71.09650393471493,IISC
2026-01-17 10:29:00,-69.95319477811593,IISC
2026-01-17 10:29:30,-68.92888115907441,IISC
2026-01-17 10:30:00,-69.06025223670835,IISC
2026-01-17 10:30:30,-64.87531127045519,IISC
2026-01-17 10:31:00,-57.08692088850258,IISC
2026-01-17 10:31:30,-57.55576333523984,IISC
2026-01-17 10:32:00,-60.81981101083671,IISC
2026-01-17 10:32:30,-61.408838944974704,IISC
2026-01-17 10:33:00,-64.43846542256915,IISC
2026-01-17 10:33:30,-68.89365848672855,IISC
2026-01-17 10:34:00,-69.58965016896728,IISC
2026-01-17 10:34:30,-67.5397536583017,IISC
2026-01-17 10:35:00,-63.12475464228935,IISC
2026-01-17 10:35:30,-65.57249293465131,IISC
2026-01-17 10:36:00,-67.59779703487577,IISC
2026-01-17 10:36:30,-67.54543899264087,IISC
2026-01-17 10:37:00,-68.82583101644278,IISC
2026-01-17 10:37:30,-61.88601106543932,IISC
2026-01-17 10:38:00,-65.42110415509202,IISC
2026-01-17 10:38:30,-65.64005595311879,IISC
2026-01-17 10:39:00,-67.72380009385343,IISC
2026-01-17 10:39:30,-66.32229705891481,IISC
2026-01-17 10:40:00,-64.45856244861287,IISC
2026-01-17 10:40:30,-65.22753807272142,IISC
2026-01-17 10:41:00,-62.9015718949369,IISC
2026-01-17 10:41:30,-61.75286827627297,IISC
2026-01-17 10:42:00,-63.30457013639615,IISC
2026-01-17 10:42:30,-63.09936892269283,IISC
2026-01-17 10:43:00,-61.98345518987089,IISC
2026-01-17 10:43:30,-63.80382252722526,IISC
2026-01-17 10:44:00,-65.49303034485396,IISC
2026-01-17 10:44:30,-68.28651678367385,IISC
2026-01-17 10:45:00,-67.23829828340739,IISC
2026-01-17 10:45:30,-66.35508693293565,IISC
2026-01-17 10:46:00,-66.0544248686744,IISC
2026-01-17 10:46:30,-62.61205385500501,IISC
2026-01-17 10:47:00,-68.01904124407076,IISC
2026-01-17 10:47:30,-67.78343008282776,IISC
2026-01-17 10:48:00,-67.23010081687237,IISC
2026-01-17 10:48:30,-66.69938070964909,IISC
2026-01-17 10:49:00,-58.87542387409444,IISC
2026-01-17 10:49:30,-59.3252270178355,IISC
2026-01-17 10:50:00,-63.619776093151174,IISC
2026-01-17 10:50:30,-66.41855121616544,IISC
2026-01-17 10:51:00,-63.981522544699,IISC
2026-01-17 10:51:30,-62.28279508813216,IISC
2026-01-17 10:52:00,-62.84022308439977,IISC
2026-01-17 10:52:30,-61.70103910861436,IISC
2026-01-17 10:53:00,-63.74035823217433,IISC
2026-01-17 10:53:30,-64.42577256671127,IISC
2026-01-17 10:54:00,-62.985133216031535,IISC
2026-01-17 10:54:30,-64.79902191038386,IISC
2026-01-17 10:55:00,-64.51819243167662,IISC
2026-01-17 10:55:30,-63.37107541359182,IISC
2026-01-17 10:56:00,-61.92884944952673,IISC
2026-01-17 10:56:30,-61.18393737310417,IISC
2026-01-17 10:57:00,-58.20666892986386,IISC
2026-01-17 10:57:30,-63.077156429867024,IISC
2026-01-17 10:58:00,-60.79339400480414,IISC
2026-01-17 10:58:30,-63.46460590960159,IISC
2026-01-17 10:59:00,-64.47559202230859,IISC
2026-01-17 10:59:30,-67.86744093044248,IISC
2026-01-17 11:00:00,-66.62512749224148,IISC
2026-01-17 11:00:30,-63.621680015914805,IISC
2026-01-17 11:01:00,-64.36611612959982,IISC
2026-01-17 11:01:30,-65.16481420296387,IISC
2026-01-17 11:02:00,-66.34810587147372,IISC
2026-01-17 11:02:30,-68.00737969730612,IISC
2026-01-17 11:03:00,-65.53417636280543,IISC
2026-01-17 11:03:30,-65.92924156196528,IISC
2026-01-17 11:04:00,-64.40133882085952,IISC
2026-01-17 11:04:30,-65.67316315277198,IISC
2026-01-17 11:05:00,-67.58851538070499,IISC
2026-01-17 11:05:30,-67.69323145985527,IISC
2026-01-17 11:06:00,-66.94308356635374,IISC
2026-01-17 11:06:30,-64.19666647966378,IISC
2026-01-17 11:07:00,-62.047131020369946,IISC
2026-01-17 11:07:30,-63.99389807807684,IISC
2026-01-17 11:08:00,-63.896797718351856,IISC
2026-01-17 11:08:30,-67.73702181552025,IISC
2026-01-17 11:09:00,-66.7536426640086,IISC
2026-01-17 11:09:30,-65.84927655232893,IISC
2026-01-17 11:10:00,-64.60315525618844,IISC
2026-01-17 11:10:30,-62.553576044754664,IISC
2026-01-17 11:11:00,-59.6434210950379,IISC
2026-01-17 11:11:30,-59.87570039033629,IISC
2026-01-17 11:12:00,-62.62021355514919,IISC
2026-01-17 11:12:30,-67.59041930258205,IISC
2026-01-17 11:13:00,-69.41247903582226,IISC
2026-01-17 11:13:30,-67.30483001386267,IISC
2026-01-17 11:14:00,-64.94871830213508,IISC
2026-01-17 11:14:30,-58.320507992783504,IISC
2026-01-17 11:15:00,-57.39921807473812,IISC
2026-01-17 11:15:30,-60.45502356877081,IISC
2026-01-17 11:16:00,-66.3804726497739,IISC
2026-01-17 11:16:30,-63.605496639176906,IISC
2026-01-17 11:17:00,-64.70596739927628,IISC
2026-01-17 11:17:30,-58.35541335447044,IISC
2026-01-17 11:18:00,-62.36223122053248,IISC
2026-01-17 11:18:30,-62.98862374518635,IISC
2026-01-17 11:19:00,-66.77553784538743,IISC
2026-01-17 11:19:30,-64.56539400479022,IISC
2026-01-17 11:20:00,-64.8710803171891,IISC
2026-01-17 11:20:30,-65.63265177899255,IISC
2026-01-17 11:21:00,-67.86744093398883,IISC
2026-01-17 11:21:30,-65.03344312532992,IISC
2026-01-17 11:22:00,-64.58316399668665,IISC
2026-01-17 11:22:30,-64.29091094416098,IISC
2026-01-17 11:23:00,-64.12241326757568,IISC
2026-01-17 11:23:30,-65.50371350283594,IISC
2026-01-17 11:24:00,-64.51938239215892,IISC
2026-01-17 11:24:30,-68.80417382751504,IISC
2026-01-17 11:25:00,-64.2147537995568,IISC
2026-01-17 11:25:30,-66.21292692526126,IISC
2026-01-17 11:26:00,-65.6303247669114,IISC
2026-01-17 11:26:30,-64.2052341547081,IISC
2026-01-17 11:27:00,-64.22236951543576,IISC
2026-01-17 11:27:30,-67.02780839664126,IISC
2026-01-17 11:28:00,-68.72896864562254,IISC
2026-01-17 11:28:30,-68.9203134840301,IISC
2026-01-17 11:29:00,-67.42953734896837,IISC
2026-01-17 11:29:30,-65.92638567028385,IISC
2026-01-17 11:30:00,-63.90346146442643,IISC
2026-01-17 11:30:30,-65.62270904393975,IISC
2026-01-17 11:31:00,-67.46476002249635,IISC
2026-01-17 11:31:30,-65.95208869541678,IISC
2026-01-17 11:32:00,-64.56602863950533,IISC
2026-01-17 11:32:30,-62.89437927359647,IISC
2026-01-17 11:33:00,-63.05050142074433,IISC
2026-01-17 11:33:30,-63.207575544789265,IISC
2026-01-17 11:34:00,-63.224710898424235,IISC
2026-01-17 11:34:30,-65.58463047518399,IISC
2026-01-17 11:35:00,-65.36091885138356,IISC
2026-01-17 11:35:30,-70.29114211527632,IISC
2026-01-17 11:36:00,-69.69045262284806,IISC
2026-01-17 11:36:30,-67.10396553769911,IISC
2026-01-17 11:37:00,-69.1916233143423,IISC
2026-01-17 11:37:30,-65.093205336076,IISC
2026-01-17 11:38:00,-63.724492167277454,IISC
2026-01-17 11:38:30,-64.35384637300893,IISC
2026-01-17 11:39:00,-65.57659166988901,IISC
2026-01-17 11:39:30,-64.11479755287883,IISC
2026-01-17 11:40:00,-62.272217697086184,IISC
2026-01-17 11:40:30,-62.24577424114333,IISC
2026-01-17 11:41:00,-63.07186774222479,IISC
2026-01-17 11:41:30,-61.86393077389528,IISC
2026-01-17 11:42:00,-61.151015274651826,IISC
2026-01-17 11:42:30,-64.63520471003838,IISC
2026-01-17 11:43:00,-65.05829996572021,IISC
2026-01-17 11:43:30,-62.72175640871087,IISC
2026-01-17 11:44:00,-61.74969505147245,IISC
2026-01-17 11:44:30,-61.41862301947705,IISC
2026-01-17 11:45:00,-63.103599875958906,IISC
2026-01-17 11:45:30,-64.02594754217176,IISC
2026-01-17 11:46:00,-64.18143504908798,IISC
2026-01-17 11:46:30,-64.76001781168604,IISC
2026-01-17 11:47:00,-62.13788496832155,IISC
2026-01-17 11:47:30,-63.4875588237804,IISC
2026-01-17 11:48:00,-63.67054753480696,IISC
2026-01-17 11:48:30,-61.216595038455026,IISC
2026-01-17 11:49:00,-62.09345995508724,IISC
2026-01-17 11:49:30,-64.22480231415481,IISC
2026-01-17 11:50:00,-63.53621479028079,IISC
2026-01-17 11:50:30,-63.55631180844375,IISC
2026-01-17 11:51:00,-63.27495345565277,IISC
2026-01-17 11:51:30,-62.32827782195126,IISC
2026-01-17 11:52:00,-64.04287134735536,IISC
2026-01-17 11:52:30,-60.640127748549645,IISC
2026-01-17 11:53:00,-58.43580145549304,IISC
2026-01-17 11:53:30,-60.27520808648517,IISC
2026-01-17 11:54:00,-64.19730112186562,IISC
2026-01-17 11:54:30,-65.81035179646629,IISC
2026-01-17 11:55:00,-60.69618786159357,IISC
2026-01-17 11:55:30,-61.159477181184,IISC
2026-01-17 11:56:00,-62.6815623605638,IISC
2026-01-17 11:56:30,-62.77147009973643,IISC
2026-01-17 11:57:00,-61.8195057764225,IISC
2026-01-17 11:57:30,-59.551715192255365,IISC
2026-01-17 11:58:00,-60.20751285392968,IISC
2026-01-17 11:58:30,-59.822496157940726,IISC
2026-01-17 11:59:00,-62.43193616908963,IISC
2026-01-17 11:59:30,-63.4589998951449,IISC
2026-01-17 12:00:00,-64.68280292837129,IISC
2026-01-17 12:00:30,-64.43000351997736,IISC
2026-01-17 12:01:00,-64.8573297249849,IISC
2026-01-17 12:01:30,-59.76537830461008,IISC
2026-01-17 12:02:00,-61.54026290026458,IISC
2026-01-17 12:02:30,-61.568821840721235,IISC
2026-01-17 12:03:00,-58.94245802832913,IISC
2026-01-17 12:03:30,-56.43958513631572,IISC
2026-01-17 12:04:00,-57.96867784854283,IISC
2026-01-17 12:04:30,-56.96673538780306,IISC
2026-01-17 12:05:00,-56.35509830823173,IISC
2026-01-17 12:05:30,-56.751353465214144,IISC
2026-01-17 12:06:00,-57.2618443293504,IISC
2026-01-17 12:06:30,-61.005047410614125,IISC
2026-01-17 12:07:00,-60.80196168536499,IISC
2026-01-17 12:07:30,-59.76960925393579,IISC
2026-01-17 12:08:00,-61.22717241767987,IISC
2026-01-17 12:08:30,-62.940708202797246,IISC
2026-01-17 12:09:00,-63.849305276805886,IISC
2026-01-17 12:09:30,-62.2457742490241,IISC
2026-01-17 12:10:00,-63.69064455296991,IISC
2026-01-17 12:10:30,-61.304387293113855,IISC
2026-01-17 12:11:00,-62.663580811153125,IISC
2026-01-17 12:11:30,-60.37146225161655,IISC
2026-01-17 12:12:00,-56.885818419887926,IISC
2026-01-17 12:12:30,-56.01953089380914,IISC
2026-01-17 12:13:00,-56.6823360400611,IISC
2026-01-17 12:13:30,-55.91005499134793,IISC
2026-01-17 12:14:00,-57.96629793289773,IISC
2026-01-17 12:14:30,-53.993036826896265,IISC
2026-01-17 12:15:00,-56.39912665900756,IISC
2026-01-17 12:15:30,-55.29365808491932,IISC
2026-01-17 12:16:00,-54.23935759524344,IISC
2026-01-17 12:16:30,-53.1707776382945,IISC
2026-01-17 12:17:00,-58.782607345685506,IISC
2026-01-17 12:17:30,-57.84730239445368,IISC
2026-01-17 12:18:00,-58.08410352681801,IISC
2026-01-17 12:18:30,-54.9878395362678,IISC
2026-01-17 12:19:00,-55.56020808748765,IISC
2026-01-17 12:19:30,-55.22226076628583,IISC
2026-01-17 12:20:00,-55.82556815439808,IISC
2026-01-17 12:20:30,-54.489248223759475,IISC
2026-01-17 12:21:00,-55.43883265113021,IISC
2026-01-17 12:21:30,-57.145228697685596,IISC
2026-01-17 12:22:00,-55.68753333068957,IISC
2026-01-17 12:22:30,-54.65227212627814,IISC
2026-01-17 12:23:00,-56.49194317855061,IISC
2026-01-17 12:23:30,-54.74746855703338,IISC
2026-01-17 12:24:00,-55.901725295455925,IISC
2026-01-17 12:24:30,-56.94174633559049,IISC
2026-01-17 12:25:00,-60.41694499725679,IISC
2026-01-17 12:25:30,-60.82628965679404,IISC
2026-01-17 12:26:00,-58.26339013551247,IISC
2026-01-17 12:26:30,-56.15849123238777,IISC
2026-01-17 12:27:00,-55.157870954394596,IISC
2026-01-17 12:27:30,-58.61984789104477,IISC
2026-01-17 12:28:00,-60.335499168556716,IISC
2026-01-17 12:28:30,-57.22786449898466,IISC
2026-01-17 12:29:00,-58.59446218326939,IISC
2026-01-17 12:29:30,-58.77216218104123,IISC
2026-01-17 12:30:00,-56.12781683105958,IISC
2026-01-17 12:30:30,-56.98564245799442,IISC
2026-01-17 12:31:00,-58.735141349813915,IISC
2026-01-17 12:31:30,-60.343961067208134,IISC
2026-01-17 12:32:00,-56.76986388476817,IISC
2026-01-17 12:32:30,-59.42584435820174,IISC
2026-01-17 12:33:00,-58.902263976241684,IISC
2026-01-17 12:33:30,-59.80874556573652,IISC
2026-01-17 12:34:00,-58.327912159028955,IISC
2026-01-17 12:34:30,-58.64311813006787,IISC
2026-01-17 12:35:00,-58.08357465716722,IISC
2026-01-17 12:35:30,-54.955842965491804,IISC
2026-01-17 12:36:00,-50.96499694938839,IISC
2026-01-17 12:36:30,-50.14101893676111,IISC
2026-01-17 12:37:00,-55.95857872799878,IISC
2026-01-17 12:37:30,-56.68828582917386,IISC
2026-01-17 12:38:00,-62.94388141528407,IISC
2026-01-17 12:38:30,-62.37627268648856,IISC
2026-01-17 12:39:00,-60.63417797618351,IISC
2026-01-17 12:39:30,-58.98965959898,IISC
2026-01-17 12:40:00,-55.90529515562479,IISC
2026-01-17 12:40:30,-57.97819748895861,IISC
2026-01-17 12:41:00,-55.88149605236891,IISC
2026-01-17 12:41:30,-54.25839687607497,IISC
2026-01-17 12:42:00,-50.24195738537128,IISC
2026-01-17 12:42:30,-48.23875244105688,IISC
2026-01-17 12:43:00,-46.62721282400865,IISC
2026-01-17 12:43:30,-47.20111132226691,IISC
2026-01-17 12:44:00,-46.48441818420854,IISC
2026-01-17 12:44:30,-43.58228692071129,IISC
2026-01-17 12:45:00,-47.41190341513958,IISC
2026-01-17 12:45:30,-51.09056557924936,IISC
2026-01-17 12:46:00,-55.60287649279902,IISC
2026-01-17 12:46:30,-53.515354724507695,IISC
2026-01-17 12:47:00,-51.99901154074781,IISC
2026-01-17 12:47:30,-50.91377219518126,IISC
2026-01-17 12:48:00,-48.67257617777841,IISC
2026-01-17 12:48:30,-51.654944430125816,IISC
2026-01-17 12:49:00,-49.55518311085829,IISC
2026-01-17 12:49:30,-46.619053138556474,IISC
2026-01-17 12:50:00,-48.90784736753728,IISC
2026-01-17 12:50:30,-50.96545027228324,IISC
2026-01-17 12:51:00,-51.80997863103453,IISC
2026-01-17 12:51:30,-50.64314234482062,IISC
2026-01-17 12:52:00,-45.15960115174601,IISC
2026-01-17 12:52:30,-43.027201060272496,IISC
2026-01-17 12:53:00,-47.13447383112396,IISC
2026-01-17 12:53:30,-50.8743336842541,IISC
2026-01-17 12:54:00,-46.17978960140107,IISC
2026-01-17 12:54:30,-46.98419944630683,IISC
2026-01-17 12:55:00,-47.35705215264088,IISC
2026-01-17 12:55:30,-45.66890205953735,IISC
2026-01-17 12:56:00,-46.206761913695935,IISC
2026-01-17 12:56:30,-47.451341941265355,IISC
2026-01-17 12:57:00,-49.689818065206204,IISC
2026-01-17 12:57:30,-51.47815104605771,IISC
2026-01-17 12:58:00,-48.92620668218043,IISC
2026-01-17 12:58:30,-54.87394381389688,IISC
2026-01-17 12:59:00,-50.957290566566236,IISC
2026-01-17 12:59:30,-49.48854559945051,IISC
2026-01-17 13:00:00,-44.44585456915997,IISC
2026-01-17 13:00:30,-44.743683404802596,IISC
2026-01-17 13:01:00,-48.72017439948878,IISC
2026-01-17 13:01:30,-46.54289597470069,IISC
2026-01-17 13:02:00,-46.925041654585065,IISC
2026-01-17 13:02:30,-48.14083610924034,IISC
2026-01-17 13:03:00,-50.0284453787718,IISC
2026-01-17 13:03:30,-48.26867131473466,IISC
2026-01-17 13:04:00,-50.12687168554626,IISC
2026-01-17 13:04:30,-47.819548144359075,IISC
2026-01-17 13:05:00,-45.99177663928162,IISC
2026-01-17 13:05:30,-46.822365514909514,IISC
2026-01-17 13:06:00,-38.92053271525658,IISC
2026-01-17 13:06:30,-47.243609732970356,IISC
2026-01-17 13:07:00,-44.9862643228059,IISC
2026-01-17 13:07:30,-44.50671228226325,IISC
2026-01-17 13:08:00,-46.413020852909526,IISC
2026-01-17 13:08:30,-46.19882888814317,IISC
2026-01-17 13:09:00,-46.65696171447746,IISC
2026-01-17 13:09:30,-48.87860846532517,IISC
2026-01-17 13:10:00,-45.44201724679388,IISC
2026-01-17 13:10:30,-45.55506300055809,IISC
2026-01-17 13:11:00,-48.34074862003244,IISC
2026-01-17 13:11:30,-48.14321602488545,IISC
2026-01-17 13:12:00,-48.46926379445933,IISC
2026-01-17 13:12:30,-49.191566747613216,IISC
2026-01-17 13:13:00,-47.89451533646024,IISC
2026-01-17 13:13:30,-46.23690744980624,IISC
2026-01-17 13:14:00,-45.36705005025979,IISC
2026-01-17 13:14:30,-47.449472015143506,IISC
2026-01-17 13:15:00,-48.07538857085373,IISC
2026-01-17 13:15:30,-47.493500361486404,IISC
2026-01-17 13:16:00,-45.85017194210544,IISC
2026-01-17 13:16:30,-47.73030148498488,IISC
2026-01-17 13:17:00,-45.841842259512234,IISC
2026-01-17 13:17:30,-41.540153446127135,IISC
2026-01-17 13:18:00,-43.83319751560833,IISC
2026-01-17 13:18:30,-47.611305946540824,IISC
2026-01-17 13:19:00,-44.25920155609353,IISC
2026-01-17 13:19:30,-46.749608247645185,IISC
2026-01-17 13:20:00,-43.38917415054021,IISC
2026-01-17 13:20:30,-43.34837568274963,IISC
2026-01-17 13:21:00,-43.10902465279777,IISC
2026-01-17 13:21:30,-42.47392845032056,IISC
2026-01-17 13:22:00,-45.92683907711949,IISC
2026-01-17 13:22:30,-44.48665303695054,IISC
2026-01-17 13:23:00,-42.52424656549293,IISC
2026-01-17 13:23:30,-42.288975390932684,IISC
2026-01-17 13:24:00,-43.33069633978323,IISC
2026-01-17 13:24:30,-45.02927270466762,IISC
2026-01-17 13:25:00,-44.58320941190368,IISC
2026-01-17 13:25:30,-39.938983432401876,IISC
2026-01-17 13:26:00,-41.831692523072675,IISC
2026-01-17 13:26:30,-42.3731222329672,IISC
2026-01-17 13:27:00,-39.07337588032187,IISC
2026-01-17 13:27:30,-38.1057721334344,IISC
2026-01-17 13:28:00,-37.62027031961088,IISC
2026-01-17 13:28:30,-40.71143450295382,IISC
2026-01-17 13:29:00,-45.128548973082744,IISC
2026-01-17 13:29:30,-44.5641701323387,IISC
2026-01-17 13:30:00,-44.22962267416471,IISC
2026-01-17 13:30:30,-43.930433881658686,IISC
2026-01-17 13:31:00,-39.503799738816944,IISC
2026-01-17 13:31:30,-41.116699312728585,IISC
2026-01-17 13:32:00,-43.28717797853067,IISC
2026-01-17 13:32:30,-40.70191485050583,IISC
2026-01-17 13:33:00,-36.39495624290483,IISC
2026-01-17 13:33:30,-34.54270564410755,IISC
2026-01-17 13:34:00,-30.945187116889258,IISC
2026-01-17 13:34:30,-30.818258542548932,IISC
2026-01-17 13:35:00,-29.612437050852453,IISC
2026-01-17 13:35:30,-31.018171048908112,IISC
2026-01-17 13:36:00,-36.206376640324876,IISC
2026-01-17 13:36:30,-35.84281693287217,IISC
2026-01-17 13:37:00,-33.08756016456662,IISC
2026-01-17 13:37:30,-35.45251154727079,IISC
2026-01-17 13:38:00,-32.37902672209285,IISC
2026-01-17 13:38:30,-32.441584373042815,IISC
2026-01-17 13:39:00,-34.081682917037824,IISC
2026-01-17 13:39:30,-37.69234762300885,IISC
2026-01-17 13:40:00,-35.72858120988643,IISC
2026-01-17 13:40:30,-31.90848435777374,IISC
2026-01-17 13:41:00,-29.010432954734295,IISC
2026-01-17 13:41:30,-28.84451915971278,IISC
2026-01-17 13:42:00,-35.75170033977681,IISC
2026-01-17 13:42:30,-37.86098130642614,IISC
2026-01-17 13:43:00,-36.00465087250207,IISC
2026-01-17 13:43:30,-33.343230590753876,IISC
2026-01-17 13:44:00,-30.585253939118736,IISC
2026-01-17 13:44:30,-31.787448891000615,IISC
2026-01-17 13:45:00,-35.66738349553506,IISC
2026-01-17 13:45:30,-35.43619216623401,IISC
2026-01-17 13:46:00,-32.935245872318504,IISC
2026-01-17 13:46:30,-35.164202348877566,IISC
2026-01-17 13:47:00,-34.39039135185944,IISC
2026-01-17 13:47:30,-29.888960032422567,IISC
2026-01-17 13:48:00,-29.08387018966464,IISC
2026-01-17 13:48:30,-34.06400357407143,IISC
2026-01-17 13:49:00,-34.67326075826248,IISC
2026-01-17 13:49:30,-39.55275791232452,IISC
2026-01-17 13:50:00,-38.32472392189165,IISC
2026-01-17 13:50:30,-37.07629070516282,IISC
2026-01-17 13:51:00,-39.139333401898966,IISC
2026-01-17 13:51:30,-39.02917753430484,IISC
2026-01-17 13:52:00,-37.06133127592324,IISC
2026-01-17 13:52:30,-36.88045804659594,IISC
2026-01-17 13:53:00,-33.18190663431447,IISC
2026-01-17 13:53:30,-29.290752445184822,IISC
2026-01-17 13:54:00,-30.736548269418773,IISC
2026-01-17 13:54:30,-32.05025904575818,IISC
2026-01-17 13:55:00,-34.75026786159427,IISC
2026-01-17 13:55:30,-30.86625341053407,IISC
2026-01-17 13:56:00,-29.977356712424378,IISC
2026-01-17 13:56:30,-31.035227066702056,IISC
2026-01-17 13:57:00,-33.59839102551804,IISC
2026-01-17 13:57:30,-32.089527569676726,IISC
2026-01-17 13:58:00,-31.138753193349302,IISC
2026-01-17 13:58:30,-33.10931935785841,IISC
2026-01-17 13:59:00,-31.59331615951472,IISC
2026-01-17 13:59:30,-32.59763853146667,IISC
2026-01-17 14:00:00,-32.16687467299006,IISC
2026-01-17 14:00:30,-31.325576199123844,IISC
2026-01-17 14:01:00,-30.471188206941275,IISC
2026-01-17 14:01:30,-29.700097107184796,IISC
2026-01-17 14:02:00,-28.707674295726648,IISC
2026-01-17 14:02:30,-32.38582646904663,IISC
2026-01-17 14:03:00,-34.154100211551466,IISC
2026-01-17 14:03:30,-30.26651587372482,IISC
2026-01-17 14:04:00,-31.185161450904367,IISC
2026-01-17 14:04:30,-33.19856601279969,IISC
2026-01-17 14:05:00,-31.154222609579037,IISC
2026-01-17 14:05:30,-33.52937362252964,IISC
2026-01-17 14:06:00,-34.2838053438009,IISC
2026-01-17 14:06:30,-37.200386057780165,IISC
2026-01-17 14:07:00,-35.26075873902931,IISC
2026-01-17 14:07:30,-30.101112073292775,IISC
2026-01-17 14:08:00,-29.102739490453583,IISC
2026-01-17 14:08:30,-32.853478949095475,IISC
2026-01-17 14:09:00,-35.492800053402235,IISC
2026-01-17 14:09:30,-32.97366443649622,IISC
2026-01-17 14:10:00,-34.0243950615703,IISC
2026-01-17 14:10:30,-32.12284632221424,IISC
2026-01-17 14:11:00,-32.86180863168869,IISC
2026-01-17 14:11:30,-39.684219649752684,IISC
2026-01-17 14:12:00,-32.69997469585844,IISC
2026-01-17 14:12:30,-32.838009528432806,IISC
2026-01-17 14:13:00,-34.92122480050175,IISC
2026-01-17 14:13:30,-31.995521093788753,IISC
2026-01-17 14:14:00,-33.35154138702751,IISC
2026-01-17 14:14:30,-33.298654490903324,IISC
2026-01-17 14:15:00,-31.37198446111184,IISC
2026-01-17 14:15:30,-32.9908526821695,IISC
2026-01-17 14:16:00,-35.81501352625793,IISC
2026-01-17 14:16:30,-37.776060049858735,IISC
2026-01-17 14:17:00,-32.77084314779641,IISC
2026-01-17 14:17:30,-32.852288980436875,IISC
2026-01-17 14:18:00,-30.5125722222693,IISC
2026-01-17 14:18:30,-34.58274859438013,IISC
2026-01-17 14:19:00,-43.238219820728325,IISC
2026-01-17 14:19:30,-45.3468208053996,IISC
2026-01-17 14:20:00,-40.56839258767649,IISC
2026-01-17 14:20:30,-37.00951721934676,IISC
2026-01-17 14:21:00,-38.97151569462619,IISC
2026-01-17 14:21:30,-35.84886114844625,IISC
2026-01-17 14:22:00,-36.145027825847386,IISC
2026-01-17 14:22:30,-37.82059082214825,IISC
2026-01-17 14:23:00,-30.84935603959776,IISC
2026-01-17 14:23:30,-33.89849778282741,IISC
2026-01-17 14:24:00,-33.93848029119194,IISC
2026-01-17 14:24:30,-31.05519188604599,IISC
2026-01-17 14:25:00,-36.01281055795427,IISC
2026-01-17 14:25:30,-35.729336740351386,IISC
2026-01-17 14:26:00,-35.603465894476635,IISC
2026-01-17 14:26:30,-29.377619184480984,IISC
2026-01-17 14:27:00,-32.119276455149695,IISC
2026-01-17 14:27:30,-34.4378384745695,IISC
2026-01-17 14:28:00,-33.90368070550385,IISC
2026-01-17 14:28:30,-34.51611108634983,IISC
2026-01-17 14:29:00,-28.079774476486286,IISC
2026-01-17 14:29:30,-27.602734580453177,IISC
2026-01-17 14:30:00,-26.522783938571834,IISC
2026-01-17 14:30:30,-29.771097774688428,IISC
2026-01-17 14:31:00,-31.90667108308169,IISC
2026-01-17 14:31:30,-32.35620979470637,IISC
2026-01-17 14:32:00,-31.437035353294043,IISC
2026-01-17 14:32:30,-30.36977755544943,IISC
2026-01-17 14:33:00,-31.203275218835977,IISC
2026-01-17 14:33:30,-32.02513776271098,IISC
2026-01-17 14:34:00,-33.877237249560984,IISC
2026-01-17 14:34:30,-32.557180039382075,IISC
2026-01-17 14:35:00,-30.833066871099472,IISC
2026-01-17 14:35:30,-28.949235238694186,IISC
2026-01-17 14:36:00,-28.04381138948607,IISC
2026-01-17 14:36:30,-30.977976994850476,IISC
2026-01-17 14:37:00,-33.474239015982505,IISC
2026-01-17 14:37:30,-30.73681269808733,IISC
2026-01-17 14:38:00,-25.90189165119368,IISC
2026-01-17 14:38:30,-34.88282889350441,IISC
2026-01-17 14:39:00,-32.995083637405784,IISC
2026-01-17 14:39:30,-32.37440289611477,IISC
2026-01-17 14:40:00,-36.707744518426054,IISC
2026-01-17 14:40:30,-36.193683785255075,IISC
2026-01-17 14:41:00,-37.17801489947842,IISC
2026-01-17 14:41:30,-36.520207548597014,IISC
2026-01-17 14:42:00,-38.714485329813876,IISC
2026-01-17 14:42:30,-38.434607810272,IISC
2026-01-17 14:43:00,-37.976712969296116,IISC
2026-01-17 14:43:30,-35.56824321622021,IISC
2026-01-17 14:44:00,-35.77196359115789,IISC
2026-01-17 14:44:30,-37.39030294236773,IISC
2026-01-17 14:45:00,-35.761491976504814,IISC
2026-01-17 14:45:30,-35.47304677482593,IISC
2026-01-17 14:46:00,-33.90992136019219,IISC
2026-01-17 14:46:30,-33.4567863327748,IISC
2026-01-17 14:47:00,-33.176908830964635,IISC
2026-01-17 14:47:30,-31.694700360308207,IISC
2026-01-17 14:48:00,-34.67054086125413,IISC
2026-01-17 14:48:30,-28.756938449396085,IISC
2026-01-17 14:49:00,-30.950264253715876,IISC
2026-01-17 14:49:30,-35.120819986351066,IISC
2026-01-17 14:50:00,-32.972871136699204,IISC
2026-01-17 14:50:30,-31.55550203292334,IISC
2026-01-17 14:51:00,-32.81103719988386,IISC
2026-01-17 14:51:30,-32.76238125308539,IISC
2026-01-17 14:52:00,-31.910902036347775,IISC
2026-01-17 14:52:30,-30.015435284430946,IISC
2026-01-17 14:53:00,-28.250070319833807,IISC
2026-01-17 14:53:30,-29.561665627420936,IISC
2026-01-17 14:54:00,-29.231651335712247,IISC
2026-01-17 14:54:30,-32.65554968902726,IISC
2026-01-17 14:55:00,-33.62761104232529,IISC
2026-01-17 14:55:30,-33.51125985509057,IISC
2026-01-17 14:56:00,-33.6826134426652,IISC
2026-01-17 14:56:30,-30.430068641461364,IISC
2026-01-17 14:57:00,-30.613057344607153,IISC
2026-01-17 14:57:30,-32.618528865680716,IISC
2026-01-17 14:58:00,-32.36890265450464,IISC
2026-01-17 14:58:30,-29.541568601377215,IISC
2026-01-17 14:59:00,-27.08655837261934,IISC
2026-01-17 14:59:30,-29.683305520029606,IISC
2026-01-17 15:00:00,-32.69235898441241,IISC
2026-01-17 15:00:30,-31.267268375755457,IISC
2026-01-17 15:01:00,-30.817941216916573,IISC
2026-01-17 15:01:30,-32.798978985439746,IISC
2026-01-17 15:02:00,-33.112175245993505,IISC
2026-01-17 15:02:30,-30.575190317604125,IISC
2026-01-17 15:03:00,-30.973111404899083,IISC
2026-01-17 15:03:30,-31.632822688296574,IISC
2026-01-17 15:04:00,-33.07695257246554,IISC
2026-01-17 15:04:30,-32.94558148773891,IISC
2026-01-17 15:05:00,-34.84475032829501,IISC
2026-01-17 15:05:30,-32.44675218277949,IISC
2026-01-17 15:06:00,-32.578123256867094,IISC
2026-01-17 15:06:30,-31.00071837318713,IISC
2026-01-17 15:07:00,-31.230141769711405,IISC
2026-01-17 15:07:30,-29.89643974096291,IISC
2026-01-17 15:08:00,-28.00488661983211,IISC
2026-01-17 15:08:30,-29.192938105446796,IISC
2026-01-17 15:09:00,-29.091077921524295,IISC
2026-01-17 15:09:30,-31.494787853949028,IISC
2026-01-17 15:10:00,-31.766097680714875,IISC
2026-01-17 15:10:30,-31.38721589021,IISC
2026-01-17 15:11:00,-30.46285852257489,IISC
2026-01-17 15:11:30,-27.24617105128625,IISC
2026-01-17 15:12:00,-29.43378508997488,IISC
2026-01-17 15:12:30,-28.116266441510618,IISC
2026-01-17 15:13:00,-27.956336443515966,IISC
2026-01-17 15:13:30,-30.072553158251573,IISC
2026-01-17 15:14:00,-30.87601103808142,IISC
2026-01-17 15:14:30,-28.97017845499709,IISC
2026-01-17 15:15:00,-26.58942144660213,IISC
2026-01-17 15:15:30,-31.32174189452489,IISC
2026-01-17 15:16:00,-26.879241686223367,IISC
2026-01-17 15:16:30,-27.409168498082565,IISC
2026-01-17 15:17:00,-28.14958520143634,IISC
2026-01-17 15:17:30,-33.0331622026152,IISC
2026-01-17 15:18:00,-28.16756674690664,IISC
2026-01-17 15:18:30,-29.86206325808815,IISC
2026-01-17 15:19:00,-28.32622747074261,IISC
2026-01-17 15:19:30,-26.582017280356666,IISC
2026-01-17 15:20:00,-31.03403711577517,IISC
2026-01-17 15:20:30,-29.602917419795094,IISC
2026-01-17 15:21:00,-26.017185107007545,IISC
2026-01-17 15:21:30,-24.787961167617986,IISC
2026-01-17 15:22:00,-24.524981020785596,IISC
2026-01-17 15:22:30,-21.65599852661688,IISC
2026-01-17 15:23:00,-24.592808479250227,IISC
2026-01-17 15:23:30,-28.419308430775377,IISC
2026-01-17 15:24:00,-28.274398303083995,IISC
2026-01-17 15:24:30,-27.221948861372596,IISC
2026-01-17 15:25:00,-26.31758274457043,IISC
2026-01-17 15:25:30,-26.714234540369027,IISC
2026-01-17 15:26:00,-28.412962004816627,IISC
2026-01-17 15:26:30,-27.32983814601553,IISC
2026-01-17 15:27:00,-28.347382237073045,IISC
2026-01-17 15:27:30,-29.290884649914418,IISC
2026-01-17 15:28:00,-27.454651243722807,IISC
2026-01-17 15:28:30,-25.91246903041851,IISC
2026-01-17 15:29:00,-24.454905874555195,IISC
2026-01-17 15:29:30,-28.649895344373306,IISC
2026-01-17 15:30:00,-28.650953080719635,IISC
2026-01-17 15:30:30,-24.567026120344977,IISC
2026-01-17 15:31:00,-26.294312497666567,IISC
2026-01-17 15:31:30,-25.275710670262722,IISC
2026-01-17 15:32:00,-26.342968460226572,IISC
2026-01-17 15:32:30,-28.29661080576076,IISC
2026-01-17 15:33:00,-29.66109301341245,IISC
2026-01-17 15:33:30,-25.646976754345555,IISC
2026-01-17 15:34:00,-25.954778563079387,IISC
2026-01-17 15:34:30,-28.474310807472982,IISC
2026-01-17 15:35:00,-27.894670312468985,IISC
2026-01-17 15:35:30,-28.369594731869043,IISC
2026-01-17 15:36:00,-27.343588734279358,IISC
2026-01-17 15:36:30,-27.235699441755663,IISC
2026-01-17 15:37:00,-28.132661404133515,IISC
2026-01-17 15:37:30,-27.35839707071066,IISC
2026-01-17 15:38:00,-25.797175567708976,IISC
2026-01-17 15:38:30,-27.78043459398654,IISC
2026-01-17 15:39:00,-27.693700063852905,IISC
2026-01-17 15:39:30,-26.22979047415008,IISC
2026-01-17 15:40:00,-24.026521921380183,IISC
2026-01-17 15:40:30,-24.311053475329384,IISC
2026-01-17 15:41:00,-23.719381210669063,IISC
2026-01-17 15:41:30,-28.235261987342884,IISC
2026-01-17 15:42:00,-26.60634525178572,IISC
2026-01-17 15:42:30,-27.25579647173977,IISC
2026-01-17 15:43:00,-24.847326721028093,IISC
2026-01-17 15:43:30,-24.250762405078984,IISC
2026-01-17 15:44:00,-30.464973999996005,IISC
2026-01-17 15:44:30,-30.170922795287545,IISC
2026-01-17 15:45:00,-21.974906575853037,IISC
2026-01-17 15:45:30,-20.138805370450633,IISC
2026-01-17 15:46:00,-21.542952768419728,IISC
2026-01-17 15:46:30,-24.572579231730288,IISC
2026-01-17 15:47:00,-24.448823870861887,IISC
2026-01-17 15:47:30,-26.302774403706195,IISC
2026-01-17 15:48:00,-21.754764817540988,IISC
2026-01-17 15:48:30,-20.036469210491806,IISC
2026-01-17 15:49:00,-23.662263341576885,IISC
2026-01-17 15:49:30,-20.696894463263305,IISC
2026-01-17 15:50:00,-20.495791990215718,IISC
2026-01-17 15:50:30,-18.731088125611468,IISC
2026-01-17 15:51:00,-19.76039955864185,IISC
2026-01-17 15:51:30,-23.43974168978438,IISC
2026-01-17 15:52:00,-23.456401063836665,IISC
2026-01-17 15:52:30,-25.883910096857523,IISC
2026-01-17 15:53:00,-27.659323572998876,IISC
2026-01-17 15:53:30,-25.080690211251948,IISC
2026-01-17 15:54:00,-23.83242697329914,IISC
2026-01-17 15:54:30,-23.361204633081428,IISC
2026-01-17 15:55:00,-22.354502349917304,IISC
2026-01-17 15:55:30,-22.866183176309043,IISC
2026-01-17 15:56:00,-21.061020825530765,IISC
2026-01-17 15:56:30,-21.034841802196855,IISC
2026-01-17 15:57:00,-20.494602036826095,IISC
2026-01-17 15:57:30,-21.684689678698803,IISC
2026-01-17 15:58:00,-24.428462414671962,IISC
2026-01-17 15:58:30,-27.41339945922941,IISC
2026-01-17 15:59:00,-26.655001206464952,IISC
2026-01-17 15:59:30,-25.601494012645695,IISC
2026-01-17 16:00:00,-28.032176266034142,IISC
2026-01-17 16:00:30,-28.85086558510862,IISC
2026-01-17 16:01:00,-31.05307640153218,IISC
2026-01-17 16:01:30,-28.279686996636798,IISC
2026-01-17 16:02:00,-26.597883349193925,IISC
2026-01-17 16:02:30,-25.79506010289708,IISC
2026-01-17 16:03:00,-27.49696076456253,IISC
2026-01-17 16:03:30,-25.22493923501006,IISC
2026-01-17 16:04:00,-25.8553511692071,IISC
2026-01-17 16:04:30,-25.227054711643106,IISC
2026-01-17 16:05:00,-26.904627417641034,IISC
2026-01-17 16:05:30,-25.801406528855825,IISC
2026-01-17 16:06:00,-24.608277904838367,IISC
2026-01-17 16:06:30,-26.388451190105286,IISC
2026-01-17 16:07:00,-25.879679148516914,IISC
2026-01-17 16:07:30,-27.988809012788465,IISC
2026-01-17 16:08:00,-25.680824380474256,IISC
2026-01-17 16:08:30,-25.53802972547554,IISC
2026-01-17 16:09:00,-26.97549586317589,IISC
2026-01-17 16:09:30,-26.507975606080908,IISC
2026-01-17 16:10:00,-25.952663074625193,IISC
2026-01-17 16:10:30,-28.244781638102154,IISC
2026-01-17 16:11:00,-24.09965695493245,IISC
2026-01-17 16:11:30,-29.520413848345566,IISC
2026-01-17 16:12:00,-30.234387087875728,IISC
2026-01-17 16:12:30,-29.557302447753152,IISC
2026-01-17 16:13:00,-27.121463718840296,IISC
2026-01-17 16:13:30,-23.45322785627532,IISC
2026-01-17 16:14:00,-27.163773251993707,IISC
2026-01-17 16:14:30,-26.97126491779057,IISC
2026-01-17 16:15:00,-23.476498087417653,IISC
2026-01-17 16:15:30,-23.083019492777282,IISC
2026-01-17 16:16:00,-26.65738112112496,IISC
2026-01-17 16:16:30,-29.996395997688836,IISC
2026-01-17 16:17:00,-24.60589798426779,IISC
2026-01-17 16:17:30,-27.564127137810708,IISC
2026-01-17 16:18:00,-27.271398116341395,IISC
2026-01-17 16:18:30,-27.85804613040136,IISC
2026-01-17 16:19:00,-29.625129906217783,IISC
2026-01-17 16:19:30,-31.905084488413145,IISC
2026-01-17 16:20:00,-28.096698285610252,IISC
2026-01-17 16:20:30,-28.497052186696227,IISC
2026-01-17 16:21:00,-29.24910400118824,IISC
2026-01-17 16:21:30,-26.772806794967217,IISC
2026-01-17 16:22:00,-26.281015214847326,IISC
2026-01-17 16:22:30,-25.97196679397624,IISC
2026-01-17 16:23:00,-30.13511080616181,IISC
2026-01-17 16:23:30,-32.37902672209285,IISC
2026-01-17 16:24:00,-29.14642785581321,IISC
2026-01-17 16:24:30,-27.49136986738,IISC
2026-01-17 16:25:00,-31.826887412060188,IISC
2026-01-17 16:25:30,-29.893039867549344,IISC
2026-01-17 16:26:00,-30.071193193282244,IISC
2026-01-17 16:26:30,-30.70764934755666,IISC
2026-01-17 16:27:00,-26.18037898450259,IISC
2026-01-17 16:27:30,-25.617360090489537,IISC
2026-01-17 16:28:00,-25.575201670901766,IISC
2026-01-17 16:28:30,-30.189508766593377,IISC
2026-01-17 16:29:00,-31.348185347090272,IISC
2026-01-17 16:29:30,-28.010870405206695,IISC
2026-01-17 16:30:00,-29.73120593805185,IISC
2026-01-17 16:30:30,-32.777491798212615,IISC
2026-01-17 16:31:00,-33.865451022042556,IISC
2026-01-17 16:31:30,-29.471455661539203,IISC
2026-01-17 16:32:00,-29.37761919018047,IISC
2026-01-17 16:32:30,-30.115391527267033,IISC
2026-01-17 16:33:00,-28.037729402539384,IISC
2026-01-17 16:33:30,-28.95042520390496,IISC
2026-01-17 16:34:00,-27.276497919115734,IISC
2026-01-17 16:34:30,-27.504969360020997,IISC
2026-01-17 16:35:00,-28.927476057223537,IISC
2026-01-17 16:35:30,-29.396658469745454,IISC
2026-01-17 16:36:00,-28.40389567413765,IISC
2026-01-17 16:36:30,-30.515896529182772,IISC
2026-01-17 16:37:00,-32.8046907784284,IISC
2026-01-17 16:37:30,-30.27382561083513,IISC
2026-01-17 16:38:00,-29.867200844196976,IISC
2026-01-17 16:38:30,-28.754762523480842,IISC
2026-01-17 16:39:00,-29.21442530381956,IISC
2026-01-17 16:39:30,-31.250269015273734,IISC
2026-01-17 16:40:00,-31.031317216684062,IISC
2026-01-17 16:40:30,-29.02675233577108,IISC
2026-01-17 16:41:00,-25.48272513614162,IISC
2026-01-17 16:41:30,-30.462858511049276,IISC
2026-01-17 16:42:00,-35.71651166301729,IISC
2026-01-17 16:42:30,-32.110946770586295,IISC
2026-01-17 16:43:00,-31.132803413102394,IISC
2026-01-17 16:43:30,-29.898819651288495,IISC
2026-01-17 16:44:00,-24.232251994883352,IISC
2026-01-17 16:44:30,-25.362709630050013,IISC
2026-01-17 16:45:00,-28.477332924266612,IISC
2026-01-17 16:45:30,-28.191743624401578,IISC
2026-01-17 16:46:00,-28.239341835979552,IISC
2026-01-17 16:46:30,-28.645966597551503,IISC
2026-01-17 16:47:00,-32.01456037504248,IISC
2026-01-17 16:47:30,-32.41710529642143,IISC
2026-01-17 16:48:00,-31.864965986388768,IISC
2026-01-17 16:48:30,-29.742085522032237,IISC
2026-01-17 16:49:00,-27.855836214430386,IISC
2026-01-17 16:49:30,-23.50671918217541,IISC
2026-01-17 16:50:00,-29.134188309903216,IISC
2026-01-17 16:50:30,-33.39762855118544,IISC
2026-01-17 16:51:00,-28.90299696033734,IISC
2026-01-17 16:51:30,-25.548002685619775,IISC
2026-01-17 16:52:00,-26.59788334525354,IISC
2026-01-17 16:52:30,-27.900714532546367,IISC
2026-01-17 16:53:00,-34.96020999472609,IISC
2026-01-17 16:53:30,-34.89901230570574,IISC
2026-01-17 16:54:00,-30.575734296803148,IISC
2026-01-17 16:54:30,-29.44153680306004,IISC
2026-01-17 16:55:00,-29.27562301310473,IISC
2026-01-17 16:55:30,-34.565824784130335,IISC
2026-01-17 16:56:00,-33.66009871102767,IISC
2026-01-17 16:56:30,-35.162842402146566,IISC
2026-01-17 16:57:00,-33.496904829732976,IISC
2026-01-17 16:57:30,-29.709446754892465,IISC
2026-01-17 16:58:00,-30.650531488596894,IISC
2026-01-17 16:58:30,-32.98318407691198,IISC
2026-01-17 16:59:00,-31.356515036016248,IISC
2026-01-17 16:59:30,-28.21146288556465,IISC
2026-01-17 17:00:00,-26.529885902313392,IISC
2026-01-17 17:00:30,-32.628577368359075,IISC
2026-01-17 17:01:00,-24.72013370915335,IISC
2026-01-17 17:01:30,-27.223799892097915,IISC
2026-01-17 17:02:00,-30.721078844323177,IISC
2026-01-17 17:02:30,-29.248424017690333,IISC
2026-01-17 17:03:00,-28.88395769597097,IISC
2026-01-17 17:03:30,-28.776295050540465,IISC
2026-01-17 17:04:00,-27.26425837236137,IISC
2026-01-17 17:04:30,-27.52922178814192,IISC
2026-01-17 17:05:00,-26.978669080095646,IISC
2026-01-17 17:05:30,-29.27426305117512,IISC
2026-01-17 17:06:00,-30.872203190780965,IISC
2026-01-17 17:06:30,-31.75073026340303,IISC
2026-01-17 17:07:00,-32.466063464862806,IISC
2026-01-17 17:07:30,-27.11466398455203,IISC
2026-01-17 17:08:00,-32.65101653438309,IISC
2026-01-17 17:08:30,-30.495497297820588,IISC
2026-01-17 17:09:00,-31.71401164593786,IISC
2026-01-17 17:09:30,-34.14560052485119,IISC
2026-01-17 17:10:00,-29.847254921656845,IISC
2026-01-17 17:10:30,-28.313005744741375,IISC
2026-01-17 17:11:00,-27.375320877864436,IISC
2026-01-17 17:11:30,-23.818147492727306,IISC
2026-01-17 17:12:00,-24.93987881485788,IISC
2026-01-17 17:12:30,-28.712830757459727,IISC
2026-01-17 17:13:00,-26.10920831985793,IISC
2026-01-17 17:13:30,-31.613375410526913,IISC
2026-01-17 17:14:00,-31.9642422598701,IISC
2026-01-17 17:14:30,-25.955987393922726,IISC
2026-01-17 17:15:00,-27.861276016552996,IISC
2026-01-17 17:15:30,-27.442411709071045,IISC
2026-01-17 17:16:00,-32.25799126545214,IISC
2026-01-17 17:16:30,-35.80745825200558,IISC
2026-01-17 17:17:00,-31.504579499796193,IISC
2026-01-17 17:17:30,-29.17634672442478,IISC
2026-01-17 17:18:00,-29.112429121677625,IISC
2026-01-17 17:18:30,-28.57116940069154,IISC
2026-01-17 17:19:00,-35.12510382653297,IISC
2026-01-17 17:19:30,-38.067863550547365,IISC
2026-01-17 17:20:00,-32.63095727957125,IISC
2026-01-17 17:20:30,-28.74456290400009,IISC
2026-01-17 17:21:00,-27.722391209039163,IISC
2026-01-17 17:21:30,-27.909214210380775,IISC
2026-01-17 17:22:00,-25.154977416688812,IISC
2026-01-17 17:22:30,-27.842236731921805,IISC
2026-01-17 17:23:00,-29.460576077558812,IISC
2026-01-17 17:23:30,-32.29334993618631,IISC
2026-01-17 17:24:00,-37.687077823093475,IISC
2026-01-17 17:24:30,-34.006545734128395,IISC
2026-01-17 17:25:00,-36.20677328849946,IISC
2026-01-17 17:25:30,-38.23326735541234,IISC
2026-01-17 17:26:00,-36.32695879363193,IISC
2026-01-17 17:26:30,-35.9378433658531,IISC
2026-01-17 17:27:00,-35.57609691036489,IISC
2026-01-17 17:27:30,-31.84558671697466,IISC
2026-01-17 17:28:00,-28.800490815269715,IISC
2026-01-17 17:28:30,-27.31304654703919,IISC
2026-01-17 17:29:00,-30.085642652630106,IISC
2026-01-17 17:29:30,-29.677487939586825,IISC
2026-01-17 17:30:00,-28.457783662777675,IISC
2026-01-17 17:30:30,-33.25330396181383,IISC
2026-01-17 17:31:00,-34.639602019042215,IISC
2026-01-17 17:31:30,-33.85066158297797,IISC
2026-01-17 17:32:00,-32.22875236007365,IISC
2026-01-17 17:32:30,-34.912101801857446,IISC
2026-01-17 17:33:00,-33.97560689723599,IISC
2026-01-17 17:33:30,-32.513151698949756,IISC
2026-01-17 17:34:00,-33.95418769632642,IISC
2026-01-17 17:34:30,-32.37511687080831,IISC
2026-01-17 17:35:00,-32.1537851679725,IISC
2026-01-17 17:35:30,-31.608785580177393,IISC
2026-01-17 17:36:00,-30.817465232900965,IISC
2026-01-17 17:36:30,-31.19468109575307,IISC
2026-01-17 17:37:00,-29.226664834530947,IISC
2026-01-17 17:37:30,-30.02903478382688,IISC
2026-01-17 17:38:00,-30.668210826497084,IISC
2026-01-17 17:38:30,-32.436144570920206,IISC
2026-01-17 17:39:00,-31.482820306504404,IISC
2026-01-17 17:39:30,-28.77516176497543,IISC
2026-01-17 17:40:00,-28.822759981619605,IISC
2026-01-17 17:40:30,-26.822274945965813,IISC
2026-01-17 17:41:00,-25.610560346702147,IISC
2026-01-17 17:41:30,-25.380728953999675,IISC
2026-01-17 17:42:00,-27.847676518845795,IISC
2026-01-17 17:42:30,-29.01587274672449,IISC
2026-01-17 17:43:00,-29.03627197302047,IISC
2026-01-17 17:43:30,-27.534888233698776,IISC
2026-01-17 17:44:00,-28.144145402691205,IISC
2026-01-17 17:44:30,-27.1581823458046,IISC
2026-01-17 17:45:00,-26.34629277445789,IISC
2026-01-17 17:45:30,-28.949235235316724,IISC
2026-01-17 17:46:00,-31.99688104220849,IISC
2026-01-17 17:46:30,-30.56893454288334,IISC
2026-01-17 17:47:00,-29.131468411375014,IISC
2026-01-17 17:47:30,-27.47777037473901,IISC
2026-01-17 17:48:00,-26.421089961185437,IISC
2026-01-17 17:48:30,-28.198543373255184,IISC
2026-01-17 17:49:00,-27.694002274800482,IISC
2026-01-17 17:49:30,-25.505844271098205,IISC
2026-01-17 17:50:00,-25.23521440553896,IISC
2026-01-17 17:50:30,-27.776959172311244,IISC
2026-01-17 17:51:00,-25.308651650601718,IISC
2026-01-17 17:51:30,-24.095577119805665,IISC
2026-01-17 17:52:00,-25.350810075255698,IISC
2026-01-17 17:52:30,-23.937823020368747,IISC
2026-01-17 17:53:00,-26.554364973868566,IISC
2026-01-17 17:53:30,-28.696284717790075,IISC
2026-01-17 17:54:00,-29.974636823395315,IISC
2026-01-17 17:54:30,-27.21938005508976,IISC
2026-01-17 17:55:00,-25.210735323851377,IISC
2026-01-17 17:55:30,-21.96861682032235,IISC
2026-01-17 17:56:00,-22.00397548092411,IISC
2026-01-17 17:56:30,-20.950014976031152,IISC
2026-01-17 17:57:00,-23.532558210593994,IISC
2026-01-17 17:57:30,-23.11641379150783,IISC
2026-01-17 17:58:00,-22.72338853777549,IISC
2026-01-17 17:58:30,-23.566556934597173,IISC
2026-01-17 17:59:00,-27.863995910014985,IISC
2026-01-17 17:59:30,-30.03175467728887,IISC
2026-01-17 18:00:00,-28.308699245915516,IISC
2026-01-17 18:00:30,-24.144535278114624,IISC
2026-01-17 18:01:00,-19.67846262941192,IISC
2026-01-17 18:01:30,-19.81173763196264,IISC
2026-01-17 18:02:00,-21.094169582827075,IISC
2026-01-17 18:02:30,-24.83266948922621,IISC
2026-01-17 18:03:00,-27.1677019982526,IISC
2026-01-17 18:03:30,-25.60104070438655,IISC
2026-01-17 18:04:00,-25.044821554160887,IISC
2026-01-17 18:04:30,-25.134578180260434,IISC
2026-01-17 18:05:00,-24.234291914346564,IISC
2026-01-17 18:05:30,-20.98129381163854,IISC
2026-01-17 18:06:00,-23.184411259779008,IISC
2026-01-17 18:06:30,-22.33716300249952,IISC
2026-01-17 18:07:00,-21.45047622416045,IISC
2026-01-17 18:07:30,-18.480347522789252,IISC
2026-01-17 18:08:00,-25.995425909916097,IISC
2026-01-17 18:08:30,-30.52813608522518,IISC
2026-01-17 18:09:00,-28.397095925284052,IISC
2026-01-17 18:09:30,-26.241576688721548,IISC
2026-01-17 18:10:00,-24.79187102650184,IISC
2026-01-17 18:10:30,-23.02257731001669,IISC
2026-01-17 18:11:00,-25.632319529861526,IISC
2026-01-17 18:11:30,-24.155414867161216,IISC
2026-01-17 18:12:00,-22.743787769137676,IISC
2026-01-17 18:12:30,-24.963224598314927,IISC
2026-01-17 18:13:00,-23.39928320804328,IISC
2026-01-17 18:13:30,-23.752869955914665,IISC
2026-01-17 18:14:00,-21.697986944630692,IISC
2026-01-17 18:14:30,-21.581031333249168,IISC
2026-01-17 18:15:00,-22.024374722418706,IISC
2026-01-17 18:15:30,-20.767781810105266,IISC
2026-01-17 18:16:00,-20.785461148005453,IISC
2026-01-17 18:16:30,-19.044726373665704,IISC
2026-01-17 18:17:00,-17.94860744918497,IISC
2026-01-17 18:17:30,-14.046913641226313,IISC
2026-01-17 18:18:00,-16.38330609698371,IISC
2026-01-17 18:18:30,-19.044726373665704,IISC
2026-01-17 18:19:00,-22.41875993808066,IISC
2026-01-17 18:19:30,-24.74155290626327,IISC
2026-01-17 18:20:00,-20.841219050101813,IISC
2026-01-17 18:20:30,-20.827619572659437,IISC
2026-01-17 18:21:00,-19.551987365582395,IISC
2026-01-17 18:21:30,-19.367034301128314,IISC
2026-01-17 18:22:00,-18.810815130637838,IISC
2026-01-17 18:22:30,-21.791823436254244,IISC
2026-01-17 18:23:00,-17.884689846437812,IISC
2026-01-17 18:23:30,-17.250953595757796,IISC
2026-01-17 18:24:00,-18.155319701864645,IISC
2026-01-17 18:24:30,-16.856568364897225,IISC
2026-01-17 18:25:00,-17.021122192922917,IISC
2026-01-17 18:25:30,-18.476267667397643,IISC
2026-01-17 18:26:00,-18.938650356396977,IISC
2026-01-17 18:26:30,-24.59717164167884,IISC
2026-01-17 18:27:00,-22.620259065002315,IISC
2026-01-17 18:27:30,-24.987477015459078,IISC
2026-01-17 18:28:00,-21.947537602084783,IISC
2026-01-17 18:28:30,-22.978832295197467,IISC
2026-01-17 18:29:00,-26.391624408995238,IISC
2026-01-17 18:29:30,-27.415212718722845,IISC
2026-01-17 18:30:00,-21.16080707903623,IISC
2026-01-17 18:30:30,-19.233759288445192,IISC
2026-01-17 18:31:00,-21.84350150322382,IISC
2026-01-17 18:31:30,-20.535230518874602,IISC
2026-01-17 18:32:00,-23.130013289215036,IISC
2026-01-17 18:32:30,-21.878860173957992,IISC
2026-01-17 18:33:00,-23.32856585644252,IISC
2026-01-17 18:33:30,-22.06109334495008,IISC
2026-01-17 18:34:00,-22.558834699617385,IISC
2026-01-17 18:34:30,-21.35255989741011,IISC
2026-01-17 18:35:00,-20.211562649747197,IISC
2026-01-17 18:35:30,-16.365626759083515,IISC
2026-01-17 18:36:00,-18.20563781197081,IISC
2026-01-17 18:36:30,-24.07381793158007,IISC
2026-01-17 18:37:00,-27.460091026706408,IISC
2026-01-17 18:37:30,-23.193930897028395,IISC
2026-01-17 18:38:00,-22.203887999948797,IISC
2026-01-17 18:38:30,-20.83849916170603,IISC
2026-01-17 18:39:00,-25.688077442090297,IISC
2026-01-17 18:39:30,-23.53391815225879,IISC
2026-01-17 18:40:00,-22.97089925317953,IISC
2026-01-17 18:40:30,-22.785946188725443,IISC
2026-01-17 18:41:00,-21.635429288614535,IISC
2026-01-17 18:41:30,-22.63771174680274,IISC
2026-01-17 18:42:00,-19.85525600841382,IISC
2026-01-17 18:42:30,-20.63314685069114,IISC
2026-01-17 18:43:00,-23.525758461740395,IISC
2026-01-17 18:43:30,-26.770596878996248,IISC
2026-01-17 18:44:00,-24.967304453706536,IISC
2026-01-17 18:44:30,-23.146332680384226,IISC
2026-01-17 18:45:00,-22.10869156159425,IISC
2026-01-17 18:45:30,-20.76778179490665,IISC
2026-01-17 18:46:00,-20.925535889277363,IISC
2026-01-17 18:46:30,-20.68890477305232,IISC
2026-01-17 18:47:00,-19.402392976928695,IISC
2026-01-17 18:47:30,-22.39972065851568,IISC
2026-01-17 18:48:00,-27.556647416858162,IISC
2026-01-17 18:48:30,-30.672290676822488,IISC
2026-01-17 18:49:00,-24.533480696720183,IISC
2026-01-17 18:49:30,-22.19164844390639,IISC
2026-01-17 18:50:00,-21.92645838553596,IISC
2026-01-17 18:50:30,-25.255613647033556,IISC
2026-01-17 18:51:00,-25.286892467442332,IISC
2026-01-17 18:51:30,-24.53892049377658,IISC
2026-01-17 18:52:00,-19.724700899325097,IISC
2026-01-17 18:52:30,-14.830244295758648,IISC
2026-01-17 18:53:00,-10.020104531367748,IISC
2026-01-17 18:53:30,-9.614839721592999,IISC
2026-01-17 18:54:00,-8.46704273014269,IISC
2026-01-17 18:54:30,-9.05862056123493,IISC
2026-01-17 18:55:00,-12.375536271756328,IISC
2026-01-17 18:55:30,-18.319873529890337,IISC
2026-01-17 18:56:00,-24.238371759605766,IISC
2026-01-17 18:56:30,-21.517113725435802,IISC
2026-01-17 18:57:00,-23.72703091229747,IISC
2026-01-17 18:57:30,-29.362659750808472,IISC
2026-01-17 18:58:00,-29.456156250049798,IISC
2026-01-17 18:58:30,-28.41494525652562,IISC
2026-01-17 18:59:00,-26.647861476276265,IISC
2026-01-17 18:59:30,-25.637589328510348,IISC
2026-01-17 19:00:00,-23.794348407203145,IISC
2026-01-17 19:00:30,-27.33684565472799,IISC
2026-01-17 19:01:00,-25.86487082045892,IISC
2026-01-17 19:01:30,-22.779316437012874,IISC
2026-01-17 19:02:00,-24.401225659917195,IISC
2026-01-17 19:02:30,-22.060583375058368,IISC
2026-01-17 19:03:00,-27.244029130752,IISC
2026-01-17 19:03:30,-27.79497849436107,IISC
2026-01-17 19:04:00,-23.41594258209557,IISC
2026-01-17 19:04:30,-20.14475515513047,IISC
2026-01-17 19:05:00,-23.073235411871813,IISC
2026-01-17 19:05:30,-25.487654944308037,IISC
2026-01-17 19:06:00,-24.762972097673696,IISC
2026-01-17 19:06:30,-19.462910710315256,IISC
2026-01-17 19:07:00,-20.463663195500764,IISC
2026-01-17 19:07:30,-22.743617759964412,IISC
2026-01-17 19:08:00,-26.798985818301126,IISC
2026-01-17 19:08:30,-28.831429652162118,IISC
2026-01-17 19:09:00,-28.507761784934544,IISC
2026-01-17 19:09:30,-24.108496629582024,IISC
2026-01-17 19:10:00,-22.87808273236991,IISC
2026-01-17 19:10:30,-26.443189147492742,IISC
2026-01-17 19:11:00,-26.282545151753325,IISC
2026-01-17 19:11:30,-23.571826737678926,IISC
2026-01-17 19:12:00,-21.225234659274406,IISC
2026-01-17 19:12:30,-22.904261742405037,IISC
2026-01-17 19:13:00,-20.769481744152287,IISC
2026-01-17 19:13:30,-20.67428530896412,IISC
2026-01-17 19:14:00,-22.0796226558899,IISC
2026-01-17 19:14:30,-19.406982799045636,IISC
2026-01-17 19:15:00,-15.495599362396046,IISC
2026-01-17 19:15:30,-19.987681032858703,IISC
2026-01-17 19:16:00,-22.082002558236216,IISC
2026-01-17 19:16:30,-22.729338310423085,IISC
2026-01-17 19:17:00,-24.173944172401555,IISC
2026-01-17 19:17:30,-27.591496118967175,IISC
2026-01-17 19:18:00,-26.357512361586195,IISC
2026-01-17 19:18:30,-25.50431433165911,IISC
2026-01-17 19:19:00,-23.56468699960947,IISC
2026-01-17 19:19:30,-19.24990868563973,IISC
2026-01-17 19:20:00,-23.091084752612513,IISC
2026-01-17 19:20:30,-23.008977835740694,IISC
2026-01-17 19:21:00,-23.117773758503656,IISC
2026-01-17 19:21:30,-25.1354281469673,IISC
2026-01-17 19:22:00,-22.56631440790442,IISC
2026-01-17 19:22:30,-22.283105026850873,IISC
2026-01-17 19:23:00,-19.50693905222522,IISC
2026-01-17 19:23:30,-19.973401574451515,IISC
2026-01-17 19:24:00,-22.744807722219893,IISC
2026-01-17 19:24:30,-24.429784581164498,IISC
2026-01-17 19:25:00,-16.32499828020139,IISC
2026-01-17 19:25:30,-15.512258736448334,IISC
2026-01-17 19:26:00,-14.974398891155609,IISC
2026-01-17 19:26:30,-11.56279672483689,IISC
2026-01-17 19:27:00,-18.56874420722399,IISC
2026-01-17 19:27:30,-20.12588585877445,IISC
2026-01-17 19:28:00,-17.589580904257186,IISC
2026-01-17 19:28:30,-18.062843177236907,IISC
2026-01-17 19:29:00,-17.981246221390943,IISC
2026-01-17 19:29:30,-19.07872510273509,IISC
2026-01-17 19:30:00,-17.593660739383974,IISC
2026-01-17 19:30:30,-19.701581754236106,IISC
2026-01-17 19:31:00,-21.120008616311853,IISC
2026-01-17 19:31:30,-19.923253451353975,IISC
2026-01-17 19:32:00,-17.960846979896353,IISC
2026-01-17 19:32:30,-16.109956332896267,IISC
2026-01-17 19:33:00,-18.29675439493375,IISC
2026-01-17 19:33:30,-21.926458385535962,IISC
2026-01-17 19:34:00,-24.687154940765488,IISC
2026-01-17 19:34:30,-20.998973144472522,IISC
2026-01-17 19:35:00,-21.287282337799546,IISC
2026-01-17 19:35:30,-19.697501919109317,IISC
2026-01-17 19:36:00,-17.321670937226145,IISC
2026-01-17 19:36:30,-17.61270003414757,IISC
2026-01-17 19:37:00,-19.081444996197085,IISC
2026-01-17 19:37:30,-21.192085904511206,IISC
2026-01-17 19:38:00,-24.487242431873216,IISC
2026-01-17 19:38:30,-20.312198895290553,IISC
2026-01-17 19:39:00,-15.506138971092644,IISC
2026-01-17 19:39:30,-16.693374483602526,IISC
2026-01-17 19:40:00,-19.954532271762748,IISC
2026-01-17 19:40:30,-16.315308648977354,IISC
2026-01-17 19:41:00,-12.220502086046224,IISC
2026-01-17 19:41:30,-15.783568570306873,IISC
2026-01-17 19:42:00,-20.089167236243075,IISC
2026-01-17 19:42:30,-16.791290810352862,IISC
2026-01-17 19:43:00,-14.74728739318169,IISC
2026-01-17 19:43:30,-18.194758217858013,IISC
2026-01-17 19:44:00,-17.92548831422838,IISC
2026-01-17 19:44:30,-16.803530356262858,IISC
2026-01-17 19:45:00,-14.83840399640945,IISC
2026-01-17 19:45:30,-15.300786665143965,IISC
2026-01-17 19:46:00,-17.26183317973818,IISC
2026-01-17 19:46:30,-21.06153080555489,IISC
2026-01-17 19:47:00,-19.21879984400699,IISC
2026-01-17 19:47:30,-16.73961274338329,IISC
2026-01-17 19:48:00,-16.5723390168294,IISC
2026-01-17 19:48:30,-18.621782225990763,IISC
2026-01-17 19:49:00,-20.959534623412946,IISC
2026-01-17 19:49:30,-19.225599597926795,IISC
2026-01-17 19:50:00,-16.519300992996417,IISC
2026-01-17 19:50:30,-17.366549255342115,IISC
2026-01-17 19:51:00,-18.86521310626802,IISC
2026-01-17 19:51:30,-20.50123179993763,IISC
2026-01-17 19:52:00,-19.500309308745237,IISC
2026-01-17 19:52:30,-23.427842129923853,IISC
2026-01-17 19:53:00,-14.960119417971994,IISC
2026-01-17 19:53:30,-20.39787567106469,IISC
2026-01-17 19:54:00,-19.864775640597006,IISC
2026-01-17 19:54:30,-19.046086320396704,IISC
2026-01-17 19:55:00,-10.137060147815475,IISC
2026-01-17 19:55:30,-13.266302890288385,IISC
2026-01-17 19:56:00,-16.822569630761635,IISC
2026-01-17 19:56:30,-18.74145774096669,IISC
2026-01-17 19:57:00,-19.8647756355308,IISC
2026-01-17 19:57:30,-18.15259980840265,IISC
2026-01-17 19:58:00,-18.87745264373434,IISC
2026-01-17 19:58:30,-17.60975347529777,IISC
2026-01-17 19:59:00,-13.5972238365119,IISC
2026-01-17 19:59:30,-16.100890012068245,IISC
2026-01-17 20:00:00,-18.022271353724953,IISC
2026-01-17 20:00:30,-19.085298190422716,IISC
2026-01-17 20:01:00,-13.352886320858808,IISC
2026-01-17 20:01:30,-11.79483803477688,IISC
2026-01-17 20:02:00,-12.066147868635417,IISC
2026-01-17 20:02:30,-13.298941678537341,IISC
2026-01-17 20:03:00,-15.336145339255609,IISC
2026-01-17 20:03:30,-11.604445161445256,IISC
2026-01-17 20:04:00,-16.227818592319135,IISC
2026-01-17 20:04:30,-16.791064148342524,IISC
2026-01-17 20:05:00,-12.402508600094182,IISC
2026-01-17 20:05:30,-11.310922822939764,IISC
2026-01-17 20:06:00,-13.457602396462745,IISC
2026-01-17 20:06:30,-11.828156776970884,IISC
2026-01-17 20:07:00,-11.494969278193402,IISC
2026-01-17 20:07:30,-13.595637220171255,IISC
2026-01-17 20:08:00,-17.71129633595214,IISC
2026-01-17 20:08:30,-17.536769549189486,IISC
2026-01-17 20:09:00,-16.81644986793905,IISC
2026-01-17 20:09:30,-14.201721169147918,IISC
2026-01-17 20:10:00,-10.641374592703514,IISC
2026-01-17 20:10:30,-11.698055005412717,IISC
2026-01-17 20:11:00,-14.377834566340638,IISC
2026-01-17 20:11:30,-12.638913069507502,IISC
2026-01-17 20:12:00,-9.857590630193489,IISC
2026-01-17 20:12:30,-11.491796063243834,IISC
2026-01-17 20:13:00,-12.664298789104024,IISC
2026-01-17 20:13:30,-11.813877324474271,IISC
2026-01-17 20:14:00,-9.944854014708957,IISC
2026-01-17 20:14:30,-10.719118338280857,IISC
2026-01-17 20:15:00,-10.876192463507907,IISC
2026-01-17 20:15:30,-11.958258560350197,IISC
2026-01-17 20:16:00,-11.95667197356242,IISC
2026-01-17 20:16:30,-13.13234791437217,IISC
2026-01-17 20:17:00,-9.381608452774996,IISC
2026-01-17 20:17:30,-10.75719691176507,IISC
2026-01-17 20:18:00,-14.31346365139395,IISC
2026-01-17 20:18:30,-12.869197781164436,IISC
2026-01-17 20:19:00,-13.81844220032105,IISC
2026-01-17 20:19:30,-13.283982238320986,IISC
2026-01-17 20:20:00,-13.044631203302925,IISC
2026-01-17 20:20:30,-13.723245772098911,IISC
2026-01-17 20:21:00,-15.083194813285292,IISC
2026-01-17 20:21:30,-12.988873296140364,IISC
2026-01-17 20:22:00,-14.588173367278598,IISC
2026-01-17 20:22:30,-14.467137905571672,IISC
2026-01-17 20:23:00,-15.726450711347104,IISC
2026-01-17 20:23:30,-11.426291837401095,IISC
2026-01-17 20:24:00,-10.103061428878503,IISC
2026-01-17 20:24:30,-13.98163609174816,IISC
2026-01-17 20:25:00,-10.579043585187806,IISC
2026-01-17 20:25:30,-9.523723133563848,IISC
2026-01-17 20:26:00,-1.7284952334959593,IISC
2026-01-17 20:26:30,-6.6501508122119874,IISC
2026-01-17 20:27:00,-9.070860107144926,IISC
2026-01-17 20:27:30,-12.266740350893196,IISC
2026-01-17 20:28:00,-13.474375099831466,IISC
2026-01-17 20:28:30,-14.083632278956307,IISC
2026-01-17 20:29:00,-14.12443073661447,IISC
2026-01-17 20:29:30,-10.157459380866394,IISC
2026-01-17 20:30:00,-10.50651297212342,IISC
2026-01-17 20:30:30,-13.026045228338164,IISC
2026-01-17 20:31:00,-14.185855106221235,IISC
2026-01-17 20:31:30,-11.001534415597016,IISC
2026-01-17 20:32:00,-10.760370132625207,IISC
2026-01-17 20:32:30,-7.363444087664692,IISC
2026-01-17 20:33:00,-7.698218202782816,IISC
2026-01-17 20:33:30,-10.582670119091842,IISC
2026-01-17 20:34:00,-10.28438796702786,IISC
2026-01-17 20:34:30,-8.717273349141134,IISC
2026-01-17 20:35:00,-10.663190446220595,IISC
2026-01-17 20:35:30,-11.026126841799648,IISC
2026-01-17 20:36:00,-9.482754671165349,IISC
2026-01-17 20:36:30,-10.06345290941135,IISC
2026-01-17 20:37:00,-12.851518440097868,IISC
2026-01-17 20:37:30,-17.24007399721207,IISC
2026-01-17 20:38:00,-16.382116149293566,IISC
2026-01-17 20:38:30,-13.407227617265434,IISC
2026-01-17 20:39:00,-8.922285667140509,IISC
2026-01-17 20:39:30,-7.257538051282918,IISC
2026-01-17 20:40:00,-11.899554105947887,IISC
2026-01-17 20:40:30,-14.418689718420973,IISC
2026-01-17 20:41:00,-14.605512710896729,IISC
2026-01-17 20:41:30,-13.641648833984666,IISC
2026-01-17 20:42:00,-12.000700321382956,IISC
2026-01-17 20:42:30,-11.77103892265514,IISC
2026-01-17 20:43:00,-10.502546459347034,IISC
2026-01-17 20:43:30,-13.331070467341728,IISC
2026-01-17 20:44:00,-8.390885566286915,IISC
2026-01-17 20:44:30,-12.725383168017295,IISC
2026-01-17 20:45:00,-9.821891954622663,IISC
2026-01-17 20:45:30,-4.35727673797198,IISC
2026-01-17 20:46:00,-8.19369298125386,IISC
2026-01-17 20:46:30,-9.972506319789781,IISC
2026-01-17 20:47:00,-14.349672297700858,IISC
2026-01-17 20:47:30,-12.870557720929401,IISC
2026-01-17 20:48:00,-11.56874650065086,IISC
2026-01-17 20:48:30,-10.182448461154186,IISC
2026-01-17 20:49:00,-11.383113457131799,IISC
2026-01-17 20:49:30,-8.728322936595303,IISC
2026-01-17 20:50:00,-8.91871581140457,IISC
2026-01-17 20:50:30,-4.0880068242099386,IISC
2026-01-17 20:51:00,-5.959296692439797,IISC
2026-01-17 20:51:30,-6.195927828929657,IISC
2026-01-17 20:52:00,-7.795227905134096,IISC
2026-01-17 20:52:30,-1.9705661645091144,IISC
2026-01-17 20:53:00,-4.43496382353513,IISC
2026-01-17 20:53:30,-1.7992125926960245,IISC
2026-01-17 20:54:00,-2.730947666027274,IISC
2026-01-17 20:54:30,-3.775728515287392,IISC
2026-01-17 20:55:00,-6.576883555424404,IISC
2026-01-17 20:55:30,-6.714918383565847,IISC
2026-01-17 20:56:00,-5.001382590075154,IISC
2026-01-17 20:56:30,-2.2311664001293323,IISC
2026-01-17 20:57:00,-4.567048866996742,IISC
2026-01-17 20:57:30,-3.0807945610216914,IISC
2026-01-17 20:58:00,-1.2399335420608053,IISC
2026-01-17 20:58:30,-1.9122583420273171,IISC
2026-01-17 20:59:00,-2.9237204476157874,IISC
2026-01-17 20:59:30,-0.6580453415593275,IISC
2026-01-17 21:00:00,0.9829031710423828,IISC
2026-01-17 21:00:30,-0.44623327913928046,IISC
2026-01-17 21:01:00,-2.2930440739141384,IISC
2026-01-17 21:01:30,-1.0471607649052206,IISC
2026-01-17 21:02:00,-1.630238914363392,IISC
2026-01-17 21:02:30,-4.033948839695436,IISC
2026-01-17 21:03:00,-6.3961425617164815,IISC
2026-01-17 21:03:30,-7.545269269402404,IISC
2026-01-17 21:04:00,-6.9112610324159105,IISC
2026-01-17 21:04:30,-9.76525008993757,IISC
2026-01-17 21:05:00,-9.433014532593724,IISC
2026-01-17 21:05:30,-6.9702828127461105,IISC
2026-01-17 21:06:00,-10.025136342884984,IISC
2026-01-17 21:06:30,-10.91998281680865,IISC
2026-01-17 21:07:00,-7.966989463499585,IISC
2026-01-17 21:07:30,-10.850489428918058,IISC
2026-01-17 21:08:00,-9.467285246956342,IISC
2026-01-17 21:08:30,-10.91141513467165,IISC
2026-01-17 21:09:00,-13.633081151847668,IISC
2026-01-17 21:09:30,-13.095221308328115,IISC
2026-01-17 21:10:00,-13.444592212214241,IISC
2026-01-17 21:10:30,-5.961412178642338,IISC
2026-01-17 21:11:00,-4.026809103103628,IISC
2026-01-17 21:11:30,-3.6079448046282647,IISC
2026-01-17 21:12:00,-3.2821614583049077,IISC
2026-01-17 21:12:30,-3.6259263540389437,IISC
2026-01-17 21:13:00,-4.438269251095057,IISC
2026-01-17 21:13:30,-5.544663348919255,IISC
2026-01-17 21:14:00,-1.1497613510698728,IISC
2026-01-17 21:14:30,-0.8186893190744802,IISC
2026-01-17 21:15:00,-9.568299246924273,IISC
2026-01-17 21:15:30,-11.280777295695323,IISC
2026-01-17 21:16:00,-9.828502825504044,IISC
2026-01-17 21:16:30,-8.462962885446405,IISC
2026-01-17 21:17:00,-6.894337212258877,IISC
2026-01-17 21:17:30,-2.675019763130962,IISC
2026-01-17 21:18:00,-4.049021613661157,IISC
2026-01-17 21:18:30,-6.951455081351052,IISC
2026-01-17 21:19:00,-8.530658137703798,IISC
2026-01-17 21:19:30,-7.455996173613723,IISC
2026-01-17 21:20:00,-9.07222005331301,IISC
2026-01-17 21:20:30,-8.100158696074594,IISC
2026-01-17 21:21:00,-9.100778978008144,IISC
2026-01-17 21:21:30,-7.526864623088964,IISC
2026-01-17 21:22:00,-6.724041368911357,IISC
2026-01-17 21:22:30,-4.813369648642705,IISC
2026-01-17 21:23:00,-5.6177794876379,IISC
2026-01-17 21:23:30,-7.81205727506086,IISC
2026-01-17 21:24:00,-0.036888617139301916,IISC
2026-01-17 21:24:30,-2.7214280300444367,IISC
2026-01-17 21:25:00,-2.3941902804833486,IISC
2026-01-17 21:25:30,1.1435471534830135,IISC
2026-01-17 21:26:00,1.5258628260754805,IISC
2026-01-17 21:26:30,-0.2203117503868722,IISC
2026-01-17 21:27:00,-4.055368046937757,IISC
2026-01-17 21:27:30,-5.415317083057933,IISC
2026-01-17 21:28:00,-3.91257339193904,IISC
2026-01-17 21:28:30,-3.67730219711397,IISC
2026-01-17 21:29:00,-3.5073085770980823,IISC
2026-01-17 21:29:30,-4.747922088091457,IISC
2026-01-17 21:30:00,-2.8868318171776974,IISC
2026-01-17 21:30:30,-2.022924193445223,IISC
2026-01-17 21:31:00,-4.627604380199589,IISC
2026-01-17 21:31:30,-6.656346128475109,IISC
2026-01-17 21:32:00,-5.108875241319926,IISC
2026-01-17 21:32:30,-8.112851559813237,IISC
2026-01-17 21:33:00,-11.124232048492393,IISC
2026-01-17 21:33:30,-8.542293245394198,IISC
2026-01-17 21:34:00,-6.893279479852929,IISC
2026-01-17 21:34:30,-4.243645428437726,IISC
2026-01-17 21:35:00,-3.6766977814108435,IISC
2026-01-17 21:35:30,-8.511618832244878,IISC
2026-01-17 21:36:00,-9.425504591925552,IISC
2026-01-17 21:36:30,-3.699968028314703,IISC
2026-01-17 21:37:00,-6.831930661435048,IISC
2026-01-17 21:37:30,-9.749172461615865,IISC
2026-01-17 21:38:00,-4.71116568947309,IISC
2026-01-17 21:38:30,-6.897510425238252,IISC
2026-01-17 21:39:00,-10.912684428532238,IISC
2026-01-17 21:39:30,-8.61950812082819,IISC
2026-01-17 21:40:00,-6.816064604418938,IISC
2026-01-17 21:40:30,-8.132948574035815,IISC
2026-01-17 21:41:00,-10.921146331124032,IISC
2026-01-17 21:41:30,-8.0715997634987,IISC
2026-01-17 21:42:00,-5.656783590768653,IISC
2026-01-17 21:42:30,-7.31849020428704,IISC
2026-01-17 21:43:00,-10.993072516945604,IISC
2026-01-17 21:43:30,-9.107125407907276,IISC
2026-01-17 21:44:00,-5.134260937274159,IISC
2026-01-17 21:44:30,-3.3012007401215366,IISC
2026-01-17 21:45:00,-6.895394960426354,IISC
2026-01-17 21:45:30,-7.167233654577292,IISC
2026-01-17 21:46:00,-6.895791600227631,IISC
2026-01-17 21:46:30,-4.3480970842389635,IISC
2026-01-17 21:47:00,1.6397585459133002,IISC
2026-01-17 21:47:30,3.1355325100358344,IISC
2026-01-17 21:48:00,1.6766471719184612,IISC
2026-01-17 21:48:30,-1.2673025143514114,IISC
2026-01-17 21:49:00,-1.8599003130912075,IISC
2026-01-17 21:49:30,-2.717178183844559,IISC
2026-01-17 21:50:00,-6.692309236865967,IISC
2026-01-17 21:50:30,-3.847125851652611,IISC
2026-01-17 21:51:00,0.514060733170985,IISC
2026-01-17 21:51:30,5.273882374790211,IISC
2026-01-17 21:52:00,5.114768343820913,IISC
2026-01-17 21:52:30,0.9342849949832398,IISC
2026-01-17 21:53:00,0.06799745307255987,IISC
2026-01-17 21:53:30,-0.14007474633811054,IISC
2026-01-17 21:54:00,-3.2597978515616326,IISC
2026-01-17 21:54:30,-0.3576666032629901,IISC
2026-01-17 21:55:00,0.8322888128412977,IISC
2026-01-17 21:55:30,1.5585016033476615,IISC
2026-01-17 21:56:00,1.5748209843844438,IISC
2026-01-17 21:56:30,-1.9193980712309089,IISC
2026-01-17 21:57:00,-2.506046094156737,IISC
2026-01-17 21:57:30,-1.0899991489926342,IISC
2026-01-17 21:58:00,0.40220492836345656,IISC
2026-01-17 21:58:30,0.7139732439630915,IISC
2026-01-17 21:59:00,-1.5017237266377168,IISC
2026-01-17 21:59:30,-0.19634263289152165,IISC
2026-01-17 22:00:00,-0.9626739368212288,IISC
2026-01-17 22:00:30,1.8396710567054062,IISC
2026-01-17 22:01:00,-0.502161185975974,IISC
2026-01-17 22:01:30,-3.1688512581404105,IISC
2026-01-17 22:02:00,-2.3822907377212665,IISC
2026-01-17 22:02:30,1.2101846629909545,IISC
2026-01-17 22:03:00,-1.2292239438224881,IISC
2026-01-17 22:03:30,-1.2839618928366283,IISC
2026-01-17 22:04:00,-6.159209201965352,IISC
2026-01-17 22:04:30,-3.278327165034554,IISC
2026-01-17 22:05:00,-4.537299983493962,IISC
2026-01-17 22:05:30,-2.9867880836560747,IISC
2026-01-17 22:06:00,-2.5216477328477893,IISC
2026-01-17 22:06:30,-2.049896510665574,IISC
2026-01-17 22:07:00,-6.241712783265831,IISC
2026-01-17 22:07:30,-3.2885078882040393,IISC
2026-01-17 22:08:00,-3.6703513515117114,IISC
2026-01-17 22:08:30,-0.4505964558517793,IISC
2026-01-17 22:09:00,-2.405296537732305,IISC
2026-01-17 22:09:30,1.074661960149691,IISC
2026-01-17 22:10:00,0.676952408302855,IISC
2026-01-17 22:10:30,-1.4691982753748631,IISC
2026-01-17 22:11:00,-4.99992820456914,IISC
2026-01-17 22:11:30,-4.5747174643735,IISC
2026-01-17 22:12:00,-4.4700013966503285,IISC
2026-01-17 22:12:30,-3.168983472228416,IISC
2026-01-17 22:13:00,-3.6989102801472273,IISC
2026-01-17 22:13:30,-4.795784742973685,IISC
2026-01-17 22:14:00,0.33424525679591266,IISC
2026-01-17 22:14:30,-0.14596786009733068,IISC
2026-01-17 22:15:00,2.7046364320531904,IISC
2026-01-17 22:15:30,3.66823587881905,IISC
2026-01-17 22:16:00,-1.7770000919894502,IISC
2026-01-17 22:16:30,2.791635395288316,IISC
2026-01-17 22:17:00,-6.488165769641395,IISC
2026-01-17 22:17:30,-3.6185221877934817,IISC
2026-01-17 22:18:00,-3.4334180158954197,IISC
2026-01-17 22:18:30,-2.9711864444724743,IISC
2026-01-17 22:19:00,2.579823325902237,IISC
2026-01-17 22:19:30,-2.08752177842374,IISC
2026-01-17 22:20:00,-0.6271065046669246,IISC
2026-01-17 22:20:30,4.329057785675713,IISC
2026-01-17 22:21:00,4.869297542180611,IISC
2026-01-17 22:21:30,6.272254964595432,IISC
2026-01-17 22:22:00,8.089316889166296,IISC
2026-01-17 22:22:30,5.096579020830395,IISC
2026-01-17 22:23:00,2.7000088247019427,IISC
2026-01-17 22:23:30,5.915268344830351,IISC
2026-01-17 22:24:00,2.368011270448223,IISC
2026-01-17 22:24:30,4.117245723255666,IISC
2026-01-17 22:25:00,3.391372923231705,IISC
2026-01-17 22:25:30,2.064572637441803,IISC
2026-01-17 22:26:00,3.629364004552735,IISC
2026-01-17 22:26:30,2.598862618132732,IISC
2026-01-17 22:27:00,4.106139466991806,IISC
2026-01-17 22:27:30,3.3826465806427573,IISC
2026-01-17 22:28:00,2.7956019115125335,IISC
2026-01-17 22:28:30,2.0107602028052236,IISC
2026-01-17 22:29:00,1.4988149561182342,IISC
2026-01-17 22:29:30,3.968633505545886,IISC
2026-01-17 22:30:00,7.269834261428948,IISC
2026-01-17 22:30:30,6.600286023311937,IISC
2026-01-17 22:31:00,7.2211782988689475,IISC
2026-01-17 22:31:30,7.226466992421747,IISC
2026-01-17 22:32:00,10.124669502905173,IISC
2026-01-17 22:32:30,6.762119944365758,IISC
2026-01-17 22:33:00,8.194032960337305,IISC
2026-01-17 22:33:30,6.384110787134679,IISC
2026-01-17 22:34:00,4.93355512717759,IISC
2026-01-17 22:34:30,4.954974328087155,IISC
2026-01-17 22:35:00,4.424254211998022,IISC
2026-01-17 22:35:30,3.6757722621078033,IISC
2026-01-17 22:36:00,3.8863943755711565,IISC
2026-01-17 22:36:30,-0.23164465388463817,IISC
2026-01-17 22:37:00,4.386440083436445,IISC
2026-01-17 22:37:30,1.83094472445996,IISC
2026-01-17 22:38:00,2.1493239045378556,IISC
2026-01-17 22:38:30,1.9388340248644154,IISC
2026-01-17 22:39:00,2.773389412776149,IISC
2026-01-17 22:39:30,6.522145606410261,IISC
2026-01-17 22:40:00,5.314340872363198,IISC
2026-01-17 22:40:30,7.664502797637793,IISC
2026-01-17 22:41:00,5.107288623501642,IISC
2026-01-17 22:41:30,5.603500029230717,IISC
2026-01-17 22:42:00,10.751247134473457,IISC
2026-01-17 22:42:30,9.91589844528707,IISC
2026-01-17 22:43:00,8.077417328672498,IISC
2026-01-17 22:43:30,12.880077379076884,IISC
2026-01-17 22:44:00,10.71197860612198,IISC
2026-01-17 22:44:30,8.482002168248128,IISC
2026-01-17 22:45:00,9.256663145905192,IISC
2026-01-17 22:45:30,11.862665493241513,IISC
2026-01-17 22:46:00,10.19434799948334,IISC
2026-01-17 22:46:30,8.767591469379708,IISC
2026-01-17 22:47:00,6.2127572020228,IISC
2026-01-17 22:47:30,9.669577663641107,IISC
2026-01-17 22:48:00,8.085747011265713,IISC
2026-01-17 22:48:30,7.929862860115289,IISC
2026-01-17 22:49:00,12.276769977665841,IISC
2026-01-17 22:49:30,11.514688537034454,IISC
2026-01-17 22:50:00,9.768513965638306,IISC
2026-01-17 22:50:30,7.690511834596364,IISC
2026-01-17 22:51:00,8.366406499797948,IISC
2026-01-17 22:51:30,6.624311783793404,IISC
2026-01-17 22:52:00,6.933020203416406,IISC
2026-01-17 22:52:30,6.3414423824565755,IISC
2026-01-17 22:53:00,4.576228531495445,IISC
2026-01-17 22:53:30,6.863662813745258,IISC
2026-01-17 22:54:00,6.822864351020892,IISC
2026-01-17 22:54:30,7.86186541147566,IISC
2026-01-17 22:55:00,7.479719726525086,IISC
2026-01-17 22:55:30,3.9724111544932073,IISC
2026-01-17 22:56:00,4.733982620799951,IISC
2026-01-17 22:56:30,8.322888128412973,IISC
2026-01-17 22:57:00,9.457085632288491,IISC
2026-01-17 22:57:30,3.9057736481516443,IISC
2026-01-17 22:58:00,4.452473161127913,IISC
2026-01-17 22:58:30,4.165523904399477,IISC
2026-01-17 22:59:00,6.961579135429391,IISC
2026-01-17 22:59:30,7.830586580934475,IISC
2026-01-17 23:00:00,9.729075449644936,IISC
2026-01-17 23:00:30,10.107141279203903,IISC
2026-01-17 23:01:00,7.429401616418919,IISC
2026-01-17 23:01:30,3.8622552717004632,IISC
2026-01-17 23:02:00,5.375878567064562,IISC
2026-01-17 23:02:30,9.210934853483037,IISC
2026-01-17 23:03:00,10.48248721530088,IISC
2026-01-17 23:03:30,6.058572981119745,IISC
2026-01-17 23:04:00,7.8509858224290685,IISC
2026-01-17 23:04:30,8.248090941685428,IISC
2026-01-17 23:05:00,5.413957141393141,IISC
2026-01-17 23:05:30,7.422601872631525,IISC
2026-01-17 23:06:00,11.116563454563469,IISC
2026-01-17 23:06:30,9.442296189424251,IISC
2026-01-17 23:07:00,9.298311585468843,IISC
2026-01-17 23:07:30,10.632251591596475,IISC
2026-01-17 23:08:00,9.71836584127421,IISC
2026-01-17 23:08:30,6.431708993646438,IISC
2026-01-17 23:09:00,7.563356582202724,IISC
2026-01-17 23:09:30,10.063452913844277,IISC
2026-01-17 23:10:00,12.408855034426242,IISC
2026-01-17 23:10:30,10.86786277500412,IISC
2026-01-17 23:11:00,8.213072250034696,IISC
2026-01-17 23:11:30,9.188835678574698,IISC
2026-01-17 23:12:00,10.590603152032827,IISC
2026-01-17 23:12:30,8.384425812981927,IISC
2026-01-17 23:13:00,5.340519886831253,IISC
2026-01-17 23:13:30,6.920780674604851,IISC
2026-01-17 23:14:00,8.094076702724786,IISC
2026-01-17 23:14:30,11.732960352126216,IISC
2026-01-17 23:15:00,13.534552847168555,IISC
2026-01-17 23:15:30,8.860407988922773,IISC
2026-01-17 23:16:00,9.627929232943314,IISC
2026-01-17 23:16:30,12.398145427322063,IISC
2026-01-17 23:17:00,12.792020668659381,IISC
2026-01-17 23:17:30,12.094706794315647,IISC
2026-01-17 23:18:00,9.715985930062033,IISC
2026-01-17 23:18:30,9.391128100578978,IISC
2026-01-17 23:19:00,9.128147953746586,IISC
2026-01-17 23:19:30,9.292361805221942,IISC
2026-01-17 23:20:00,10.27169510279667,IISC
2026-01-17 23:20:30,8.2523407828191,IISC
2026-01-17 23:21:00,10.118190858425491,IISC
2026-01-17 23:21:30,10.627491778037987,IISC
2026-01-17 23:22:00,8.894916708148692,IISC
2026-01-17 23:22:30,12.355307029935865,IISC
2026-01-17 23:23:00,12.963374249338326,IISC
2026-01-17 23:23:30,11.121323272554887,IISC
2026-01-17 23:24:00,9.984915866007182,IISC
2026-01-17 23:24:30,12.743232499892136,IISC
2026-01-17 23:25:00,13.052620913145455,IISC
2026-01-17 23:25:30,9.17812608920224,IISC
2026-01-17 23:26:00,8.986543265436275,IISC
2026-01-17 23:26:30,8.490331859707203,IISC
2026-01-17 23:27:00,8.126205506305599,IISC
2026-01-17 23:27:30,11.717490927030621,IISC
2026-01-17 23:28:00,13.664257979417997,IISC
2026-01-17 23:28:30,7.3479746684796705,IISC
2026-01-17 23:29:00,8.95798433089019,IISC
2026-01-17 23:29:30,10.892851831649624,IISC
2026-01-17 23:30:00,11.590165705993359,IISC
2026-01-17 23:30:30,11.70678133765816,IISC
2026-01-17 23:31:00,9.307831217018748,IISC
2026-01-17 23:31:30,6.769656341445847,IISC
2026-01-17 23:32:00,4.970311535646912,IISC
2026-01-17 23:32:30,5.927564548573262,IISC
2026-01-17 23:33:00,5.158588920524349,IISC
2026-01-17 23:33:30,6.220558020875781,IISC
2026-01-17 23:34:00,9.162127792485643,IISC
2026-01-17 23:34:30,9.478391499870876,IISC
2026-01-17 23:35:00,6.969436630761733,IISC
2026-01-17 23:35:30,8.601526579298275,IISC
2026-01-17 23:36:00,10.943358825920036,IISC
2026-01-17 23:36:30,11.954556498899565,IISC
2026-01-17 23:37:00,10.38593082571204,IISC
2026-01-17 23:37:30,12.161873157712868,IISC
2026-01-17 23:38:00,13.090567257765231,IISC
2026-01-17 23:38:30,9.110298632707794,IISC
2026-01-17 23:39:00,8.268339074610218,IISC
2026-01-17 23:39:30,9.074335533886435,IISC
2026-01-17 23:40:00,12.535254738130659,IISC
2026-01-17 23:40:30,12.179854715004309,IISC
2026-01-17 23:41:00,7.219062818295522,IISC
2026-01-17 23:41:30,2.652807264394578,IISC
2026-01-17 23:42:00,4.648759150470403,IISC
2026-01-17 23:42:30,8.025059289392885,IISC
2026-01-17 23:43:00,11.85301362839424,IISC
2026-01-17 23:43:30,12.209471395747682,IISC
2026-01-17 23:44:00,13.088451789012947,IISC
2026-01-17 23:44:30,13.11066428774933,IISC
2026-01-17 23:45:00,8.558159318171834,IISC
2026-01-17 23:45:30,6.74413839889546,IISC
2026-01-17 23:46:00,6.341140165316968,IISC
2026-01-17 23:46:30,8.861730161818427,IISC
2026-01-17 23:47:00,10.499108815728915,IISC
2026-01-17 23:47:30,13.233361904883187,IISC
2026-01-17 23:48:00,10.751908228063225,IISC
2026-01-17 23:48:30,10.483242735070512,IISC
2026-01-17 23:49:00,8.647009324938518,IISC
2026-01-17 23:49:30,8.907212903518293,IISC
2026-01-17 23:50:00,7.727834867764662,IISC
2026-01-17 23:50:30,7.067806264645392,IISC
2026-01-17 23:51:00,5.988913374871903,IISC
2026-01-17 23:51:30,10.351025475058158,IISC
2026-01-17 23:52:00,11.77865464030727,IISC
2026-01-17 23:52:30,10.630585663057108,IISC
2026-01-17 23:53:00,9.419158165966804,IISC
2026-01-17 23:53:30,8.214394418497417,IISC
2026-01-17 23:54:00,9.667726632915793,IISC
2026-01-17 23:54:30,9.21713017312363,IISC
2026-01-17 23:55:00,9.903602236126135,IISC
2026-01-17 23:55:30,8.260934900483994,IISC
2026-01-17 23:56:00,7.304739619963595,IISC
2026-01-17 23:56:30,6.977898529413141,IISC
2026-01-17 23:57:00,7.343875923883563,IISC
2026-01-17 23:57:30,9.64551412235826,IISC
2026-01-17 23:58:00,9.990336766259775,IISC
2026-01-17 23:58:30,8.605757532564361,IISC
2026-01-17 23:59:00,9.538682578002046,IISC
2026-01-17 23:59:30,7.029727704952517,IISC
2026-01-18 00:00:00,10.305542729417914,IISC
2026-01-18 00:00:30,11.532518971683302,IISC
2026-01-18 00:01:00,8.951637900991061,IISC
2026-01-18 00:01:30,6.030165147544153,IISC
2026-01-18 00:02:00,6.800198519820159,IISC
2026-01-18 00:02:30,7.873802735742757,IISC
2026-01-18 00:03:00,10.33304392564748,IISC
2026-01-18 00:03:30,8.476713469769853,IISC
2026-01-18 00:04:00,7.488786055515326,IISC
2026-01-18 00:04:30,9.632821274381145,IISC
2026-01-18 00:05:00,8.175258110637067,IISC
2026-01-18 00:05:30,6.33162053425961,IISC
2026-01-18 00:06:00,8.589891463727106,IISC
2026-01-18 00:06:30,10.476367430693609,IISC
2026-01-18 00:07:00,8.799006284968202,IISC
2026-01-18 00:07:30,8.805670045228148,IISC
2026-01-18 00:08:00,10.529677441846301,IISC
2026-01-18 00:08:30,7.295854624015382,IISC
2026-01-18 00:09:00,7.839426247351469,IISC
2026-01-18 00:09:30,10.15555546135357,IISC
2026-01-18 00:10:00,12.418903543015176,IISC
2026-01-18 00:10:30,9.564068289717802,IISC
2026-01-18 00:11:00,11.218370740931112,IISC
2026-01-18 00:11:30,10.597478457493333,IISC
2026-01-18 00:12:00,4.950214512755494,IISC
2026-01-18 00:12:30,7.199706223455759,IISC
2026-01-18 00:13:00,8.307792692341398,IISC
2026-01-18 00:13:30,8.432500023900769,IISC
2026-01-18 00:14:00,4.861681820982139,IISC
2026-01-18 00:14:30,7.408186404859245,IISC
2026-01-18 00:15:00,9.045565049312817,IISC
2026-01-18 00:15:30,12.425038420916579,IISC
2026-01-18 00:16:00,14.399412436272488,IISC
2026-01-18 00:16:30,16.22337609493609,IISC
2026-01-18 00:17:00,15.660765178356268,IISC
2026-01-18 00:17:30,18.400518515425297,IISC
2026-01-18 00:18:00,17.890582946124237,IISC
2026-01-18 00:18:30,16.3725965088778,IISC
2026-01-18 00:19:00,13.246583634824802,IISC
2026-01-18 00:19:30,9.641018737960879,IISC
2026-01-18 00:20:00,11.474740023285245,IISC
2026-01-18 00:20:30,15.024377022178333,IISC
2026-01-18 00:21:00,16.75576213867801,IISC
2026-01-18 00:21:30,17.757704599417778,IISC
2026-01-18 00:22:00,18.35268231380268,IISC
2026-01-18 00:22:30,13.992685673502848,IISC
2026-01-18 00:23:00,10.883332186800928,IISC
2026-01-18 00:23:30,14.111681216379829,IISC
2026-01-18 00:24:00,13.463155528535056,IISC
2026-01-18 00:24:30,9.466095297113062,IISC
2026-01-18 00:25:00,7.591915521181741,IISC
2026-01-18 00:25:30,7.829906602502773,IISC
2026-01-18 00:26:00,10.5215857446115,IISC
2026-01-18 00:26:30,12.76941151879312,IISC
2026-01-18 00:27:00,11.69131190369671,IISC
2026-01-18 00:27:30,10.675089993415607,IISC
2026-01-18 00:28:00,13.052620895413735,IISC
2026-01-18 00:28:30,12.79321062648193,IISC
2026-01-18 00:29:00,5.103718758899846,IISC
2026-01-18 00:29:30,6.134220149752776,IISC
2026-01-18 00:30:00,11.848386025968471,IISC
2026-01-18 00:30:30,10.551334628114278,IISC
2026-01-18 00:31:00,8.724753080859362,IISC
2026-01-18 00:31:30,8.072657501815222,IISC
2026-01-18 00:32:00,9.664817863381403,IISC
2026-01-18 00:32:30,11.433091583721595,IISC
2026-01-18 00:33:00,9.959926782764105,IISC
2026-01-18 00:33:30,11.041596253596452,IISC
2026-01-18 00:34:00,10.093201792914128,IISC
2026-01-18 00:34:30,11.593735566162222,IISC
2026-01-18 00:35:00,10.728637975741337,IISC
2026-01-18 00:35:30,13.298941672626775,IISC
2026-01-18 00:36:00,9.74494150834978,IISC
2026-01-18 00:36:30,3.034650739523396,IISC
2026-01-18 00:37:00,4.403363896500792,IISC
2026-01-18 00:37:30,3.9728644588119724,IISC
2026-01-18 00:38:00,5.722363354571858,IISC
2026-01-18 00:38:30,4.60010317608926,IISC
2026-01-18 00:39:00,8.904039678717771,IISC
2026-01-18 00:39:30,6.965205669614881,IISC
2026-01-18 00:40:00,8.782399809751395,IISC
2026-01-18 00:40:30,4.7735722363565385,IISC
2026-01-18 00:41:00,5.8533906710455454,IISC
2026-01-18 00:41:30,3.831656417691156,IISC
2026-01-18 00:42:00,5.108478568025405,IISC
2026-01-18 00:42:30,8.873365269508831,IISC
2026-01-18 00:43:00,12.074080903054046,IISC
2026-01-18 00:43:30,13.367694645468967,IISC
2026-01-18 00:44:00,11.006823120970958,IISC
2026-01-18 00:44:30,10.000914153365372,IISC
2026-01-18 00:45:00,10.589016550961162,IISC
2026-01-18 00:45:30,7.003284241128902,IISC
2026-01-18 00:46:00,3.6566007593075023,IISC
2026-01-18 00:46:30,7.24087867723063,IISC
2026-01-18 00:47:00,10.506116323948834,IISC
2026-01-18 00:47:30,8.986543261003348,IISC
2026-01-18 00:48:00,8.966314017916336,IISC
2026-01-18 00:48:30,6.559034236848351,IISC
2026-01-18 00:49:00,5.991425499186986,IISC
2026-01-18 00:49:30,6.324613011263258,IISC
2026-01-18 00:50:00,7.953661972237028,IISC
2026-01-18 00:50:30,4.7669613777888475,IISC
2026-01-18 00:51:00,6.919590716782299,IISC
2026-01-18 00:51:30,8.411794803004248,IISC
2026-01-18 00:52:00,13.016072271289941,IISC
2026-01-18 00:52:30,11.628924249887778,IISC
2026-01-18 00:53:00,10.583123425380796,IISC
2026-01-18 00:53:30,13.116708496568476,IISC
2026-01-18 00:54:00,9.99834535834077,IISC
2026-01-18 00:54:30,12.527850569070637,IISC
2026-01-18 00:55:00,13.640288894852976,IISC
2026-01-18 00:55:30,11.390933176799333,IISC
2026-01-18 00:56:00,13.18878580503264,IISC
2026-01-18 00:56:30,13.464855457515872,IISC
2026-01-18 00:57:00,10.34377240049515,IISC
2026-01-18 00:57:30,11.478309887887038,IISC
2026-01-18 00:58:00,10.86786276170533,IISC
2026-01-18 00:58:30,13.149347283973068,IISC
2026-01-18 00:59:00,12.735922768481307,IISC
2026-01-18 00:59:30,12.061388044944518,IISC
2026-01-18 01:00:00,14.818004749848653,IISC
2026-01-18 01:00:30,13.867400373828628,IISC
2026-01-18 01:01:00,13.376458773081128,IISC
2026-01-18 01:01:30,10.234976489764426,IISC
2026-01-18 01:02:00,10.965269115397577,IISC
2026-01-18 01:02:30,11.155661976908059,IISC
2026-01-18 01:03:00,11.507888793247059,IISC
2026-01-18 01:03:30,13.145267433647664,IISC
2026-01-18 01:04:00,12.187863308774045,IISC
2026-01-18 01:04:30,4.130335228273227,IISC
2026-01-18 01:05:00,5.73796500606915,IISC
2026-01-18 01:05:30,8.75093209976035,IISC
2026-01-18 01:06:00,3.4056523905047493,IISC
2026-01-18 01:06:30,6.371361251068147,IISC
2026-01-18 01:07:00,5.505073709157467,IISC
2026-01-18 01:07:30,7.1601317077230835,IISC
2026-01-18 01:08:00,9.941227489248595,IISC
2026-01-18 01:08:30,10.047303521715941,IISC
2026-01-18 01:09:00,8.706393775293158,IISC
2026-01-18 01:09:30,9.239493785496023,IISC
2026-01-18 01:10:00,9.877309886501438,IISC
2026-01-18 01:10:30,7.622514381523805,IISC
2026-01-18 01:11:00,4.592547912532227,IISC
2026-01-18 01:11:30,2.747097057522336,IISC
2026-01-18 01:12:00,5.577151017621633,IISC
2026-01-18 01:12:30,9.360529247202948,IISC
2026-01-18 01:13:00,7.986980718441778,IISC
2026-01-18 01:13:30,9.977946116846178,IISC
2026-01-18 01:14:00,10.448488491297704,IISC
2026-01-18 01:14:30,10.904071406112411,IISC
2026-01-18 01:15:00,18.428669445687262,IISC
2026-01-18 01:15:30,6.136996695840753,IISC
2026-01-18 01:16:00,3.2223992463767153,IISC
2026-01-18 01:16:30,0.568005393224167,IISC
2026-01-18 01:17:00,0.6203634132944179,IISC
2026-01-18 01:17:30,2.2942340302590467,IISC
2026-01-18 01:18:00,2.8368536979761187,IISC
2026-01-18 01:18:30,2.3656313636689785,IISC
2026-01-18 01:19:00,0.46011608493894823,IISC
2026-01-18 01:19:30,1.2565929072472344,IISC
2026-01-18 01:20:00,3.2910766770366107,IISC
2026-01-18 01:20:30,0.48958165401650333,IISC
2026-01-18 01:21:00,-0.5127007940392956,IISC
2026-01-18 01:21:30,-3.448490774592161,IISC
2026-01-18 01:22:00,-6.186578187554746,IISC
2026-01-18 01:22:30,-5.521393103493038,IISC
2026-01-18 01:23:00,-0.33199755425371924,IISC
2026-01-18 01:23:30,3.6960015051948174,IISC
2026-01-18 01:24:00,-1.813492042237351,IISC
2026-01-18 01:24:30,-4.487321852471238,IISC
2026-01-18 01:25:00,-3.4413510453885694,IISC
2026-01-18 01:25:30,-1.062630185567887,IISC
2026-01-18 01:26:00,-2.7737860634134757,IISC
2026-01-18 01:26:30,-6.559034223549563,IISC
2026-01-18 01:27:00,-6.021174378256839,IISC
2026-01-18 01:27:30,-6.412159718858719,IISC
2026-01-18 01:28:00,-3.900333866293861,IISC
2026-01-18 01:28:30,-4.13152519052871,IISC
2026-01-18 01:29:00,-3.822816745574684,IISC
2026-01-18 01:29:30,-4.795180319952705,IISC
2026-01-18 01:30:00,-8.224971796596432,IISC
2026-01-18 01:30:30,-7.1886906296036575,IISC
2026-01-18 01:31:00,-3.7208205786313555,IISC
2026-01-18 01:31:30,-5.1678063575214805,IISC
2026-01-18 01:32:00,-3.1807508053354216,IISC
2026-01-18 01:32:30,-3.698381420839921,IISC
2026-01-18 01:33:00,-7.09213424641794,IISC
2026-01-18 01:33:30,-3.2711874225321727,IISC
2026-01-18 01:34:00,-2.372771088439641,IISC
2026-01-18 01:34:30,-7.279807217632806,IISC
2026-01-18 01:35:00,-8.593517978773601,IISC
2026-01-18 01:35:30,-5.819221951167891,IISC
2026-01-18 01:36:00,-6.3931204494261475,IISC
2026-01-18 01:36:30,-3.035406266047974,IISC
2026-01-18 01:37:00,-1.3504293988707856,IISC
2026-01-18 01:37:30,0.27742960934663685,IISC
2026-01-18 01:38:00,-0.885326816409456,IISC
2026-01-18 01:38:30,-4.478992165445096,IISC
2026-01-18 01:39:00,-5.7629540538487944,IISC
2026-01-18 01:39:30,-8.516907533678442,IISC
2026-01-18 01:40:00,-8.753840873235115,IISC
2026-01-18 01:40:30,-3.844031965746905,IISC
2026-01-18 01:41:00,-4.364756444992462,IISC
2026-01-18 01:41:30,-6.436230834258721,IISC
2026-01-18 01:42:00,-9.516787396623217,IISC
2026-01-18 01:42:30,-5.279594164232529,IISC
2026-01-18 01:43:00,-7.392954973101334,IISC
2026-01-18 01:43:30,-6.5599861924673615,IISC
2026-01-18 01:44:00,-9.010871246716274,IISC
2026-01-18 01:44:30,-4.877230579554524,IISC
2026-01-18 01:45:00,1.6606488889932014,IISC
2026-01-18 01:45:30,-1.466025062395489,IISC
2026-01-18 01:46:00,-3.4302448029160453,IISC
2026-01-18 01:46:30,-3.623810873465519,IISC
2026-01-18 01:47:00,-7.418975338446036,IISC
2026-01-18 01:47:30,-5.957181217495489,IISC
2026-01-18 01:48:00,-6.791736613287985,IISC
2026-01-18 01:48:30,-8.885397054434137,IISC
2026-01-18 01:49:00,-9.018672060151232,IISC
2026-01-18 01:49:30,-8.622416912034673,IISC
2026-01-18 01:50:00,-10.099151573161027,IISC
2026-01-18 01:50:30,-7.70562236902828,IISC
2026-01-18 01:51:00,-7.720430709399965,IISC
2026-01-18 01:51:30,-11.534634452256727,IISC
2026-01-18 01:52:00,-10.73709989163192,IISC
2026-01-18 01:52:30,-9.739652826618126,IISC
2026-01-18 01:53:00,-13.342308941633972,IISC
2026-01-18 01:53:30,-10.06437843265477,IISC
2026-01-18 01:54:00,-3.047237810713574,IISC
2026-01-18 01:54:30,-7.040728173987428,IISC
2026-01-18 01:55:00,-5.809838288326782,IISC
2026-01-18 01:55:30,-5.626109190622591,IISC
2026-01-18 01:56:00,-5.570895257592842,IISC
2026-01-18 01:56:30,-6.1058992023382705,IISC
2026-01-18 01:57:00,-8.979879512269019,IISC
2026-01-18 01:57:30,-9.705276332710302,IISC
2026-01-18 01:58:00,-16.111996266164894,IISC
2026-01-18 01:58:30,-17.485680792638885,IISC
2026-01-18 01:59:00,-17.509479910080138,IISC
2026-01-18 01:59:30,-16.695550397865503,IISC
2026-01-18 02:00:00,-17.439034534653445,IISC
2026-01-18 02:00:30,-16.29382144908472,IISC
2026-01-18 02:01:00,-19.056421930244273,IISC
2026-01-18 02:01:30,-16.006751325540097,IISC
2026-01-18 02:02:00,-15.599522138695521,IISC
2026-01-18 02:02:30,-16.239453711830684,IISC
2026-01-18 02:03:00,-16.160123344002127,IISC
2026-01-18 02:03:30,-15.607984041287315,IISC
2026-01-18 02:04:00,-17.384772571428083,IISC
2026-01-18 02:04:30,-20.026473593153117,IISC
2026-01-18 02:05:00,-19.304884623558628,IISC
2026-01-18 02:05:30,-18.466204052469095,IISC
2026-01-18 02:06:00,-20.3804985452379,IISC
2026-01-18 02:06:30,-17.949816287909073,IISC
2026-01-18 02:07:00,-14.31516359177373,IISC
2026-01-18 02:07:30,-17.541132714573386,IISC
2026-01-18 02:08:00,-18.324123383689525,IISC
2026-01-18 02:08:30,-15.39802302486156,IISC
2026-01-18 02:09:00,-17.23161209117244,IISC
2026-01-18 02:09:30,-19.26987349020723,IISC
2026-01-18 02:10:00,-22.044320643270094,IISC
2026-01-18 02:10:30,-24.069889190387386,IISC
2026-01-18 02:11:00,-20.50319616237175,IISC
2026-01-18 02:11:30,-18.19203832495893,IISC
2026-01-18 02:12:00,-18.737831201714997,IISC
2026-01-18 02:12:30,-16.342054306861197,IISC
2026-01-18 02:13:00,-15.42499533814153,IISC
2026-01-18 02:13:30,-17.388157334434993,IISC
2026-01-18 02:14:00,-17.062373988111634,IISC
2026-01-18 02:14:30,-14.990264959007767,IISC
2026-01-18 02:15:00,-17.951931760601738,IISC
2026-01-18 02:15:30,-17.73615319131588,IISC
2026-01-18 02:16:00,-19.08688478312107,IISC
2026-01-18 02:16:30,-24.644240991838583,IISC
2026-01-18 02:17:00,-24.39355705613732,IISC
2026-01-18 02:17:30,-20.5201199754361,IISC
2026-01-18 02:18:00,-22.341545049136794,IISC
2026-01-18 02:18:30,-25.519783743455918,IISC
2026-01-18 02:19:00,-23.012547691476634,IISC
2026-01-18 02:19:30,-23.628944593472312,IISC
2026-01-18 02:20:00,-21.049121269469897,IISC
2026-01-18 02:20:30,-18.828664467578882,IISC
2026-01-18 02:21:00,-21.053881083028386,IISC
2026-01-18 02:21:30,-21.6202998628672,IISC
2026-01-18 02:22:00,-27.326136052056746,IISC
2026-01-18 02:22:30,-28.771931885156558,IISC
2026-01-18 02:23:00,-29.28837252510679,IISC
2026-01-18 02:23:30,-25.63639937955365,IISC
2026-01-18 02:24:00,-26.387261236223118,IISC
2026-01-18 02:24:30,-27.810447919456667,IISC
2026-01-18 02:25:00,-20.32171853253994,IISC
2026-01-18 02:25:30,-20.32851826112872,IISC
2026-01-18 02:26:00,-18.5374653716166,IISC
2026-01-18 02:26:30,-19.76549936711567,IISC
2026-01-18 02:27:00,-19.906934060184774,IISC
2026-01-18 02:27:30,-22.339882890895304,IISC
2026-01-18 02:28:00,-24.661315917413116,IISC
2026-01-18 02:28:30,-22.63771173667033,IISC
2026-01-18 02:29:00,-19.896054476204394,IISC
2026-01-18 02:29:30,-21.891099719867988,IISC
2026-01-18 02:30:00,-23.796388322233433,IISC
2026-01-18 02:30:30,-24.36212711984089,IISC
2026-01-18 02:31:00,-21.969976756920936,IISC
2026-01-18 02:31:30,-25.95054760193253,IISC
2026-01-18 02:32:00,-22.146770146055243,IISC
2026-01-18 02:32:30,-18.357952114351324,IISC
2026-01-18 02:33:00,-20.55834964369878,IISC
2026-01-18 02:33:30,-17.907808976328194,IISC
2026-01-18 02:34:00,-21.615030057252348,IISC
2026-01-18 02:34:30,-20.60322797701337,IISC
2026-01-18 02:35:00,-18.27771511536877,IISC
2026-01-18 02:35:30,-19.301756736451544,IISC
2026-01-18 02:36:00,-22.863463279047398,IISC
2026-01-18 02:36:30,-23.641354121324717,IISC
2026-01-18 02:37:00,-23.967741894046526,IISC
2026-01-18 02:37:30,-26.39389099110207,IISC
2026-01-18 02:38:00,-24.949625105673938,IISC
2026-01-18 02:38:30,-23.512158969099403,IISC
2026-01-18 02:39:00,-24.684435042237293,IISC
2026-01-18 02:39:30,-23.751509999051258,IISC
2026-01-18 02:40:00,-25.19985573480479,IISC
2026-01-18 02:40:30,-24.07381792651387,IISC
2026-01-18 02:41:00,-21.59599077262116,IISC
2026-01-18 02:41:30,-21.196165759902808,IISC
2026-01-18 02:42:00,-25.61328023003173,IISC
2026-01-18 02:42:30,-24.25197125224676,IISC
2026-01-18 02:43:00,-21.515753788837223,IISC
2026-01-18 02:43:30,-22.776426546409855,IISC
2026-01-18 02:44:00,-26.070223121974664,IISC
2026-01-18 02:44:30,-27.223459915547576,IISC
2026-01-18 02:45:00,-24.95506489259792,IISC
2026-01-18 02:45:30,-24.498122025986014,IISC
2026-01-18 02:46:00,-28.63508700343871,IISC
2026-01-18 02:46:30,-26.667240745057097,IISC
2026-01-18 02:47:00,-23.669913068536317,IISC
2026-01-18 02:47:30,-26.78555631330203,IISC
2026-01-18 02:48:00,-26.29189481402633,IISC
2026-01-18 02:48:30,-25.494964666853004,IISC
2026-01-18 02:49:00,-23.535278104055987,IISC
2026-01-18 02:49:30,-25.005383012836496,IISC
2026-01-18 02:50:00,-30.22486744239376,IISC
2026-01-18 02:50:30,-31.583456536849138,IISC
2026-01-18 02:51:00,-30.121511308454615,IISC
2026-01-18 02:51:30,-29.44969648344602,IISC
2026-01-18 02:52:00,-25.724796054489264,IISC
2026-01-18 02:52:30,-30.59137370320788,IISC
2026-01-18 02:53:00,-30.085642648197183,IISC
2026-01-18 02:53:30,-29.40498817007038,IISC
2026-01-18 02:54:00,-24.19536337331112,IISC
2026-01-18 02:54:30,-26.661800953066905,IISC
2026-01-18 02:55:00,-26.101501957582055,IISC
2026-01-18 02:55:30,-25.194415937748392,IISC
2026-01-18 02:56:00,-23.997660782922914,IISC
2026-01-18 02:56:30,-26.279655278248747,IISC
2026-01-18 02:57:00,-26.177659096106797,IISC
2026-01-18 02:57:30,-30.60837307914153,IISC
2026-01-18 02:58:00,-30.35542255654868,IISC
2026-01-18 02:58:30,-29.649608997404503,IISC
2026-01-18 02:59:00,-32.154635136579195,IISC
2026-01-18 02:59:30,-31.372664423711655,IISC
2026-01-18 03:00:00,-29.608810524547724,IISC
2026-01-18 03:00:30,-27.35809485976308,IISC
2026-01-18 03:01:00,-28.715324002421262,IISC
2026-01-18 03:01:30,-28.473253068875003,IISC
2026-01-18 03:02:00,-27.789198708088826,IISC
2026-01-18 03:02:30,-26.53940553956278,IISC
2026-01-18 03:03:00,-26.818195105772823,IISC
2026-01-18 03:03:30,-30.213987848280965,IISC
2026-01-18 03:04:00,-31.35770499447207,IISC
2026-01-18 03:04:30,-27.011307865811506,IISC
2026-01-18 03:05:00,-27.26561832500294,IISC
2026-01-18 03:05:30,-29.228024801526765,IISC
2026-01-18 03:06:00,-30.06711334802305,IISC
2026-01-18 03:06:30,-30.11199167627143,IISC
2026-01-18 03:07:00,-27.11194409109004,IISC
2026-01-18 03:07:30,-27.62736476845892,IISC
2026-01-18 03:08:00,-31.598415971154925,IISC
2026-01-18 03:08:30,-31.097954723025623,IISC
2026-01-18 03:09:00,-32.519101483629576,IISC
2026-01-18 03:09:30,-37.152447858886184,IISC
2026-01-18 03:10:00,-32.085277726643234,IISC
2026-01-18 03:10:30,-30.906201914784145,IISC
2026-01-18 03:11:00,-31.42298254395023,IISC
2026-01-18 03:11:30,-34.24215691500293,IISC
2026-01-18 03:12:00,-34.476068147898395,IISC
2026-01-18 03:12:30,-33.078040517184824,IISC
2026-01-18 03:13:00,-35.92713377204771,IISC
2026-01-18 03:13:30,-38.432159901089996,IISC
2026-01-18 03:14:00,-36.87365830787475,IISC
2026-01-18 03:14:30,-34.80245590542158,IISC
2026-01-18 03:15:00,-34.13472093073839,IISC
2026-01-18 03:15:30,-34.40535079123143,IISC
2026-01-18 03:16:00,-34.6147829424393,IISC
2026-01-18 03:16:30,-33.52546376174596,IISC
2026-01-18 03:17:00,-31.94248307671071,IISC
2026-01-18 03:17:30,-32.49190249834759,IISC
2026-01-18 03:18:00,-32.24031192248574,IISC
2026-01-18 03:18:30,-33.9715270545099,IISC
2026-01-18 03:19:00,-37.05045168181044,IISC
2026-01-18 03:19:30,-37.300682295742675,IISC
2026-01-18 03:20:00,-36.775741965925796,IISC
2026-01-18 03:20:30,-36.16512485526857,IISC
2026-01-18 03:21:00,-34.2856752762555,IISC
2026-01-18 03:21:30,-33.78521403319241,IISC
2026-01-18 03:22:00,-34.10480205199441,IISC
2026-01-18 03:22:30,-35.966572288041085,IISC
2026-01-18 03:23:00,-35.21724037271054,IISC
2026-01-18 03:23:30,-37.06813100957822,IISC
2026-01-18 03:24:00,-39.8981849646113,IISC
2026-01-18 03:24:30,-40.29529009400007,IISC
2026-01-18 03:25:00,-39.55411786412172,IISC
2026-01-18 03:25:30,-41.0840605303902,IISC
2026-01-18 03:26:00,-37.59579124805571,IISC
2026-01-18 03:26:30,-34.55222529148934,IISC
2026-01-18 03:27:00,-35.973372031828475,IISC
2026-01-18 03:27:30,-35.588506458482115,IISC
2026-01-18 03:28:00,-35.4321123108424,IISC
2026-01-18 03:28:30,-35.55178783595074,IISC
2026-01-18 03:29:00,-36.05632892933924,IISC
2026-01-18 03:29:30,-34.571264576120534,IISC
2026-01-18 03:30:00,-39.06997600716162,IISC
2026-01-18 03:30:30,-40.114416864672776,IISC
2026-01-18 03:31:00,-39.87642579158433,IISC
2026-01-18 03:31:30,-40.06681865816102,IISC
2026-01-18 03:32:00,-41.37100978205243,IISC
2026-01-18 03:32:30,-43.398693792855795,IISC
2026-01-18 03:33:00,-43.277658336215076,IISC
2026-01-18 03:33:30,-41.40228861765981,IISC
2026-01-18 03:34:00,-40.80255109098298,IISC
2026-01-18 03:34:30,-41.150698036731754,IISC
2026-01-18 03:35:00,-41.165657486236164,IISC
2026-01-18 03:35:30,-41.738196027631,IISC
2026-01-18 03:36:00,-41.535563615144326,IISC
2026-01-18 03:36:30,-41.47164600733096,IISC
2026-01-18 03:37:00,-42.13711440581789,IISC
2026-01-18 03:37:30,-46.00163625878082,IISC
2026-01-18 03:38:00,-45.09727016280639,IISC
2026-01-18 03:38:30,-43.46669125099455,IISC
2026-01-18 03:39:00,-41.75995521585661,IISC
2026-01-18 03:39:30,-41.37780952077362,IISC
2026-01-18 03:40:00,-42.11082205506738,IISC
2026-01-18 03:40:30,-41.47980570798176,IISC
2026-01-18 03:41:00,-42.180179449804726,IISC
2026-01-18 03:41:30,-46.117231938629956,IISC
2026-01-18 03:42:00,-48.24283229644849,IISC
2026-01-18 03:42:30,-44.2187430648533,IISC
2026-01-18 03:43:00,-42.95535041888487,IISC
2026-01-18 03:43:30,-47.970842479092035,IISC
2026-01-18 03:44:00,-47.082795748955775,IISC
2026-01-18 03:44:30,-48.123156766273944,IISC
2026-01-18 03:45:00,-48.05651927006479,IISC
2026-01-18 03:45:30,-48.452264432457746,IISC
2026-01-18 03:46:00,-46.51977686507514,IISC
2026-01-18 03:46:30,-45.85340182192432,IISC
2026-01-18 03:47:00,-49.625900452326626,IISC
2026-01-18 03:47:30,-50.235157626385266,IISC
2026-01-18 03:48:00,-49.5320639708355,IISC
2026-01-18 03:48:30,-49.96724767961904,IISC
2026-01-18 03:49:00,-44.33569869649964,IISC
2026-01-18 03:49:30,-44.96943494211346,IISC
2026-01-18 03:50:00,-48.93912619301226,IISC
2026-01-18 03:50:30,-49.968607621283844,IISC
2026-01-18 03:51:00,-48.449544538995745,IISC
2026-01-18 03:51:30,-46.21378832371551,IISC
2026-01-18 03:52:00,-47.21199092651211,IISC
2026-01-18 03:52:30,-46.19610898074911,IISC
2026-01-18 03:53:00,-45.0306326412662,IISC
2026-01-18 03:53:30,-49.76461525193374,IISC
2026-01-18 03:54:00,-50.5071474336093,IISC
2026-01-18 03:54:30,-47.179352128975104,IISC
2026-01-18 03:55:00,-45.78948420904475,IISC
2026-01-18 03:55:30,-45.735086258745596,IISC
2026-01-18 03:56:00,-47.23375010460529,IISC
2026-01-18 03:56:30,-48.849369561846515,IISC
2026-01-18 03:57:00,-52.3580380907418,IISC
2026-01-18 03:57:30,-53.864861616987476,IISC
2026-01-18 03:58:00,-53.958698118743435,IISC
2026-01-18 03:58:30,-48.99352414837762,IISC
2026-01-18 03:59:00,-46.688410533293805,IISC
2026-01-18 03:59:30,-49.43550760094856,IISC
2026-01-18 04:00:00,-51.27007885171325,IISC
2026-01-18 04:00:30,-51.30407758078264,IISC
2026-01-18 04:01:00,-52.571550072010254,IISC
2026-01-18 04:01:30,-51.48087095471833,IISC
2026-01-18 04:02:00,-51.94325363358525,IISC
2026-01-18 04:02:30,-52.401556457060565,IISC
2026-01-18 04:03:00,-51.631825290103016,IISC
2026-01-18 04:03:30,-51.644064825880605,IISC
2026-01-18 04:04:00,-48.47130372722135,IISC
2026-01-18 04:04:30,-49.488545604516716,IISC
2026-01-18 04:05:00,-49.23967493224927,IISC
2026-01-18 04:05:30,-49.47222621334754,IISC
2026-01-18 04:06:00,-48.16259530253213,IISC
2026-01-18 04:06:30,-48.23467259579768,IISC
2026-01-18 04:07:00,-51.630465348438236,IISC
2026-01-18 04:07:30,-53.20800623641708,IISC
2026-01-18 04:08:00,-53.46775651292973,IISC
2026-01-18 04:08:30,-51.24151991463406,IISC
2026-01-18 04:09:00,-56.62402823531102,IISC
2026-01-18 04:09:30,-53.631290375840976,IISC
2026-01-18 04:10:00,-56.208733797497075,IISC
2026-01-18 04:10:30,-60.428315689577424,IISC
2026-01-18 04:11:00,-57.875861324566834,IISC
2026-01-18 04:11:30,-54.716189719526156,IISC
2026-01-18 04:12:00,-54.43604021671754,IISC
2026-01-18 04:12:30,-59.71944224395575,IISC
2026-01-18 04:13:00,-55.78646962572073,IISC
2026-01-18 04:13:30,-53.07609117553115,IISC
2026-01-18 04:14:00,-52.55115084571427,IISC
2026-01-18 04:14:30,-55.182652243652285,IISC
2026-01-18 04:15:00,-55.326806845382,IISC
2026-01-18 04:15:30,-54.809346230818186,IISC
2026-01-18 04:16:00,-56.24324251672299,IISC
2026-01-18 04:16:30,-57.77947493598905,IISC
2026-01-18 04:17:00,-51.920134493562465,IISC
2026-01-18 04:17:30,-52.93397650593017,IISC
2026-01-18 04:18:00,-56.45267465019914,IISC
2026-01-18 04:18:30,-59.890455830985914,IISC
2026-01-18 04:19:00,-59.32403706001296,IISC
2026-01-18 04:19:30,-58.79807677078111,IISC
2026-01-18 04:20:00,-56.22539317154936,IISC
2026-01-18 04:20:30,-49.31175223058103,IISC
2026-01-18 04:21:00,-50.61475341754798,IISC
2026-01-18 04:21:30,-55.8196183785841,IISC
2026-01-18 04:22:00,-56.23253290961881,IISC
2026-01-18 04:22:30,-59.88093619500307,IISC
2026-01-18 04:23:00,-60.73175431371799,IISC
2026-01-18 04:23:30,-61.908620215305575,IISC
2026-01-18 04:24:00,-57.49150572364529,IISC
2026-01-18 04:24:30,-57.90561021693548,IISC
2026-01-18 04:25:00,-57.88657092723808,IISC
2026-01-18 04:25:30,-55.98383221676067,IISC
2026-01-18 04:26:00,-57.1618880894696,IISC
2026-01-18 04:26:30,-55.83270787916874,IISC
2026-01-18 04:27:00,-54.40833125584435,IISC
2026-01-18 04:27:30,-57.74615618345154,IISC
2026-01-18 04:28:00,-58.50653769826849,IISC
2026-01-18 04:28:30,-59.05272723058735,IISC
2026-01-18 04:29:00,-59.04082766615318,IISC
2026-01-18 04:29:30,-58.157616319621816,IISC
2026-01-18 04:30:00,-56.427156717499706,IISC
2026-01-18 04:30:30,-57.39921807473812,IISC
2026-01-18 04:31:00,-58.72033300944223,IISC
2026-01-18 04:31:30,-57.49335677111723,IISC
2026-01-18 04:32:00,-61.05793432249982,IISC
2026-01-18 04:32:30,-59.674412829091125,IISC
2026-01-18 04:33:00,-62.09187334761246,IISC
2026-01-18 04:33:30,-63.51098017925407,IISC
2026-01-18 04:34:00,-57.607441383844424,IISC
2026-01-18 04:34:30,-61.07803133841113,IISC
2026-01-18 04:35:00,-62.525017126167114,IISC
2026-01-18 04:35:30,-62.11924232876893,IISC
2026-01-18 04:36:00,-58.2673566591249,IISC
2026-01-18 04:36:30,-62.80941646061028,IISC
2026-01-18 04:37:00,-57.621210864760585,IISC
2026-01-18 04:37:30,-58.329234341775575,IISC
2026-01-18 04:38:00,-58.5303368059573,IISC
2026-01-18 04:38:30,-58.8694741027134,IISC
2026-01-18 04:39:00,-60.89953802536221,IISC
2026-01-18 04:39:30,-60.27719135198549,IISC
2026-01-18 04:40:00,-61.457627118174884,IISC
2026-01-18 04:40:30,-60.75793332818604,IISC
2026-01-18 04:41:00,-55.72255201790737,IISC
2026-01-18 04:41:30,-53.93149912332904,IISC
2026-01-18 04:42:00,-55.96870279164661,IISC
2026-01-18 04:42:30,-53.893420554066665,IISC
2026-01-18 04:43:00,-49.45862673590515,IISC
2026-01-18 04:43:30,-51.30407757571642,IISC
2026-01-18 04:44:00,-60.23350298472604,IISC
2026-01-18 04:44:30,-61.70768773876575,IISC
2026-01-18 04:45:00,-56.909787525351035,IISC
2026-01-18 04:45:30,-57.737996492933156,IISC
2026-01-18 04:46:00,-54.67131141154261,IISC
2026-01-18 04:46:30,-55.75247089158514,IISC
2026-01-18 04:47:00,-58.36765289328776,IISC
2026-01-18 04:47:30,-54.52443691128469,IISC
2026-01-18 04:48:00,-53.58335217251405,IISC
2026-01-18 04:48:30,-54.396601700724155,IISC
2026-01-18 04:49:00,-57.43880770549333,IISC
2026-01-18 04:49:30,-63.4334630686673,IISC
2026-01-18 04:50:00,-64.65197742185079,IISC
2026-01-18 04:50:30,-62.296545686528404,IISC
2026-01-18 04:51:00,-58.42749065584193,IISC
2026-01-18 04:51:30,-60.491893299309076,IISC
2026-01-18 04:52:00,-58.311894981058984,IISC
2026-01-18 04:52:30,-56.337248968757585,IISC
2026-01-18 04:53:00,-54.396601695657964,IISC
2026-01-18 04:53:30,-50.76009796633456,IISC
2026-01-18 04:54:00,-49.863891545679905,IISC
2026-01-18 04:54:30,-56.10605763945653,IISC
2026-01-18 04:55:00,-58.01542609214738,IISC
2026-01-18 04:55:30,-58.46148938997751,IISC
2026-01-18 04:56:00,-57.894390630440455,IISC
2026-01-18 04:56:30,-58.00675642793762,IISC
2026-01-18 04:57:00,-60.37476768951998,IISC
2026-01-18 04:57:30,-56.80371149415025,IISC
2026-01-18 04:58:00,-58.26973656590415,IISC
2026-01-18 04:58:30,-59.85594712949172,IISC
2026-01-18 04:59:00,-60.7883621932869,IISC
2026-01-18 04:59:30,-57.91614982373225,IISC
2026-01-18 05:00:00,-57.87399139401206,IISC
2026-01-18 05:00:30,-60.1179073048769,IISC
2026-01-18 05:01:00,-64.555081044383,IISC
2026-01-18 05:01:30,-62.14899120340585,IISC
2026-01-18 05:02:00,-58.81235622475536,IISC
2026-01-18 05:02:30,-57.152368440187985,IISC
2026-01-18 05:03:00,-57.06431173420339,IISC
2026-01-18 05:03:30,-57.9746276243568,IISC
2026-01-18 05:04:00,-57.819933422163075,IISC
2026-01-18 05:04:30,-58.73976895273224,IISC
2026-01-18 05:05:00,-60.80672149695329,IISC
2026-01-18 05:05:30,-58.473218945730984,IISC
2026-01-18 05:06:00,-57.86039190390417,IISC
2026-01-18 05:06:30,-63.72806204665569,IISC
2026-01-18 05:07:00,-62.670191687945085,IISC
2026-01-18 05:07:30,-60.98402485787913,IISC
2026-01-18 05:08:00,-57.249944773289535,IISC
2026-01-18 05:08:30,-56.82156083932388,IISC
2026-01-18 05:09:00,-59.99874178449044,IISC
2026-01-18 05:09:30,-58.536286581771265,IISC
2026-01-18 05:10:00,-59.37758505563748,IISC
2026-01-18 05:10:30,-60.855509674586386,IISC
2026-01-18 05:11:00,-56.735884035685615,IISC
2026-01-18 05:11:30,-54.35504770415738,IISC
2026-01-18 05:12:00,-56.97400734636363,IISC
2026-01-18 05:12:30,-59.09265684957331,IISC
2026-01-18 05:13:00,-59.306319954047275,IISC
2026-01-18 05:13:30,-57.54095498550976,IISC
2026-01-18 05:14:00,-54.97170903432905,IISC
2026-01-18 05:14:30,-61.5275700444067,IISC
2026-01-18 05:15:00,-59.609890797693865,IISC
2026-01-18 05:15:30,-61.01139383657286,IISC
2026-01-18 05:16:00,-59.93329422837212,IISC
2026-01-18 05:16:30,-55.76818585860753,IISC
2026-01-18 05:17:00,-60.57243250023263,IISC
2026-01-18 05:17:30,-64.11162433595908,IISC
2026-01-18 05:18:00,-65.10008062774519,IISC
2026-01-18 05:18:30,-56.66448671705212,IISC
2026-01-18 05:19:00,-60.138759865325966,IISC
2026-01-18 05:19:30,-66.99819172299057,IISC
2026-01-18 05:20:00,-68.64932096910528,IISC
2026-01-18 05:20:30,-63.05097741096604,IISC
2026-01-18 05:21:00,-57.1987767066089,IISC
2026-01-18 05:21:30,-57.700937879286094,IISC
2026-01-18 05:22:00,-61.298173084690944,IISC
2026-01-18 05:22:30,-62.15256106800764,IISC
2026-01-18 05:23:00,-61.2529547805255,IISC
2026-01-18 05:23:30,-59.41685359285481,IISC
2026-01-18 05:24:00,-59.83214802180291,IISC
2026-01-18 05:24:30,-60.8507498610279,IISC
2026-01-18 05:25:00,-60.24744245961686,IISC
2026-01-18 05:25:30,-59.45374220556119,IISC
2026-01-18 05:26:00,-60.66868668211063,IISC
2026-01-18 05:26:30,-61.54568380642774,IISC
2026-01-18 05:27:00,-61.57900256339817,IISC
2026-01-18 05:27:30,-59.13721406310428,IISC
2026-01-18 05:28:00,-60.5949094433991,IISC
2026-01-18 05:28:30,-58.918262262614775,IISC
2026-01-18 05:29:00,-58.9158823514026,IISC
2026-01-18 05:29:30,-58.02460575981246,IISC
2026-01-18 05:30:00,-58.32447451491829,IISC
2026-01-18 05:30:30,-59.36330558393151,IISC
2026-01-18 05:31:00,-60.6139487197977,IISC
2026-01-18 05:31:30,-61.395749426658355,IISC
2026-01-18 05:32:00,-62.015716202121695,IISC
2026-01-18 05:32:30,-64.12193727469422,IISC
2026-01-18 05:33:00,-62.73087940390734,IISC
2026-01-18 05:33:30,-59.979702494793045,IISC
2026-01-18 05:34:00,-60.8150511795465,IISC
2026-01-18 05:34:30,-61.80033427509986,IISC
2026-01-18 05:35:00,-63.19615197274401,IISC
2026-01-18 05:35:30,-60.8793087822752,IISC
2026-01-18 05:36:00,-62.40602157619744,IISC
2026-01-18 05:36:30,-58.852338734006466,IISC
2026-01-18 05:37:00,-57.58908207713832,IISC
2026-01-18 05:37:30,-61.51498295666691,IISC
2026-01-18 05:38:00,-63.86823877316673,IISC
2026-01-18 05:38:30,-68.2348991613143,IISC
2026-01-18 05:39:00,-67.55900448699356,IISC
2026-01-18 05:39:30,-62.819174091703985,IISC
2026-01-18 05:40:00,-61.15841943301652,IISC
2026-01-18 05:40:30,-64.80338507675286,IISC
2026-01-18 05:41:00,-65.86112321595743,IISC
2026-01-18 05:41:30,-63.303512392169054,IISC
2026-01-18 05:42:00,-63.39659334826144,IISC
2026-01-18 05:42:30,-66.3466250224631,IISC
2026-01-18 05:43:00,-65.13763033748916,IISC
2026-01-18 05:43:30,-65.73102143257812,IISC
2026-01-18 05:44:00,-67.48580901006966,IISC
2026-01-18 05:44:30,-66.04199644247016,IISC
2026-01-18 05:45:00,-66.06822835193184,IISC
2026-01-18 05:45:30,-67.07445464753403,IISC
2026-01-18 05:46:00,-64.71643900329033,IISC
2026-01-18 05:46:30,-60.74293989242557,IISC
2026-01-18 05:47:00,-61.589236175847724,IISC
2026-01-18 05:47:30,-63.616920202356326,IISC
2026-01-18 05:48:00,-64.24045683887509,IISC
2026-01-18 05:48:30,-65.86355601073612,IISC
2026-01-18 05:49:00,-68.22061969226809,IISC
2026-01-18 05:49:30,-63.29515625257286,IISC
2026-01-18 05:50:00,-59.01659585006628,IISC
2026-01-18 05:50:30,-61.27707842619586,IISC
2026-01-18 05:51:00,-64.69376494042764,IISC
2026-01-18 05:51:30,-64.43154203625839,IISC
2026-01-18 05:52:00,-62.73098758269719,IISC
2026-01-18 05:52:30,-64.0282553377281,IISC
2026-01-18 05:53:00,-63.19398840581277,IISC
2026-01-18 05:53:30,-61.691615622152646,IISC
2026-01-18 05:54:00,-61.45275911413972,IISC
2026-01-18 05:54:30,-68.13381785726368,IISC
2026-01-18 05:55:00,-68.28786299679312,IISC
2026-01-18 05:55:30,-68.99664370276946,IISC
2026-01-18 05:56:00,-66.17536760921611,IISC
2026-01-18 05:56:30,-67.75909008844356,IISC
2026-01-18 05:57:00,-65.07108898408457,IISC
2026-01-18 05:57:30,-66.11478806398382,IISC
2026-01-18 05:58:00,-62.91532249645473,IISC
2026-01-18 05:58:30,-60.57262482023055,IISC
2026-01-18 05:59:00,-58.081074547702634,IISC
2026-01-18 05:59:30,-59.946059204677,IISC
2026-01-18 06:00:00,-61.49949190967632,IISC
2026-01-18 06:00:30,-63.162833217385554,IISC
2026-01-18 06:01:00,-67.27272285627586,IISC
2026-01-18 06:01:30,-69.17318982748007,IISC
2026-01-18 06:02:00,-68.6556673972133,IISC
2026-01-18 06:02:30,-66.05940104263357,IISC
2026-01-18 06:03:00,-63.285723162039865,IISC
2026-01-18 06:03:30,-60.33549915028768,IISC
2026-01-18 06:04:00,-64.24807255926758,IISC
2026-01-18 06:04:30,-61.665393327544585,IISC
2026-01-18 06:05:00,-64.15287612399882,IISC
2026-01-18 06:05:30,-57.007854968551946,IISC
2026-01-18 06:06:00,-56.80794245234181,IISC
2026-01-18 06:06:30,-59.714606873297804,IISC
2026-01-18 06:07:00,-57.251134726186606,IISC
2026-01-18 06:07:30,-58.84726158378256,IISC
2026-01-18 06:08:00,-58.13011513915379,IISC
2026-01-18 06:08:30,-56.968718648870464,IISC
2026-01-18 06:09:00,-58.96784374792565,IISC
2026-01-18 06:09:30,-57.820197857727294,IISC
2026-01-18 06:10:00,-55.948001344833564,IISC
2026-01-18 06:10:30,-55.933193008402256,IISC
2026-01-18 06:11:00,-59.57498543521884,IISC
2026-01-18 06:11:30,-59.69345210696736,IISC
2026-01-18 06:12:00,-58.96784374398528,IISC
2026-01-18 06:12:30,-59.55065745984942,IISC
2026-01-18 06:13:00,-59.96328110875892,IISC
2026-01-18 06:13:30,-57.83849673316437,IISC
2026-01-18 06:14:00,-59.94709771074296,IISC
2026-01-18 06:14:30,-62.05093888185577,IISC
2026-01-18 06:15:00,-61.932895296370965,IISC
2026-01-18 06:15:30,-61.146572766629745,IISC
2026-01-18 06:16:00,-61.7701093996022,IISC
2026-01-18 06:16:30,-58.19781037959004,IISC
2026-01-18 06:17:00,-57.00362401528586,IISC
2026-01-18 06:17:30,-57.47220200872717,IISC
2026-01-18 06:18:00,-57.01737461537084,IISC
2026-01-18 06:18:30,-58.77216219680276,IISC
2026-01-18 06:19:00,-59.15189017165623,IISC
2026-01-18 06:19:30,-60.30270927483397,IISC
2026-01-18 06:20:00,-59.369784237277045,IISC
2026-01-18 06:20:30,-59.37401519448352,IISC
2026-01-18 06:21:00,-59.090541372940265,IISC
2026-01-18 06:21:30,-59.38459257370836,IISC
2026-01-18 06:22:00,-59.29891577598067,IISC
2026-01-18 06:22:30,-60.85061763610385,IISC
2026-01-18 06:23:00,-61.56776409649414,IISC
2026-01-18 06:23:30,-59.32747470461618,IISC
2026-01-18 06:24:00,-59.3221860268249,IISC
2026-01-18 06:24:30,-58.79860564092447,IISC
2026-01-18 06:25:00,-57.22574901841123,IISC
2026-01-18 06:25:30,-58.679081224948845,IISC
2026-01-18 06:26:00,-58.82293362023428,IISC
2026-01-18 06:26:30,-56.18916563371594,IISC
2026-01-18 06:27:00,-56.08868051925885,IISC
2026-01-18 06:27:30,-58.950919926980546,IISC
2026-01-18 06:28:00,-62.05749686020628,IISC
2026-01-18 06:28:30,-60.77551822548175,IISC
2026-01-18 06:29:00,-58.67590800802908,IISC
2026-01-18 06:29:30,-62.201349243670556,IISC
2026-01-18 06:30:00,-60.415887260910466,IISC
2026-01-18 06:30:30,-59.35814911382512,IISC
2026-01-18 06:31:00,-57.51028058418157,IISC
2026-01-18 06:31:30,-59.18044910423214,IISC
2026-01-18 06:32:00,-60.604164657609054,IISC
2026-01-18 06:32:30,-56.46206207997474,IISC
2026-01-18 06:33:00,-55.63491084648732,IISC
2026-01-18 06:33:30,-58.62513658853795,IISC
2026-01-18 06:34:00,-59.178333631539466,IISC
2026-01-18 06:34:30,-60.1461640355118,IISC
2026-01-18 06:35:00,-60.86542596465438,IISC
2026-01-18 06:35:30,-61.56459089139553,IISC
2026-01-18 06:36:00,-60.96908430785236,IISC
2026-01-18 06:36:30,-57.319887714790326,IISC
2026-01-18 06:37:00,-59.265068165613506,IISC
2026-01-18 06:37:30,-59.92298128421896,IISC
2026-01-18 06:38:00,-59.59931343029017,IISC
2026-01-18 06:38:30,-57.82019784984654,IISC
2026-01-18 06:39:00,-56.40282874213028,IISC
2026-01-18 06:39:30,-55.54500311125507,IISC
2026-01-18 06:40:00,-59.032365767501766,IISC
2026-01-18 06:40:30,-59.08842588448608,IISC
2026-01-18 06:41:00,-57.57691808039073,IISC
2026-01-18 06:41:30,-58.65369551323309,IISC
2026-01-18 06:42:00,-59.97057949073072,IISC
2026-01-18 06:42:30,-62.164328408502875,IISC
2026-01-18 06:43:00,-61.85123792197778,IISC
2026-01-18 06:43:30,-61.9792242366048,IISC
2026-01-18 06:44:00,-59.471327099901615,IISC
2026-01-18 06:44:30,-57.489125817851146,IISC
2026-01-18 06:45:00,-60.419060473889836,IISC
2026-01-18 06:45:30,-60.48675571432609,IISC
2026-01-18 06:46:00,-60.78080691903455,IISC
2026-01-18 06:46:30,-60.443388449259274,IISC
2026-01-18 06:47:00,-58.94774671400117,IISC
2026-01-18 06:47:30,-58.65581098986612,IISC
2026-01-18 06:48:00,-61.16793908377579,IISC
2026-01-18 06:48:30,-61.79412006076637,IISC
2026-01-18 06:49:00,-59.27035685522591,IISC
2026-01-18 06:49:30,-57.2003633027551,IISC
2026-01-18 06:50:00,-59.0249616012563,IISC
2026-01-18 06:50:30,-61.616420055113764,IISC
2026-01-18 06:51:00,-61.22611467739315,IISC
2026-01-18 06:51:30,-57.42354605404793,IISC
2026-01-18 06:52:00,-58.21156097179424,IISC
2026-01-18 06:52:30,-59.16352530298894,IISC
2026-01-18 06:53:00,-59.5749854430996,IISC
2026-01-18 06:53:30,-61.74123315676142,IISC
2026-01-18 06:54:00,-67.45904823558713,IISC
2026-01-18 06:54:30,-63.55885037764513,IISC
2026-01-18 06:55:00,-60.932380798317034,IISC
2026-01-18 06:55:30,-57.7337806469214,IISC
2026-01-18 06:56:00,-60.840992214862254,IISC
2026-01-18 06:56:30,-60.36310612502363,IISC
2026-01-18 06:57:00,-61.85769011447847,IISC
2026-01-18 06:57:30,-60.14701022774117,IISC
2026-01-18 06:58:00,-59.051299281200286,IISC
2026-01-18 06:58:30,-62.11567246328055,IISC
2026-01-18 06:59:00,-61.65396975017982,IISC
2026-01-18 06:59:30,-61.811995840482794,IISC
2026-01-18 07:00:00,-61.95574244400783,IISC
2026-01-18 07:00:30,-60.76293114838101,IISC
2026-01-18 07:01:00,-59.9223466376827,IISC
2026-01-18 07:01:30,-61.659681544181716,IISC
2026-01-18 07:02:00,-61.01900954693527,IISC
2026-01-18 07:02:30,-60.26410183278256,IISC
2026-01-18 07:03:00,-59.73671359327706,IISC
2026-01-18 07:03:30,-58.855194632780595,IISC
2026-01-18 07:04:00,-61.42835421514136,IISC
2026-01-18 07:04:30,-64.00627361460695,IISC
2026-01-18 07:05:00,-62.39459799883266,IISC
2026-01-18 07:05:30,-63.881566286593944,IISC
2026-01-18 07:06:00,-62.27465049856352,IISC
2026-01-18 07:06:30,-61.38932366948853,IISC
2026-01-18 07:07:00,-61.21035438179649,IISC
2026-01-18 07:07:30,-64.76022937314067,IISC
2026-01-18 07:08:00,-63.67213413183972,IISC
2026-01-18 07:08:30,-60.172607487514284,IISC
2026-01-18 07:09:00,-65.51894493104751,IISC
2026-01-18 07:09:30,-66.01015852722065,IISC
2026-01-18 07:10:00,-64.57174041932188,IISC
2026-01-18 07:10:30,-68.24537077596739,IISC
2026-01-18 07:11:00,-67.9654932564255,IISC
2026-01-18 07:11:30,-69.5448020761679,IISC
2026-01-18 07:12:00,-69.4219986842173,IISC
2026-01-18 07:12:30,-66.56420176875616,IISC
2026-01-18 07:13:00,-65.50656939806372,IISC
2026-01-18 07:13:30,-61.71161647995843,IISC
2026-01-18 07:14:00,-59.73153068636215,IISC
2026-01-18 07:14:30,-62.22038853336796,IISC
2026-01-18 07:15:00,-61.668249222772374,IISC
2026-01-18 07:15:30,-61.58363016139102,IISC
2026-01-18 07:16:00,-62.903687375510316,IISC
2026-01-18 07:16:30,-65.34071605485751,IISC
2026-01-18 07:17:00,-68.6804184693064,IISC
2026-01-18 07:17:30,-65.95113673625141,IISC
2026-01-18 07:18:00,-66.36048140091117,IISC
2026-01-18 07:18:30,-65.51608903936607,IISC
2026-01-18 07:19:00,-66.19483961246095,IISC
2026-01-18 07:19:30,-63.52267572722009,IISC
2026-01-18 07:20:00,-64.77926864865269,IISC
2026-01-18 07:20:30,-62.3526057973207,IISC
2026-01-18 07:21:00,-60.97437300534554,IISC
2026-01-18 07:21:30,-58.92130326987946,IISC
2026-01-18 07:22:00,-57.89635500863611,IISC
2026-01-18 07:22:30,-58.6917740847471,IISC
2026-01-18 07:23:00,-59.88172950366595,IISC
2026-01-18 07:23:30,-59.67441282121035,IISC
2026-01-18 07:24:00,-55.59048584901456,IISC
2026-01-18 07:24:30,-57.56105201549386,IISC
2026-01-18 07:25:00,-60.63166583807708,IISC
2026-01-18 07:25:30,-59.304204473473845,IISC
2026-01-18 07:26:00,-58.238004427737096,IISC
2026-01-18 07:26:30,-56.72861208451325,IISC
2026-01-18 07:27:00,-58.43474371126595,IISC
2026-01-18 07:27:30,-56.60274125045965,IISC
2026-01-18 07:28:00,-59.28833840069621,IISC
2026-01-18 07:28:30,-61.246211699496484,IISC
2026-01-18 07:29:00,-58.79120147073862,IISC
2026-01-18 07:29:30,-60.29424738012295,IISC
2026-01-18 07:30:00,-59.86163246974146,IISC
2026-01-18 07:30:30,-61.12880277197506,IISC
2026-01-18 07:31:00,-62.20029150732422,IISC
2026-01-18 07:31:30,-61.42814266235556,IISC
2026-01-18 07:32:00,-58.21156096391347,IISC
2026-01-18 07:32:30,-55.86867098882615,IISC
2026-01-18 07:33:00,-62.59059688110446,IISC
2026-01-18 07:33:30,-59.861632473681844,IISC
2026-01-18 07:34:00,-58.13011512733264,IISC
2026-01-18 07:34:30,-60.616857501645796,IISC
2026-01-18 07:35:00,-61.22823014614543,IISC
2026-01-18 07:35:30,-60.83898251265191,IISC
2026-01-18 07:36:00,-60.442330712912934,IISC
2026-01-18 07:36:30,-63.162833213803374,IISC
2026-01-18 07:37:00,-58.90014849172788,IISC
2026-01-18 07:37:30,-60.67185989410492,IISC
2026-01-18 07:38:00,-60.23395629805139,IISC
2026-01-18 07:38:30,-60.115489622362475,IISC
2026-01-18 07:39:00,-58.74254551605938,IISC
2026-01-18 07:39:30,-57.72288594836883,IISC
2026-01-18 07:40:00,-57.31671450181096,IISC
2026-01-18 07:40:30,-60.11654736658959,IISC
2026-01-18 07:41:00,-61.31179146724008,IISC
2026-01-18 07:41:30,-61.62276648501289,IISC
2026-01-18 07:42:00,-59.74845448366497,IISC
2026-01-18 07:42:30,-56.857656143367386,IISC
2026-01-18 07:43:00,-57.89212405142963,IISC
2026-01-18 07:43:30,-61.27265515149895,IISC
2026-01-18 07:44:00,-56.271669214523875,IISC
2026-01-18 07:44:30,-56.78044127187378,IISC
2026-01-18 07:45:00,-59.159294337901706,IISC
2026-01-18 07:45:30,-61.96335815988679,IISC
2026-01-18 07:46:00,-62.444629017066745,IISC
2026-01-18 07:46:30,-60.62637715240505,IISC
2026-01-18 07:47:00,-61.506415289897404,IISC
2026-01-18 07:47:30,-59.374015186602755,IISC
2026-01-18 07:48:00,-58.00635976991207,IISC
2026-01-18 07:48:30,-55.672989429822486,IISC
2026-01-18 07:49:00,-56.42715672538047,IISC
2026-01-18 07:49:30,-56.562547210193344,IISC
2026-01-18 07:50:00,-56.42292577211439,IISC
2026-01-18 07:50:30,-59.73364616299519,IISC
2026-01-18 07:51:00,-59.64902710555422,IISC
2026-01-18 07:51:30,-57.1506496156699,IISC
2026-01-18 07:52:00,-58.23483120687695,IISC
2026-01-18 07:52:30,-58.467533597107916,IISC
2026-01-18 07:53:00,-61.08755098354128,IISC
2026-01-18 07:53:30,-57.954530598313085,IISC
2026-01-18 07:54:00,-57.48383712823872,IISC
2026-01-18 07:54:30,-58.91389909575324,IISC
2026-01-18 07:55:00,-59.231220543425174,IISC
2026-01-18 07:55:30,-60.21174379143424,IISC
2026-01-18 07:56:00,-60.89610038568446,IISC
2026-01-18 07:56:30,-60.93629442201039,IISC
2026-01-18 07:57:00,-57.71336630549032,IISC
2026-01-18 07:57:30,-58.09203657158014,IISC
2026-01-18 07:58:00,-60.38838606074051,IISC
2026-01-18 07:58:30,-60.90138906347574,IISC
2026-01-18 07:59:00,-60.838982516592296,IISC
2026-01-18 07:59:30,-62.44885997033283,IISC
2026-01-18 08:00:00,-58.233773466590236,IISC
2026-01-18 08:00:30,-58.524651462259726,IISC
2026-01-18 08:01:00,-58.19992585228269,IISC
2026-01-18 08:01:30,-55.74808883256381,IISC
2026-01-18 08:02:00,-59.44805685693814,IISC
2026-01-18 08:02:30,-60.71416941888501,IISC
2026-01-18 08:03:00,-60.99129680658876,IISC
2026-01-18 08:03:30,-60.4370420272409,IISC
2026-01-18 08:04:00,-61.22399920864086,IISC
2026-01-18 08:04:30,-63.26331834796238,IISC
2026-01-18 08:05:00,-61.1721700331015,IISC
2026-01-18 08:05:30,-58.00107108424004,IISC
2026-01-18 08:06:00,-58.98053659984315,IISC
2026-01-18 08:06:30,-60.683495013616465,IISC
2026-01-18 08:07:00,-59.0683288702635,IISC
2026-01-18 08:07:30,-59.64373841988217,IISC
2026-01-18 08:08:00,-58.43157050616733,IISC
2026-01-18 08:08:30,-57.005739487978516,IISC
2026-01-18 08:09:00,-58.70235147579308,IISC
2026-01-18 08:09:30,-60.5882985848314,IISC
2026-01-18 08:10:00,-58.38185679938023,IISC
2026-01-18 08:10:30,-61.237749796904694,IISC
2026-01-18 08:11:00,-61.9601849508478,IISC
2026-01-18 08:11:30,-60.82840513342708,IISC
2026-01-18 08:12:00,-62.04163077954787,IISC
2026-01-18 08:12:30,-63.02850047321759,IISC
2026-01-18 08:13:00,-59.92086581152629,IISC
2026-01-18 08:13:30,-59.22698959015909,IISC
2026-01-18 08:14:00,-60.08269973258012,IISC
2026-01-18 08:14:30,-57.98626274780872,IISC
2026-01-18 08:15:00,-60.0985658171789,IISC
2026-01-18 08:15:30,-61.42285397668353,IISC
2026-01-18 08:16:00,-59.44171044280053,IISC
2026-01-18 08:16:30,-58.819760403314525,IISC
2026-01-18 08:17:00,-62.5271325939343,IISC
2026-01-18 08:17:30,-62.406550445552725,IISC
2026-01-18 08:18:00,-60.100681285931174,IISC
2026-01-18 08:18:30,-58.84937707617712,IISC
2026-01-18 08:19:00,-62.174905799548846,IISC
2026-01-18 08:19:30,-60.17154975116796,IISC
2026-01-18 08:20:00,-59.29891577992105,IISC
2026-01-18 08:20:30,-61.449297428685995,IISC
2026-01-18 08:21:00,-59.82461163457377,IISC
2026-01-18 08:21:30,-59.10746517418348,IISC
2026-01-18 08:22:00,-62.06807423943111,IISC
2026-01-18 08:22:30,-63.14908262553955,IISC
2026-01-18 08:23:00,-62.69954391785526,IISC
2026-01-18 08:23:30,-60.281554516384304,IISC
2026-01-18 08:24:00,-58.775335397960994,IISC
2026-01-18 08:24:30,-61.04629919904788,IISC
2026-01-18 08:25:00,-59.41103602177044,IISC
2026-01-18 08:25:30,-62.10297959796575,IISC
2026-01-18 08:26:00,-63.866229081989474,IISC
2026-01-18 08:26:30,-62.159039722830826,IISC
2026-01-18 08:27:00,-60.83369382303949,IISC
2026-01-18 08:27:30,-61.28323253860455,IISC
2026-01-18 08:28:00,-61.9231641156801,IISC
2026-01-18 08:28:30,-60.11125867697716,IISC
2026-01-18 08:29:00,-60.63166584595784,IISC
2026-01-18 08:29:30,-63.549965374604234,IISC
2026-01-18 08:30:00,-65.08791663858283,IISC
2026-01-18 08:30:30,-62.02259149379087,IISC
2026-01-18 08:31:00,-62.24894746988423,IISC
2026-01-18 08:31:30,-62.207695685390846,IISC
2026-01-18 08:32:00,-63.145909404679415,IISC
2026-01-18 08:32:30,-62.229908176246454,IISC
2026-01-18 08:33:00,-62.2076956735697,IISC
2026-01-18 08:33:30,-63.718145737378336,IISC
2026-01-18 08:34:00,-64.41942613681215,IISC
2026-01-18 08:34:30,-63.254856433549435,IISC
2026-01-18 08:35:00,-65.31109938593528,IISC
2026-01-18 08:35:30,-65.58611130488674,IISC
2026-01-18 08:36:00,-63.720261217951766,IISC
2026-01-18 08:36:30,-65.30263748334349,IISC
2026-01-18 08:37:00,-54.81648596888763,IISC
2026-01-18 08:37:30,-56.56453047717132,IISC
2026-01-18 08:38:00,-53.444467378932295,IISC
2026-01-18 08:38:30,-52.55319077404335,IISC
2026-01-18 08:39:00,-55.035437764944206,IISC
2026-01-18 08:39:30,-55.02710807348513,IISC
2026-01-18 08:40:00,-53.41709840220876,IISC
2026-01-18 08:40:30,-52.4687039370935,IISC
2026-01-18 08:41:00,-52.10933740168331,IISC
2026-01-18 08:41:30,-56.22777307832861,IISC
2026-01-18 08:42:00,-56.005251417670245,IISC
2026-01-18 08:42:30,-54.396431708649345,IISC
2026-01-18 08:43:00,-54.98902949852328,IISC
2026-01-18 08:43:30,-55.510229965330794,IISC
2026-01-18 08:44:00,-55.813668593904275,IISC
2026-01-18 08:44:30,-55.47096144141225,IISC
2026-01-18 08:45:00,-54.07990356619243,IISC
2026-01-18 08:45:30,-57.06431173420339,IISC
2026-01-18 08:46:00,-57.89966042782272,IISC
2026-01-18 08:46:30,-57.37370013859086,IISC
2026-01-18 08:47:00,-57.8603919083371,IISC
2026-01-18 08:47:30,-57.32253206304438,IISC
2026-01-18 08:48:00,-57.47246644281376,IISC
2026-01-18 08:48:30,-55.40313398738054,IISC
2026-01-18 08:49:00,-55.2650991459403,IISC
2026-01-18 08:49:30,-56.18731459658751,IISC
2026-01-18 08:50:00,-55.036627718333825,IISC
2026-01-18 08:50:30,-55.605426404951885,IISC
2026-01-18 08:51:00,-56.11234740005342,IISC
2026-01-18 08:51:30,-54.49281809722713,IISC
2026-01-18 08:52:00,-52.39492670281489,IISC
2026-01-18 08:52:30,-59.431133047814164,IISC
2026-01-18 08:53:00,-56.71591922865538,IISC
2026-01-18 08:53:30,-55.13777392047011,IISC
2026-01-18 08:54:00,-56.2251287325373,IISC
2026-01-18 08:54:30,-57.629804988336055,IISC
2026-01-18 08:55:00,-59.448056864818895,IISC
2026-01-18 08:55:30,-57.75673356661676,IISC
2026-01-18 08:56:00,-59.118042561289066,IISC
2026-01-18 08:56:30,-60.33655690884343,IISC
2026-01-18 08:57:00,-58.99322945964141,IISC
2026-01-18 08:57:30,-58.08145918053416,IISC
2026-01-18 08:58:00,-59.5030592415165,IISC
2026-01-18 08:58:30,-59.78653306305975,IISC
2026-01-18 08:59:00,-61.8417182751589,IISC
2026-01-18 08:59:30,-62.717525459385165,IISC
2026-01-18 09:00:00,-60.94264085190951,IISC
2026-01-18 09:00:30,-59.021788384336546,IISC
2026-01-18 09:01:00,-57.61288117921208,IISC
2026-01-18 09:01:30,-55.79039835340354,IISC
2026-01-18 09:02:00,-57.827602027913144,IISC
2026-01-18 09:02:30,-60.800903945078275,IISC
2026-01-18 09:03:00,-61.067453957497555,IISC
2026-01-18 09:03:30,-61.501126608165755,IISC
2026-01-18 09:04:00,-65.04560710986233,IISC
2026-01-18 09:04:30,-64.7261701973785,IISC
2026-01-18 09:05:00,-62.281737343905064,IISC
2026-01-18 09:05:30,-61.24409621892307,IISC
2026-01-18 09:06:00,-59.87009438809477,IISC
2026-01-18 09:06:30,-60.1609723758835,IISC
2026-01-18 09:07:00,-61.46516348964249,IISC
2026-01-18 09:07:30,-62.71540998275212,IISC
2026-01-18 09:08:00,-61.69892363198133,IISC
2026-01-18 09:08:30,-56.98670020222151,IISC
2026-01-18 09:09:00,-58.30464192788663,IISC
2026-01-18 09:09:30,-56.70745733000397,IISC
2026-01-18 09:10:00,-57.967223458111334,IISC
2026-01-18 09:10:30,-62.942823683370676,IISC
2026-01-18 09:11:00,-62.66040760211414,IISC
2026-01-18 09:11:30,-63.362745718192365,IISC
2026-01-18 09:12:00,-59.57181222223946,IISC
2026-01-18 09:12:30,-61.95489626517576,IISC
2026-01-18 09:13:00,-61.273184028045435,IISC
2026-01-18 09:13:30,-57.45223720415967,IISC
2026-01-18 09:14:00,-55.725611896785566,IISC
2026-01-18 09:14:30,-59.32998683582693,IISC
2026-01-18 09:15:00,-61.443347650901835,IISC
2026-01-18 09:15:30,-60.765073070688416,IISC
2026-01-18 09:16:00,-59.2585895127605,IISC
2026-01-18 09:16:30,-58.14955106520461,IISC
2026-01-18 09:17:00,-60.10940763590835,IISC
2026-01-18 09:17:30,-62.15613094147531,IISC
2026-01-18 09:18:00,-60.465204297850875,IISC
2026-01-18 09:18:30,-59.040827670093556,IISC
2026-01-18 09:19:00,-61.59209208171453,IISC
2026-01-18 09:19:30,-60.0522897712491,IISC
2026-01-18 09:20:00,-58.544616273230346,IISC
2026-01-18 09:20:30,-55.326051309287934,IISC
2026-01-18 09:21:00,-61.00398966244664,IISC
2026-01-18 09:21:30,-62.07547840567658,IISC
2026-01-18 09:22:00,-63.12158143719075,IISC
2026-01-18 09:22:30,-63.38390049240357,IISC
2026-01-18 09:23:00,-62.284910560824834,IISC
2026-01-18 09:23:30,-63.81757313125061,IISC
2026-01-18 09:24:00,-63.974118366632396,IISC
2026-01-18 09:24:30,-64.71136184912604,IISC
2026-01-18 09:25:00,-64.9112743613958,IISC
2026-01-18 09:25:30,-62.30487536785506,IISC
2026-01-18 09:26:00,-61.23153558404886,IISC
2026-01-18 09:26:30,-58.59697429330059,IISC
2026-01-18 09:27:00,-59.703632829644306,IISC
2026-01-18 09:27:30,-60.82100097309219,IISC
2026-01-18 09:28:00,-60.46163442438321,IISC
2026-01-18 09:28:30,-61.55758336692154,IISC
2026-01-18 09:29:00,-67.26051079396491,IISC
2026-01-18 09:29:30,-61.65753961566819,IISC
2026-01-18 09:30:00,-59.98565227060701,IISC
2026-01-18 09:30:30,-56.415786037492765,IISC
2026-01-18 09:31:00,-55.53878889544394,IISC
2026-01-18 09:31:30,-61.09469071372997,IISC
2026-01-18 09:32:00,-63.473411586849444,IISC
2026-01-18 09:32:30,-59.27286898446648,IISC
2026-01-18 09:33:00,-60.09631811759199,IISC
2026-01-18 09:33:30,-62.15256107244058,IISC
2026-01-18 09:34:00,-70.28141092158221,IISC
2026-01-18 09:34:30,-72.25303482046746,IISC
2026-01-18 09:35:00,-72.80200092202404,IISC
2026-01-18 09:35:30,-70.06986329768166,IISC
2026-01-18 09:36:00,-66.63644528572662,IISC
2026-01-18 09:36:30,-66.38787681483726,IISC
2026-01-18 09:37:00,-67.40965186310125,IISC
2026-01-18 09:37:30,-67.55456198291185,IISC
2026-01-18 09:38:00,-69.53147457534992,IISC
2026-01-18 09:38:30,-71.31482109329811,IISC
2026-01-18 09:39:00,-69.23001921227674,IISC
2026-01-18 09:39:30,-66.67875480656636,IISC
2026-01-18 09:40:00,-66.09805656733526,IISC
2026-01-18 09:40:30,-66.74327683402322,IISC
2026-01-18 09:41:00,-69.07876265074586,IISC
2026-01-18 09:41:30,-70.1290966197646,IISC
2026-01-18 09:42:00,-69.81494840477393,IISC
2026-01-18 09:42:30,-69.87100852569863,IISC
2026-01-18 09:43:00,-68.89154300221475,IISC
2026-01-18 09:43:30,-68.4250804814661,IISC
2026-01-18 09:44:00,-68.41767630339949,IISC
2026-01-18 09:44:30,-66.73058397028458,IISC
2026-01-18 09:45:00,-67.51013699726023,IISC
2026-01-18 09:45:30,-68.38911738658511,IISC
2026-01-18 09:46:00,-68.03477510768587,IISC
2026-01-18 09:46:30,-71.03769368983285,IISC
2026-01-18 09:47:00,-71.13289012255828,IISC
2026-01-18 09:47:30,-68.52662334015028,IISC
2026-01-18 09:48:00,-66.82578039906963,IISC
2026-01-18 09:48:30,-68.32988405662144,IISC
2026-01-18 09:49:00,-70.4273787895603,IISC
2026-01-18 09:49:30,-70.87480201273078,IISC
2026-01-18 09:50:00,-73.12038009422116,IISC
2026-01-18 09:50:30,-75.01859697048943,IISC
2026-01-18 09:51:00,-73.59826619312268,IISC
2026-01-18 09:51:30,-72.63011846627627,IISC
2026-01-18 09:52:00,-74.5673658755881,IISC
2026-01-18 09:52:30,-77.96873442857068,IISC
2026-01-18 09:53:00,-75.36416003062143,IISC
2026-01-18 09:53:30,-74.47597730631868,IISC
2026-01-18 09:54:00,-73.24032760709954,IISC
2026-01-18 09:54:30,-71.62294020796239,IISC
2026-01-18 09:55:00,-71.0641371457757,IISC
2026-01-18 09:55:30,-72.8252711555306,IISC
2026-01-18 09:56:00,-76.30565274479882,IISC
2026-01-18 09:56:30,-74.02379424161299,IISC
2026-01-18 09:57:00,-72.59489578920194,IISC
2026-01-18 09:57:30,-71.83427628104731,IISC
2026-01-18 09:58:00,-69.85895029943336,IISC
2026-01-18 09:58:30,-71.42683554890365,IISC
2026-01-18 09:59:00,-74.51405586798174,IISC
2026-01-18 09:59:30,-76.15238648933239,IISC
2026-01-18 10:00:00,-74.1437417454285,IISC
2026-01-18 10:00:30,-73.63063298206188,IISC
2026-01-18 10:01:00,-73.855296557935,IISC
2026-01-18 10:01:30,-72.96806581052934,IISC
2026-01-18 10:02:00,-73.89527906629954,IISC
2026-01-18 10:02:30,-76.34119273804859,IISC
2026-01-18 10:03:00,-72.2964020815939,IISC
2026-01-18 10:03:30,-68.88413883596928,IISC
2026-01-18 10:04:00,-67.71639593154835,IISC
2026-01-18 10:04:30,-72.39371399095236,IISC
2026-01-18 10:05:00,-70.48026569356523,IISC
2026-01-18 10:05:30,-69.8043710216087,IISC
2026-01-18 10:06:00,-68.97616205177496,IISC
2026-01-18 10:06:30,-68.13843343512232,IISC
2026-01-18 10:07:00,-69.53253232351739,IISC
2026-01-18 10:07:30,-73.66617297491763,IISC
2026-01-18 10:08:00,-73.98243668624322,IISC
2026-01-18 10:08:30,-76.49456477621251,IISC
2026-01-18 10:09:00,-71.79926515951705,IISC
2026-01-18 10:09:30,-74.94624769091737,IISC
2026-01-18 10:10:00,-74.57022177436224,IISC
2026-01-18 10:10:30,-74.41505158283337,IISC
2026-01-18 10:11:00,-70.6176658750719,IISC
2026-01-18 10:11:30,-71.22787501944154,IISC
2026-01-18 10:12:00,-74.34079837429161,IISC
2026-01-18 10:12:30,-74.48835283575613,IISC
2026-01-18 10:13:00,-75.9886486192129,IISC
2026-01-18 10:13:30,-77.58033298257808,IISC
2026-01-18 10:14:00,-75.26991555903155,IISC
2026-01-18 10:14:30,-77.35852529838643,IISC
2026-01-18 10:15:00,-74.41885943368015,IISC
2026-01-18 10:15:30,-73.29490689477515,IISC
2026-01-18 10:16:00,-72.54158578514193,IISC
2026-01-18 10:16:30,-74.70064087864544,IISC
2026-01-18 10:17:00,-73.06897402464742,IISC
2026-01-18 10:17:30,-71.90186575415353,IISC
2026-01-18 10:18:00,-74.46645766146999,IISC
2026-01-18 10:18:30,-74.77584606408428,IISC
2026-01-18 10:19:00,-70.85756088979561,IISC
2026-01-18 10:19:30,-70.53008515310293,IISC
2026-01-18 10:20:00,-75.56026466485577,IISC
2026-01-18 10:20:30,-76.71214151068443,IISC
2026-01-18 10:21:00,-78.16579104679478,IISC
2026-01-18 10:21:30,-77.53654261272776,IISC
2026-01-18 10:22:00,-76.69786204873091,IISC
2026-01-18 10:22:30,-72.99091294398082,IISC
2026-01-18 10:23:00,-72.24838076990456,IISC
2026-01-18 10:23:30,-73.75248440775445,IISC
2026-01-18 10:24:00,-76.12763541627211,IISC
2026-01-18 10:24:30,-77.33377422532615,IISC
2026-01-18 10:25:00,-77.25761707008294,IISC
2026-01-18 10:25:30,-78.47232355063495,IISC
2026-01-18 10:26:00,-77.54415833924574,IISC
2026-01-18 10:26:30,-72.03090980552093,IISC
2026-01-18 10:27:00,-67.78937985864174,IISC
2026-01-18 10:27:30,-66.12820209852009,IISC
2026-01-18 10:28:00,-69.34227168299059,IISC
2026-01-18 10:28:30,-69.07453170486798,IISC
2026-01-18 10:29:00,-70.3617990218167,IISC
2026-01-18 10:29:30,-76.24811178589658,IISC
2026-01-18 10:30:00,-76.90496717603645,IISC
2026-01-18 10:30:30,-75.74568616238618,IISC
2026-01-18 10:31:00,-73.0801860460741,IISC
2026-01-18 10:31:30,-77.18632552094667,IISC
2026-01-18 10:32:00,-76.54150190292584,IISC
2026-01-18 10:32:30,-75.89059629943597,IISC
2026-01-18 10:33:00,-76.24163314338708,IISC
2026-01-18 10:33:30,-69.73852681780835,IISC
2026-01-18 10:34:00,-76.22061059360738,IISC
2026-01-18 10:34:30,-74.24687122596985,IISC
2026-01-18 10:35:00,-73.19019081523084,IISC
2026-01-18 10:35:30,-70.35439485163086,IISC
2026-01-18 10:36:00,-70.91711155327242,IISC
2026-01-18 10:36:30,-73.86608549112776,IISC
2026-01-18 10:37:00,-70.15765556416164,IISC
2026-01-18 10:37:30,-72.24880387114176,IISC
2026-01-18 10:38:00,-71.76435979704203,IISC
2026-01-18 10:38:30,-69.96620495448367,IISC
2026-01-18 10:39:00,-69.7895626851774,IISC
2026-01-18 10:39:30,-71.24606811257516,IISC
2026-01-18 10:40:00,-70.62517581731623,IISC
2026-01-18 10:40:30,-73.105571769611,IISC
2026-01-18 10:41:00,-75.13219805701502,IISC
2026-01-18 10:41:30,-67.9286046401728,IISC
2026-01-18 10:42:00,-71.76978070271264,IISC
2026-01-18 10:42:30,-72.28809128588317,IISC
2026-01-18 10:43:00,-73.219656377272,IISC
2026-01-18 10:43:30,-74.57960541845839,IISC
2026-01-18 10:44:00,-79.84600808242845,IISC
2026-01-18 10:44:30,-72.29098116952015,IISC
2026-01-18 10:45:00,-64.16120580304568,IISC
2026-01-18 10:45:30,-68.26060220329236,IISC
2026-01-18 10:46:00,-73.7222330997827,IISC
2026-01-18 10:46:30,-76.24493856897682,IISC
2026-01-18 10:47:00,-72.22236041913928,IISC
2026-01-18 10:47:30,-70.58709724580223,IISC
2026-01-18 10:48:00,-70.888552604935,IISC
2026-01-18 10:48:30,-70.29833473858692,IISC
2026-01-18 10:49:00,-71.59723717061428,IISC
2026-01-18 10:49:30,-72.59468423562807,IISC
2026-01-18 10:50:00,-72.19578473876491,IISC
2026-01-18 10:50:30,-72.290981178386,IISC
2026-01-18 10:51:00,-73.58089283817075,IISC
2026-01-18 10:51:30,-72.04942022803026,IISC
2026-01-18 10:52:00,-71.67696419203543,IISC
2026-01-18 10:52:30,-73.78463964666614,IISC
2026-01-18 10:53:00,-67.1684875663381,IISC
2026-01-18 10:53:30,-70.4901026589238,IISC
2026-01-18 10:54:00,-70.68430337482741,IISC
2026-01-18 10:54:30,-73.12799580852398,IISC
2026-01-18 10:55:00,-74.1513574648538,IISC
2026-01-18 10:55:30,-76.76545151119811,IISC
2026-01-18 10:56:00,-74.0018990637805,IISC
2026-01-18 10:56:30,-73.77057173119381,IISC
2026-01-18 10:57:00,-73.80389048284474,IISC
2026-01-18 10:57:30,-76.40465702640086,IISC
2026-01-18 10:58:00,-76.30089291705497,IISC
2026-01-18 10:58:30,-77.74311887580052,IISC
2026-01-18 10:59:00,-73.47070296633552,IISC
2026-01-18 10:59:30,-73.44499993765625,IISC
2026-01-18 11:00:00,-73.09658100002817,IISC
2026-01-18 11:00:30,-76.97297974052893,IISC
2026-01-18 11:01:00,-74.87485036341802,IISC
2026-01-18 11:01:30,-77.80499655490485,IISC
2026-01-18 11:02:00,-77.808804419937,IISC
2026-01-18 11:02:30,-73.20700885190229,IISC
2026-01-18 11:03:00,-72.69390007789666,IISC
2026-01-18 11:03:30,-75.04334804354968,IISC
2026-01-18 11:04:00,-76.12382755833265,IISC
2026-01-18 11:04:30,-76.37229024455432,IISC
2026-01-18 11:05:00,-75.01859696694308,IISC
2026-01-18 11:05:30,-76.03910272804512,IISC
2026-01-18 11:06:00,-73.03755919487357,IISC
2026-01-18 11:06:30,-69.33917778644584,IISC
2026-01-18 11:07:00,-69.22684598787026,IISC
2026-01-18 11:07:30,-71.85045968615594,IISC
2026-01-18 11:08:00,-72.67390882194123,IISC
2026-01-18 11:08:30,-76.98725919893612,IISC
2026-01-18 11:09:00,-76.87968722455804,IISC
2026-01-18 11:09:30,-70.9641808872766,IISC
2026-01-18 11:10:00,-67.89621141383401,IISC
2026-01-18 11:10:30,-64.7779993650371,IISC
2026-01-18 11:11:00,-66.72000659894051,IISC
2026-01-18 11:11:30,-68.42825370232623,IISC
2026-01-18 11:12:00,-73.67061546560201,IISC
2026-01-18 11:12:30,-75.40033466686111,IISC
2026-01-18 11:13:00,-72.1017782676054,IISC
2026-01-18 11:13:30,-69.34203368167361,IISC
2026-01-18 11:14:00,-71.71718468309862,IISC
2026-01-18 11:14:30,-71.80286146900517,IISC
2026-01-18 11:15:00,-76.17713755529996,IISC
2026-01-18 11:15:30,-72.55131698238239,IISC
2026-01-18 11:16:00,-72.07004612520242,IISC
2026-01-18 11:16:30,-70.77749011519346,IISC
2026-01-18 11:17:00,-76.53031632067191,IISC
2026-01-18 11:17:30,-73.93906943260352,IISC
2026-01-18 11:18:00,-73.41834492498722,IISC
2026-01-18 11:18:30,-74.20181157368602,IISC
2026-01-18 11:19:00,-72.41211864002408,IISC
2026-01-18 11:19:30,-73.44119206907774,IISC
2026-01-18 11:20:00,-72.46923650202356,IISC
2026-01-18 11:20:30,-75.77826450174697,IISC
2026-01-18 11:21:00,-71.40684430713358,IISC
2026-01-18 11:21:30,-73.26983849017196,IISC
2026-01-18 11:22:00,-73.30125333058486,IISC
2026-01-18 11:22:30,-71.67244235053657,IISC
2026-01-18 11:23:00,-72.63583025673181,IISC
2026-01-18 11:23:30,-75.20518197760677,IISC
2026-01-18 11:24:00,-74.57117373707392,IISC
2026-01-18 11:24:30,-77.55938976391096,IISC
2026-01-18 11:25:00,-75.87917271231875,IISC
2026-01-18 11:25:30,-74.1827722804423,IISC
2026-01-18 11:26:00,-71.15552571859146,IISC
2026-01-18 11:26:30,-72.23886112505588,IISC
2026-01-18 11:27:00,-73.50402172507913,IISC
2026-01-18 11:27:30,-74.40933979592417,IISC
2026-01-18 11:28:00,-72.08464291397043,IISC
2026-01-18 11:28:30,-70.62052178093873,IISC
2026-01-18 11:29:00,-71.51536823713066,IISC
2026-01-18 11:29:30,-69.52766671544025,IISC
2026-01-18 11:30:00,-70.72618980861532,IISC
2026-01-18 11:30:30,-72.40259899162903,IISC
2026-01-18 11:31:00,-72.44067756747748,IISC
2026-01-18 11:31:30,-77.89257726978114,IISC
2026-01-18 11:32:00,-74.04473747091916,IISC
2026-01-18 11:32:30,-73.44499992701722,IISC
2026-01-18 11:33:00,-76.13810702028618,IISC
2026-01-18 11:33:30,-73.31606165322484,IISC
2026-01-18 11:34:00,-72.37890565846143,IISC
2026-01-18 11:34:30,-72.26255446728634,IISC
2026-01-18 11:35:00,-74.81699207415495,IISC
2026-01-18 11:35:30,-73.00720211996583,IISC
2026-01-18 11:36:00,-69.73667576935132,IISC
2026-01-18 11:36:30,-69.91649125951773,IISC
2026-01-18 11:37:00,-68.39757928917692,IISC
2026-01-18 11:37:30,-68.44729298414286,IISC
2026-01-18 11:38:00,-68.22305248862293,IISC
2026-01-18 11:38:30,-73.1986527257034,IISC
2026-01-18 11:39:00,-72.29217113620855,IISC
2026-01-18 11:39:30,-72.25938125036659,IISC
2026-01-18 11:40:00,-70.07515198335369,IISC
2026-01-18 11:40:30,-69.39396862572514,IISC
2026-01-18 11:41:00,-70.32266271001598,IISC
2026-01-18 11:41:30,-70.2803531812955,IISC
2026-01-18 11:42:00,-71.85003659476972,IISC
2026-01-18 11:42:30,-70.21160019663213,IISC
2026-01-18 11:43:00,-70.81556868670746,IISC
2026-01-18 11:43:30,-71.29683953994706,IISC
2026-01-18 11:44:00,-72.26149671911887,IISC
2026-01-18 11:44:30,-68.49700667122805,IISC
2026-01-18 11:45:00,-69.78744720460398,IISC
2026-01-18 11:45:30,-70.5014204520149,IISC
2026-01-18 11:46:00,-69.46377934279442,IISC
2026-01-18 11:46:30,-71.57502466399713,IISC
2026-01-18 11:47:00,-70.19679187202198,IISC
2026-01-18 11:47:30,-69.50503112334745,IISC
2026-01-18 11:48:00,-70.8811484505107,IISC
2026-01-18 11:48:30,-68.24738046399236,IISC
2026-01-18 11:49:00,-65.746887497475,IISC
2026-01-18 11:49:30,-67.74072390691778,IISC
2026-01-18 11:50:00,-72.58939554601564,IISC
2026-01-18 11:50:30,-71.1350056031317,IISC
2026-01-18 11:51:00,-68.72970906933978,IISC
2026-01-18 11:51:30,-68.186031661336,IISC
2026-01-18 11:52:00,-69.31675373452963,IISC
2026-01-18 11:52:30,-68.51710369333139,IISC
2026-01-18 11:53:00,-69.15809301463403,IISC
2026-01-18 11:53:30,-63.88844158072584,IISC
2026-01-18 11:54:00,-66.39105002781663,IISC
2026-01-18 11:54:30,-65.63688273225864,IISC
2026-01-18 11:55:00,-71.10644666661543,IISC
2026-01-18 11:55:30,-70.90653417010721,IISC
2026-01-18 11:56:00,-70.96153654680481,IISC
2026-01-18 11:56:30,-71.54435026266894,IISC
2026-01-18 11:57:00,-68.76038347066795,IISC
2026-01-18 11:57:30,-68.48960250498259,IISC
2026-01-18 11:58:00,-66.03141905930495,IISC
2026-01-18 11:58:30,-67.58523639606118,IISC
2026-01-18 11:59:00,-63.91131517009672,IISC
2026-01-18 11:59:30,-62.978390125644125,IISC
2026-01-18 12:00:00,-63.55194863911946,IISC
2026-01-18 12:00:30,-63.04264771507404,IISC
2026-01-18 12:01:00,-62.54048653796392,IISC
2026-01-18 12:01:30,-61.78962467686153,IISC
2026-01-18 12:02:00,-65.57130296845543,IISC
2026-01-18 12:02:30,-67.17271851960419,IISC
2026-01-18 12:03:00,-63.414574893731746,IISC
2026-01-18 12:03:30,-64.65741722059592,IISC
2026-01-18 12:04:00,-69.76417696952126,IISC
2026-01-18 12:04:30,-68.80163525122096,IISC
2026-01-18 12:05:00,-65.79554345215423,IISC
2026-01-18 12:05:30,-66.38681907455054,IISC
2026-01-18 12:06:00,-67.79572628755575,IISC
2026-01-18 12:06:30,-67.50379055553996,IISC
2026-01-18 12:07:00,-70.43160973494562,IISC
2026-01-18 12:07:30,-62.256087185789035,IISC
2026-01-18 12:08:00,-62.25846710586706,IISC
2026-01-18 12:08:30,-59.37282522434728,IISC
2026-01-18 12:09:00,-60.79125209402234,IISC
2026-01-18 12:09:30,-59.16101316636016,IISC
2026-01-18 12:10:00,-61.772965298376306,IISC
2026-01-18 12:10:30,-59.942813873220814,IISC
2026-01-18 12:11:00,-60.16295563596579,IISC
2026-01-18 12:11:30,-60.387857194537546,IISC
2026-01-18 12:12:00,-57.15831820713609,IISC
2026-01-18 12:12:30,-59.932104270549566,IISC
2026-01-18 12:13:00,-63.17235286062226,IISC
2026-01-18 12:13:30,-62.8724841010835,IISC
2026-01-18 12:14:00,-61.743216419306464,IISC
2026-01-18 12:14:30,-60.60680899502704,IISC
2026-01-18 12:15:00,-60.481863680769024,IISC
2026-01-18 12:15:30,-59.920204718921624,IISC
2026-01-18 12:16:00,-58.09838299409106,IISC
2026-01-18 12:16:30,-57.68665840314719,IISC
2026-01-18 12:17:00,-61.12443959723275,IISC
2026-01-18 12:17:30,-60.618708551087906,IISC
2026-01-18 12:18:00,-57.89014078740695,IISC
2026-01-18 12:18:30,-59.366875461832095,IISC
2026-01-18 12:19:00,-60.76864293085729,IISC
2026-01-18 12:19:30,-60.10464780905107,IISC
2026-01-18 12:20:00,-67.19916196766627,IISC
2026-01-18 12:20:30,-67.1272357818447,IISC
2026-01-18 12:21:00,-67.35993817207567,IISC
2026-01-18 12:21:30,-67.92582807487547,IISC
2026-01-18 12:22:00,-65.4443743980555,IISC
2026-01-18 12:22:30,-64.78011483378938,IISC
2026-01-18 12:23:00,-63.134274289108234,IISC
2026-01-18 12:23:30,-67.17800720527622,IISC
2026-01-18 12:24:00,-64.76742198581226,IISC
2026-01-18 12:24:30,-65.80929405223921,IISC
2026-01-18 12:25:00,-67.13252445963599,IISC
2026-01-18 12:25:30,-65.6347672556256,IISC
2026-01-18 12:26:00,-65.31215713016238,IISC
2026-01-18 12:26:30,-64.69972673355488,IISC
2026-01-18 12:27:00,-66.14882799076678,IISC
2026-01-18 12:27:30,-66.50528575812022,IISC
2026-01-18 12:28:00,-65.78708154562206,IISC
2026-01-18 12:28:30,-67.29224293163942,IISC
2026-01-18 12:29:00,-65.0107017473873,IISC
2026-01-18 12:29:30,-66.80674112513377,IISC
2026-01-18 12:30:00,-67.58629413240753,IISC
2026-01-18 12:30:30,-65.83467976789535,IISC
2026-01-18 12:31:00,-65.51947380079683,IISC
2026-01-18 12:31:30,-61.46093254425716,IISC
2026-01-18 12:32:00,-61.0378372964561,IISC
2026-01-18 12:32:30,-55.07232638208351,IISC
2026-01-18 12:33:00,-61.80747400873637,IISC
2026-01-18 12:33:30,-64.70263551737314,IISC
2026-01-18 12:34:00,-69.17567790257132,IISC
2026-01-18 12:34:30,-64.98822482293764,IISC
2026-01-18 12:35:00,-63.6610278801073,IISC
2026-01-18 12:35:30,-61.16899681224135,IISC
2026-01-18 12:36:00,-61.92422185596682,IISC
2026-01-18 12:36:30,-61.163708130509704,IISC
2026-01-18 12:37:00,-58.718217552511106,IISC
2026-01-18 12:37:30,-56.76563292756171,IISC
2026-01-18 12:38:00,-52.49964278285176,IISC
2026-01-18 12:38:30,-53.52759426028529,IISC
2026-01-18 12:39:00,-52.431475330738344,IISC
2026-01-18 12:39:30,-51.62774546004244,IISC
2026-01-18 12:40:00,-52.76738275084195,IISC
2026-01-18 12:40:30,-51.025288019638786,IISC
2026-01-18 12:41:00,-50.31675457716502,IISC
2026-01-18 12:41:30,-54.887543301471666,IISC
2026-01-18 12:42:00,-59.35905574216456,IISC
2026-01-18 12:42:30,-57.74887608197974,IISC
2026-01-18 12:43:00,-54.595154247686835,IISC
2026-01-18 12:43:30,-54.41564099548776,IISC
2026-01-18 12:44:00,-52.084688331720564,IISC
2026-01-18 12:44:30,-52.440994988252555,IISC
2026-01-18 12:45:00,-52.789141934001336,IISC
2026-01-18 12:45:30,-50.795456637068746,IISC
2026-01-18 12:46:00,-52.851699590017496,IISC
2026-01-18 12:46:30,-52.56203044489327,IISC
2026-01-18 12:47:00,-53.80638382142912,IISC
2026-01-18 12:47:30,-50.82696211779912,IISC
2026-01-18 12:48:00,-49.84643886979004,IISC
2026-01-18 12:48:30,-47.61090930132153,IISC
2026-01-18 12:49:00,-50.16716017837892,IISC
2026-01-18 12:49:30,-53.508554980720305,IISC
2026-01-18 12:50:00,-51.358475542058564,IISC
2026-01-18 12:50:30,-50.71113979282699,IISC
2026-01-18 12:51:00,-49.540223677396874,IISC
2026-01-18 12:51:30,-49.07217454621815,IISC
2026-01-18 12:52:00,-50.25737013778717,IISC
2026-01-18 12:52:30,-51.3462360003704,IISC
2026-01-18 12:53:00,-51.48767069850572,IISC
2026-01-18 12:53:30,-51.636131805816234,IISC
2026-01-18 12:54:00,-52.780075603040906,IISC
2026-01-18 12:54:30,-57.23617528794044,IISC
2026-01-18 12:55:00,-52.438275084658144,IISC
2026-01-18 12:55:30,-49.31311218744444,IISC
2026-01-18 12:56:00,-47.10047508685596,IISC
2026-01-18 12:56:30,-50.020285673054794,IISC
2026-01-18 12:57:00,-56.456244528099724,IISC
2026-01-18 12:57:30,-55.262719243593985,IISC
2026-01-18 12:58:00,-54.57730492531113,IISC
2026-01-18 12:58:30,-54.74389868799865,IISC
2026-01-18 12:59:00,-52.58412961536868,IISC
2026-01-18 12:59:30,-53.9216394993969,IISC
2026-01-18 13:00:00,-54.3857221059781,IISC
2026-01-18 13:00:30,-50.5397862210139,IISC
2026-01-18 13:01:00,-47.60416622177017,IISC
2026-01-18 13:01:30,-45.359910312190344,IISC
2026-01-18 13:02:00,-45.25043441859499,IISC
2026-01-18 13:02:30,-49.114219635434026,IISC
2026-01-18 13:03:00,-47.739821134266506,IISC
2026-01-18 13:03:30,-46.99728896019026,IISC
2026-01-18 13:04:00,-50.61356344199371,IISC
2026-01-18 13:04:30,-47.50064009955585,IISC
2026-01-18 13:05:00,-49.869841318960766,IISC
2026-01-18 13:05:30,-48.489493050845134,IISC
2026-01-18 13:06:00,-45.749025735536236,IISC
2026-01-18 13:06:30,-47.93021399577698,IISC
2026-01-18 13:07:00,-48.69773524866338,IISC
2026-01-18 13:07:30,-49.304612501377434,IISC
2026-01-18 13:08:00,-45.44677706035236,IISC
2026-01-18 13:08:30,-49.168957570516106,IISC
2026-01-18 13:09:00,-47.339826126940224,IISC
2026-01-18 13:09:30,-44.74232345300538,IISC
2026-01-18 13:10:00,-44.237782359616894,IISC
2026-01-18 13:10:30,-46.90600237502008,IISC
2026-01-18 13:11:00,-48.830330267082914,IISC
2026-01-18 13:11:30,-48.10411749177517,IISC
2026-01-18 13:12:00,-50.26252660690846,IISC
2026-01-18 13:12:30,-45.37061991042866,IISC
2026-01-18 13:13:00,-42.86219390062682,IISC
2026-01-18 13:13:30,-44.7649326066713,IISC
2026-01-18 13:14:00,-44.46625379608923,IISC
2026-01-18 13:14:30,-46.35709295493869,IISC
2026-01-18 13:15:00,-46.13338133645778,IISC
2026-01-18 13:15:30,-47.73013150747539,IISC
2026-01-18 13:16:00,-45.17070740280293,IISC
2026-01-18 13:16:30,-43.85019688267613,IISC
2026-01-18 13:17:00,-44.735523714284206,IISC
2026-01-18 13:17:30,-45.745965847792185,IISC
2026-01-18 13:18:00,-44.734163762487,IISC
2026-01-18 13:18:30,-46.525216646932904,IISC
2026-01-18 13:19:00,-41.5802152678725,IISC
2026-01-18 13:19:30,-44.390096646798796,IISC
2026-01-18 13:20:00,-41.99114654009145,IISC
2026-01-18 13:20:30,-46.82168553584453,IISC
2026-01-18 13:21:00,-44.02427036821603,IISC
2026-01-18 13:21:30,-42.327053960195045,IISC
2026-01-18 13:22:00,-40.397286271075814,IISC
2026-01-18 13:22:30,-41.9435483386459,IISC
2026-01-18 13:23:00,-41.562762605492516,IISC
2026-01-18 13:23:30,-38.83470481740276,IISC
2026-01-18 13:24:00,-38.40088108068123,IISC
2026-01-18 13:24:30,-43.14438333366436,IISC
2026-01-18 13:25:00,-45.97715719229185,IISC
2026-01-18 13:25:30,-45.85748167224972,IISC
2026-01-18 13:26:00,-44.36561757524362,IISC
2026-01-18 13:26:30,-43.52516906175153,IISC
2026-01-18 13:27:00,-44.22826271033527,IISC
2026-01-18 13:27:30,-47.04369722217826,IISC
2026-01-18 13:28:00,-47.416153262606,IISC
2026-01-18 13:28:30,-45.93822864365709,IISC
2026-01-18 13:29:00,-40.854739123411335,IISC
2026-01-18 13:29:30,-39.29470758315768,IISC
2026-01-18 13:30:00,-36.401755981626025,IISC
2026-01-18 13:30:30,-34.669180907937076,IISC
2026-01-18 13:31:00,-36.11888658535539,IISC
2026-01-18 13:31:30,-34.86229366797575,IISC
2026-01-18 13:32:00,-41.383249317830014,IISC
2026-01-18 13:32:30,-40.00698089560685,IISC
2026-01-18 13:33:00,-34.1211214431636,IISC
2026-01-18 13:33:30,-35.5953061921371,IISC
2026-01-18 13:34:00,-32.90940684389993,IISC
2026-01-18 13:34:30,-34.29111508344431,IISC
2026-01-18 13:35:00,-35.18868144069756,IISC
2026-01-18 13:35:30,-39.34060586258845,IISC
2026-01-18 13:36:00,-38.920381613441705,IISC
2026-01-18 13:36:30,-34.52366635441015,IISC
2026-01-18 13:37:00,-31.023157526165672,IISC
2026-01-18 13:37:30,-30.870843238983763,IISC
2026-01-18 13:38:00,-38.240407097914726,IISC
2026-01-18 13:38:30,-40.922226595826494,IISC
2026-01-18 13:39:00,-36.6030284473817,IISC
2026-01-18 13:39:30,-34.633822232136694,IISC
2026-01-18 13:40:00,-34.172799510133174,IISC
2026-01-18 13:40:30,-31.56033740189255,IISC
2026-01-18 13:41:00,-35.92169397499132,IISC
2026-01-18 13:41:30,-36.4507141601998,IISC
2026-01-18 13:42:00,-35.107084489917796,IISC
2026-01-18 13:42:30,-35.656503906488474,IISC
2026-01-18 13:43:00,-35.15196282323239,IISC
2026-01-18 13:43:30,-31.675933066543077,IISC
2026-01-18 13:44:00,-29.56937199842195,IISC
2026-01-18 13:44:30,-32.03087977127787,IISC
2026-01-18 13:45:00,-35.598026105863916,IISC
2026-01-18 13:45:30,-41.48116564964656,IISC
2026-01-18 13:46:00,-39.00741835621166,IISC
2026-01-18 13:46:30,-38.71910915781843,IISC
2026-01-18 13:47:00,-39.33380611373485,IISC
2026-01-18 13:47:30,-39.68875281340343,IISC
2026-01-18 13:48:00,-38.77758695844299,IISC
2026-01-18 13:48:30,-38.70822955863944,IISC
2026-01-18 13:49:00,-32.622627596978035,IISC
2026-01-18 13:49:30,-32.45365393194419,IISC
2026-01-18 13:50:00,-31.510019284820356,IISC
2026-01-18 13:50:30,-33.948237920512454,IISC
2026-01-18 13:51:00,-35.98901145026545,IISC
2026-01-18 13:51:30,-32.54171062019705,IISC
2026-01-18 13:52:00,-33.4282274115275,IISC
2026-01-18 13:52:30,-33.31042182204014,IISC
2026-01-18 13:53:00,-35.8735857764232,IISC
2026-01-18 13:53:30,-35.20721073897187,IISC
2026-01-18 13:54:00,-32.87251823435994,IISC
2026-01-18 13:54:30,-34.07437320145889,IISC
2026-01-18 13:55:00,-33.99226627128828,IISC
2026-01-18 13:55:30,-35.554677727187034,IISC
2026-01-18 13:56:00,-34.948990427862604,IISC
2026-01-18 13:56:30,-33.32827115391498,IISC
2026-01-18 13:57:00,-29.864310954227225,IISC
2026-01-18 13:57:30,-30.34029311243636,IISC
2026-01-18 13:58:00,-30.796046031991406,IISC
2026-01-18 13:58:30,-34.918051595403135,IISC
2026-01-18 13:59:00,-35.09535493859727,IISC
2026-01-18 13:59:30,-32.44175436258453,IISC
2026-01-18 14:00:00,-32.54052066680743,IISC
2026-01-18 14:00:30,-34.902582165874605,IISC
2026-01-18 14:01:00,-33.80782317672591,IISC
2026-01-18 14:01:30,-35.49161008671382,IISC
2026-01-18 14:02:00,-35.77719939671127,IISC
2026-01-18 14:02:30,-39.93014377485075,IISC
2026-01-18 14:03:00,-35.63678465292471,IISC
2026-01-18 14:03:30,-33.08314034782329,IISC
2026-01-18 14:04:00,-33.69596736748545,IISC
2026-01-18 14:04:30,-35.43211231970826,IISC
2026-01-18 14:05:00,-36.758912601065234,IISC
2026-01-18 14:05:30,-37.526433845085776,IISC
2026-01-18 14:06:00,-37.00047354698806,IISC
2026-01-18 14:06:30,-33.964897290131816,IISC
2026-01-18 14:07:00,-34.801435954872474,IISC
2026-01-18 14:07:30,-35.605845816032314,IISC
2026-01-18 14:08:00,-34.90258215700875,IISC
2026-01-18 14:08:30,-36.860058816500306,IISC
2026-01-18 14:09:00,-36.887559997953446,IISC
2026-01-18 14:09:30,-36.64110702339902,IISC
2026-01-18 14:10:00,-37.53383801280887,IISC
2026-01-18 14:10:30,-37.496817169760426,IISC
2026-01-18 14:11:00,-41.30002044870478,IISC
2026-01-18 14:11:30,-38.76716067315225,IISC
2026-01-18 14:12:00,-39.838649424262954,IISC
2026-01-18 14:12:30,-40.86888636723796,IISC
2026-01-18 14:13:00,-37.67557491964013,IISC
2026-01-18 14:13:30,-35.8192444834644,IISC
2026-01-18 14:14:00,-33.83069676757442,IISC
2026-01-18 14:14:30,-43.45241178904102,IISC
2026-01-18 14:15:00,-45.91990333663251,IISC
2026-01-18 14:15:30,-46.869963725854205,IISC
2026-01-18 14:16:00,-42.92724480019724,IISC
2026-01-18 14:16:30,-41.38823581169348,IISC
2026-01-18 14:17:00,-35.22030025285528,IISC
2026-01-18 14:17:30,-37.07663069691177,IISC
2026-01-18 14:18:00,-38.52176543494417,IISC
2026-01-18 14:18:30,-42.27197602285164,IISC
2026-01-18 14:19:00,-40.428021111778946,IISC
2026-01-18 14:19:30,-40.42802111532529,IISC
2026-01-18 14:20:00,-38.344171200167935,IISC
2026-01-18 14:20:30,-43.60377411553772,IISC
2026-01-18 14:21:00,-46.99752695264135,IISC
2026-01-18 14:21:30,-44.59529785149552,IISC
2026-01-18 14:22:00,-36.081827969808515,IISC
2026-01-18 14:22:30,-37.711538014521096,IISC
2026-01-18 14:23:00,-37.75596301593425,IISC
2026-01-18 14:23:30,-38.81687437599897,IISC
2026-01-18 14:24:00,-39.01361366740858,IISC
2026-01-18 14:24:30,-37.993954099718025,IISC
2026-01-18 14:25:00,-35.04498016186269,IISC
2026-01-18 14:25:30,-32.126680629275924,IISC
2026-01-18 14:26:00,-34.99315099420408,IISC
2026-01-18 14:26:30,-34.93603312117152,IISC
2026-01-18 14:27:00,-39.83864942820333,IISC
2026-01-18 14:27:30,-39.61969763411695,IISC
2026-01-18 14:28:00,-39.341512490364984,IISC
2026-01-18 14:28:30,-37.31911716410783,IISC
2026-01-18 14:29:00,-36.83573083817559,IISC
2026-01-18 14:29:30,-39.724413701840135,IISC
2026-01-18 14:30:00,-40.06077442738832,IISC
2026-01-18 14:30:30,-39.410265478968704,IISC
2026-01-18 14:31:00,-39.66200715495668,IISC
2026-01-18 14:31:30,-36.463407005925276,IISC
2026-01-18 14:32:00,-35.9123254356164,IISC
2026-01-18 14:32:30,-39.80162858515487,IISC
2026-01-18 14:33:00,-38.5862874702818,IISC
2026-01-18 14:33:30,-38.04155232593169,IISC
2026-01-18 14:34:00,-34.12157475536313,IISC
2026-01-18 14:34:30,-41.73221224326967,IISC
2026-01-18 14:35:00,-41.050605789132376,IISC
2026-01-18 14:35:30,-40.76025666557645,IISC
2026-01-18 14:36:00,-44.08070824621099,IISC
2026-01-18 14:36:30,-45.195458475356574,IISC
2026-01-18 14:37:00,-44.82990417700084,IISC
2026-01-18 14:37:30,-43.23726785092394,IISC
2026-01-18 14:38:00,-45.00601758010414,IISC
2026-01-18 14:38:30,-46.686234617510976,IISC
2026-01-18 14:39:00,-46.71860140290386,IISC
2026-01-18 14:39:30,-44.4491184397945,IISC
2026-01-18 14:40:00,-45.14214846775023,IISC
2026-01-18 14:40:30,-44.299660042267554,IISC
2026-01-18 14:41:00,-42.540429965028736,IISC
2026-01-18 14:41:30,-43.327704461028,IISC
2026-01-18 14:42:00,-42.65942549903986,IISC
2026-01-18 14:42:30,-43.821773955975274,IISC
2026-01-18 14:43:00,-40.334728613539795,IISC
2026-01-18 14:43:30,-40.39755824471678,IISC
2026-01-18 14:44:00,-41.696037603483646,IISC
2026-01-18 14:44:30,-40.3233050432677,IISC
2026-01-18 14:45:00,-39.68834483647682,IISC
2026-01-18 14:45:30,-43.15148528389604,IISC
2026-01-18 14:46:00,-43.959597235566825,IISC
2026-01-18 14:46:30,-42.288370963408404,IISC
2026-01-18 14:47:00,-42.69136919304651,IISC
2026-01-18 14:47:30,-43.73006805043447,IISC
2026-01-18 14:48:00,-41.025431622321655,IISC
2026-01-18 14:48:30,-38.28165887058697,IISC
2026-01-18 14:49:00,-38.7333130588447,IISC
2026-01-18 14:49:30,-40.92388875575672,IISC
2026-01-18 14:50:00,-40.29876550723171,IISC
2026-01-18 14:50:30,-44.73280381294144,IISC
2026-01-18 14:51:00,-43.64439126452791,IISC
2026-01-18 14:51:30,-43.63487161770903,IISC
2026-01-18 14:52:00,-42.988593610734355,IISC
2026-01-18 14:52:30,-41.608245342126175,IISC
2026-01-18 14:53:00,-40.9059072142268,IISC
2026-01-18 14:53:30,-43.235046608931064,IISC
2026-01-18 14:54:00,-42.516842400373285,IISC
2026-01-18 14:54:30,-38.648694013224876,IISC
2026-01-18 14:55:00,-37.42700646451229,IISC
2026-01-18 14:55:30,-38.45301245816158,IISC
2026-01-18 14:56:00,-43.20775695366615,IISC
2026-01-18 14:56:30,-42.96024622660984,IISC
2026-01-18 14:57:00,-41.1505620405388,IISC
2026-01-18 14:57:30,-45.95798190184191,IISC
2026-01-18 14:58:00,-41.85046737129527,IISC
2026-01-18 14:58:30,-42.46522479022893,IISC
2026-01-18 14:59:00,-42.85457819184055,IISC
2026-01-18 14:59:30,-43.45431571446442,IISC
2026-01-18 15:00:00,-41.37332169808119,IISC
2026-01-18 15:00:30,-44.242542180268075,IISC
2026-01-18 15:01:00,-44.8851181029379,IISC
2026-01-18 15:01:30,-42.121565659066654,IISC
2026-01-18 15:02:00,-40.4708595189176,IISC
2026-01-18 15:02:30,-39.89968091310809,IISC
2026-01-18 15:03:00,-40.23667628755677,IISC
2026-01-18 15:03:30,-38.625952638040516,IISC
2026-01-18 15:04:00,-38.19280887721759,IISC
2026-01-18 15:04:30,-39.08860730321392,IISC
2026-01-18 15:05:00,-39.960606633047064,IISC
2026-01-18 15:05:30,-39.6654976923863,IISC
2026-01-18 15:06:00,-41.533251703168524,IISC
2026-01-18 15:06:30,-40.78215185404797,IISC
2026-01-18 15:07:00,-38.870607480508085,IISC
2026-01-18 15:07:30,-38.6925901448887,IISC
2026-01-18 15:08:00,-37.38268721939608,IISC
2026-01-18 15:08:30,-38.16996173667341,IISC
2026-01-18 15:09:00,-38.53266013625502,IISC
2026-01-18 15:09:30,-40.746929166334624,IISC
2026-01-18 15:10:00,-42.06920761771834,IISC
2026-01-18 15:10:30,-40.741217382971755,IISC
2026-01-18 15:11:00,-38.64234757938536,IISC
2026-01-18 15:11:30,-40.04702383912449,IISC
2026-01-18 15:12:00,-38.77879580448494,IISC
2026-01-18 15:12:30,-38.898320212579804,IISC
2026-01-18 15:13:00,-39.310838096917564,IISC
2026-01-18 15:13:30,-42.18577036049713,IISC
2026-01-18 15:14:00,-40.018464902608216,IISC
2026-01-18 15:14:30,-41.58074414589661,IISC
2026-01-18 15:15:00,-39.9391345466008,IISC
2026-01-18 15:15:30,-39.65354524842451,IISC
2026-01-18 15:16:00,-42.04191796915208,IISC
2026-01-18 15:16:30,-42.2767358360161,IISC
2026-01-18 15:17:00,-38.65689149355122,IISC
2026-01-18 15:17:30,-37.64899924813162,IISC
2026-01-18 15:18:00,-35.447581735937995,IISC
2026-01-18 15:18:30,-38.27531244462822,IISC
2026-01-18 15:19:00,-36.41580879941351,IISC
2026-01-18 15:19:30,-36.20003021042575,IISC
2026-01-18 15:20:00,-38.93111010236217,IISC
2026-01-18 15:20:30,-36.027618902266326,IISC
2026-01-18 15:21:00,-32.95938497365611,IISC
2026-01-18 15:21:30,-35.028717429089326,IISC
2026-01-18 15:22:00,-39.97615537782811,IISC
2026-01-18 15:22:30,-38.94803390754575,IISC
2026-01-18 15:23:00,-39.10881010407439,IISC
2026-01-18 15:23:30,-38.679368414553046,IISC
2026-01-18 15:24:00,-38.96707319724314,IISC
2026-01-18 15:24:30,-37.74115467950295,IISC
2026-01-18 15:25:00,-36.784959398982544,IISC
2026-01-18 15:25:30,-39.985675024646994,IISC
2026-01-18 15:26:00,-38.29223626163295,IISC
2026-01-18 15:26:30,-35.34008909503674,IISC
2026-01-18 15:27:00,-36.6157213038025,IISC
2026-01-18 15:27:30,-36.20426115187069,IISC
2026-01-18 15:28:00,-37.219689778116305,IISC
2026-01-18 15:28:30,-39.06332737419567,IISC
2026-01-18 15:29:00,-40.28395718262155,IISC
2026-01-18 15:29:30,-38.03203267123203,IISC
2026-01-18 15:30:00,-37.31805942382111,IISC
2026-01-18 15:30:30,-40.08827563149865,IISC
2026-01-18 15:31:00,-38.51647674927213,IISC
2026-01-18 15:31:30,-39.78258929939787,IISC
2026-01-18 15:32:00,-40.44261790251714,IISC
2026-01-18 15:32:30,-39.55940655204541,IISC
2026-01-18 15:33:00,-38.37791305147988,IISC
2026-01-18 15:33:30,-38.564074955783894,IISC
2026-01-18 15:34:00,-36.38301890963115,IISC
2026-01-18 15:34:30,-38.24358030695372,IISC
2026-01-18 15:35:00,-37.8532749292331,IISC
2026-01-18 15:35:30,-39.11092557282667,IISC
2026-01-18 15:36:00,-35.14440754391383,IISC
2026-01-18 15:36:30,-35.125368258156826,IISC
2026-01-18 15:37:00,-38.613788654690225,IISC
2026-01-18 15:37:30,-40.37703813477355,IISC
2026-01-18 15:38:00,-39.021017845475185,IISC
2026-01-18 15:38:30,-38.63705888977294,IISC
2026-01-18 15:39:00,-35.00161289285549,IISC
2026-01-18 15:39:30,-36.69187845077092,IISC
2026-01-18 15:40:00,-40.937639363722454,IISC
2026-01-18 15:40:30,-38.64552079236473,IISC
2026-01-18 15:41:00,-34.35996249372461,IISC
2026-01-18 15:41:30,-32.35726753893347,IISC
2026-01-18 15:42:00,-34.23144731486479,IISC
2026-01-18 15:42:30,-35.163182397061895,IISC
2026-01-18 15:43:00,-35.49280004010344,IISC
2026-01-18 15:43:30,-37.1789668568706,IISC
2026-01-18 15:44:00,-31.44933155555931,IISC
2026-01-18 15:44:30,-30.917421494946414,IISC
2026-01-18 15:45:00,-33.96370735004098,IISC
2026-01-18 15:45:30,-31.331525970504885,IISC
2026-01-18 15:46:00,-30.217727713823436,IISC
2026-01-18 15:46:30,-29.376429231091365,IISC
2026-01-18 15:47:00,-32.69283495778898,IISC
2026-01-18 15:47:30,-33.70429706337745,IISC
2026-01-18 15:48:00,-34.77287702032638,IISC
2026-01-18 15:48:30,-36.914796756648585,IISC
2026-01-18 15:49:00,-36.655386474417995,IISC
2026-01-18 15:49:30,-33.60910062818929,IISC
2026-01-18 15:50:00,-32.18829386946669,IISC
2026-01-18 15:50:30,-32.12522623342641,IISC
2026-01-18 15:51:00,-32.07643806022624,IISC
2026-01-18 15:51:30,-33.93157854202724,IISC
2026-01-18 15:52:00,-31.627824865441855,IISC
2026-01-18 15:52:30,-29.947607833354528,IISC
2026-01-18 15:53:00,-31.55166772881693,IISC
2026-01-18 15:53:30,-30.881722837599852,IISC
2026-01-18 15:54:00,-32.91681102365527,IISC
2026-01-18 15:54:30,-36.31849688611466,IISC
2026-01-18 15:55:00,-36.72784153777113,IISC
2026-01-18 15:55:30,-34.72237001669757,IISC
2026-01-18 15:56:00,-35.54634804114599,IISC
2026-01-18 15:56:30,-38.86870354759796,IISC
2026-01-18 15:57:00,-40.5039667051735,IISC
2026-01-18 15:57:30,-36.11118021153983,IISC
2026-01-18 15:58:00,-33.68472890353671,IISC
2026-01-18 15:58:30,-36.04771592436967,IISC
2026-01-18 15:59:00,-34.4854366732005,IISC
2026-01-18 15:59:30,-33.59270567985027,IISC
2026-01-18 16:00:00,-36.38090343693849,IISC
2026-01-18 16:00:30,-34.79852717548713,IISC
2026-01-18 16:01:00,-36.537448672320274,IISC
2026-01-18 16:01:30,-35.82453317307682,IISC
2026-01-18 16:02:00,-36.44013677084256,IISC
2026-01-18 16:02:30,-34.115228337285146,IISC
2026-01-18 16:03:00,-36.8420772720151,IISC
2026-01-18 16:03:30,-35.92184507849491,IISC
2026-01-18 16:04:00,-33.36952294431895,IISC
2026-01-18 16:04:30,-33.15268661504447,IISC
2026-01-18 16:05:00,-37.156225498826906,IISC
2026-01-18 16:05:30,-36.48561951254243,IISC
2026-01-18 16:06:00,-36.501485593200826,IISC
2026-01-18 16:06:30,-33.30182769206155,IISC
2026-01-18 16:07:00,-31.82824736385739,IISC
2026-01-18 16:07:30,-40.84997930985284,IISC
2026-01-18 16:08:00,-36.56732978616513,IISC
2026-01-18 16:08:30,-35.67605318127619,IISC
2026-01-18 16:09:00,-33.603150861241176,IISC
2026-01-18 16:09:30,-32.17322109156059,IISC
2026-01-18 16:10:00,-37.428064200858614,IISC
2026-01-18 16:10:30,-36.187337354567866,IISC
2026-01-18 16:11:00,-30.487186506613156,IISC
2026-01-18 16:11:30,-29.672728125043236,IISC
2026-01-18 16:12:00,-33.49433603414546,IISC
2026-01-18 16:12:30,-33.6625164087407,IISC
2026-01-18 16:13:00,-31.6099755468658,IISC
2026-01-18 16:13:30,-32.7154441165211,IISC
2026-01-18 16:14:00,-32.35607758554385,IISC
2026-01-18 16:14:30,-31.25179896041231,IISC
2026-01-18 16:15:00,-34.96564980191489,IISC
2026-01-18 16:15:30,-42.22490666835748,IISC
2026-01-18 16:16:00,-36.33171859832456,IISC
2026-01-18 16:16:30,-36.42453513116641,IISC
2026-01-18 16:17:00,-34.440879466072666,IISC
2026-01-18 16:17:30,-35.72008152761909,IISC
2026-01-18 16:18:00,-31.82178760485292,IISC
2026-01-18 16:18:30,-33.94228814026555,IISC
2026-01-18 16:19:00,-34.97652939096148,IISC
2026-01-18 16:19:30,-34.35367272426186,IISC
2026-01-18 16:20:00,-33.42618748826463,IISC
2026-01-18 16:20:30,-32.91892649634793,IISC
2026-01-18 16:21:00,-35.64562431744188,IISC
2026-01-18 16:21:30,-33.439786970773206,IISC
2026-01-18 16:22:00,-34.788856417846794,IISC
2026-01-18 16:22:30,-33.06308108287903,IISC
2026-01-18 16:23:00,-29.663208490045495,IISC
2026-01-18 16:23:30,-30.675010570284478,IISC
2026-01-18 16:24:00,-31.476020562717,IISC
2026-01-18 16:24:30,-33.55130279016454,IISC
2026-01-18 16:25:00,-34.900372247370534,IISC
2026-01-18 16:25:30,-33.11611910671201,IISC
2026-01-18 16:26:00,-33.536343350792556,IISC
2026-01-18 16:26:30,-37.32380142563306,IISC
2026-01-18 16:27:00,-34.82421509871338,IISC
2026-01-18 16:27:30,-32.266150955970524,IISC
2026-01-18 16:28:00,-32.53270096107196,IISC
2026-01-18 16:28:30,-34.57398447971494,IISC
2026-01-18 16:29:00,-34.32307388101824,IISC
2026-01-18 16:29:30,-32.60885811479532,IISC
2026-01-18 16:30:00,-29.875020552465543,IISC
2026-01-18 16:30:30,-32.525051255010624,IISC
2026-01-18 16:31:00,-34.13030109942972,IISC
2026-01-18 16:31:30,-32.544090540275086,IISC
2026-01-18 16:32:00,-37.4288574942525,IISC
2026-01-18 16:32:30,-34.356392632922464,IISC
2026-01-18 16:33:00,-34.588943903888314,IISC
2026-01-18 16:33:30,-30.007275590535084,IISC
2026-01-18 16:34:00,-30.645091691540497,IISC
2026-01-18 16:34:30,-32.1505552862538,IISC
2026-01-18 16:35:00,-33.273873185884106,IISC
2026-01-18 16:35:30,-35.01052812003086,IISC
2026-01-18 16:36:00,-32.191353743911954,IISC
2026-01-18 16:36:30,-28.19854336818898,IISC
2026-01-18 16:37:00,-26.498607066706,IISC
2026-01-18 16:37:30,-35.61179558298042,IISC
2026-01-18 16:38:00,-37.750145459133755,IISC
2026-01-18 16:38:30,-35.55943754961138,IISC
2026-01-18 16:39:00,-33.08433029677998,IISC
2026-01-18 16:39:30,-31.310106774028245,IISC
2026-01-18 16:40:00,-27.25235882221107,IISC
2026-01-18 16:40:30,-31.74920031953101,IISC
2026-01-18 16:41:00,-31.436582026458815,IISC
2026-01-18 16:41:30,-28.18902372587338,IISC
2026-01-18 16:42:00,-26.106941739439836,IISC
2026-01-18 16:42:30,-28.42837475075903,IISC
2026-01-18 16:43:00,-31.23938942116094,IISC
2026-01-18 16:43:30,-31.675933076675484,IISC
2026-01-18 16:44:00,-33.28883263538851,IISC
2026-01-18 16:44:30,-31.380824124362455,IISC
2026-01-18 16:45:00,-27.90207447927736,IISC
2026-01-18 16:45:30,-24.48724243187321,IISC
2026-01-18 16:46:00,-30.303744479446703,IISC
2026-01-18 16:46:30,-32.71765403059224,IISC
2026-01-18 16:47:00,-28.069348205831254,IISC
2026-01-18 16:47:30,-27.76199972280684,IISC
2026-01-18 16:48:00,-27.59608594298394,IISC
2026-01-18 16:48:30,-27.92519361930015,IISC
2026-01-18 16:49:00,-32.99780353340088,IISC
2026-01-18 16:49:30,-31.60657565660711,IISC
2026-01-18 16:50:00,-27.09018490286445,IISC
2026-01-18 16:50:30,-25.915188926132153,IISC
2026-01-18 16:51:00,-27.53216834023678,IISC
2026-01-18 16:51:30,-32.43070477893002,IISC
2026-01-18 16:52:00,-31.12787360176961,IISC
2026-01-18 16:52:30,-31.284267734210705,IISC
2026-01-18 16:53:00,-29.962397277485316,IISC
2026-01-18 16:53:30,-25.56432207172276,IISC
2026-01-18 16:54:00,-28.75748242200904,IISC
2026-01-18 16:54:30,-29.633459602109788,IISC
2026-01-18 16:55:00,-26.551475087698474,IISC
2026-01-18 16:55:30,-24.267950654200103,IISC
2026-01-18 16:56:00,-26.78283642490624,IISC
2026-01-18 16:56:30,-28.202623228646786,IISC
2026-01-18 16:57:00,-23.1980107473538,IISC
2026-01-18 16:57:30,-26.062063431456274,IISC
2026-01-18 16:58:00,-30.086152637720435,IISC
2026-01-18 16:58:30,-28.896197221616152,IISC
2026-01-18 16:59:00,-31.137393244085196,IISC
2026-01-18 16:59:30,-27.119877130574867,IISC
2026-01-18 17:00:00,-25.703036865419303,IISC
2026-01-18 17:00:30,-26.67245388770247,IISC
2026-01-18 17:01:00,-24.524187715570562,IISC
2026-01-18 17:01:30,-26.467328241231026,IISC
2026-01-18 17:02:00,-29.158667396657,IISC
2026-01-18 17:02:30,-29.68360771634148,IISC
2026-01-18 17:03:00,-25.58200141468916,IISC
2026-01-18 17:03:30,-21.572871637664573,IISC
2026-01-18 17:04:00,-31.949282820498105,IISC
2026-01-18 17:04:30,-27.82183748536101,IISC
2026-01-18 17:05:00,-31.558977445029146,IISC
2026-01-18 17:05:30,-27.802118232430526,IISC
2026-01-18 17:06:00,-27.52604856137121,IISC
2026-01-18 17:06:30,-25.098539520962138,IISC
2026-01-18 17:07:00,-22.83445103567925,IISC
2026-01-18 17:07:30,-21.887246523953618,IISC
2026-01-18 17:08:00,-20.422808064107436,IISC
2026-01-18 17:08:30,-24.670155579608274,IISC
2026-01-18 17:09:00,-22.82651799535005,IISC
2026-01-18 17:09:30,-28.334538269267888,IISC
2026-01-18 17:10:00,-28.708524263700074,IISC
2026-01-18 17:10:30,-22.66083088175933,IISC
2026-01-18 17:11:00,-24.946905212211938,IISC
2026-01-18 17:11:30,-24.566119484124776,IISC
2026-01-18 17:12:00,-29.621050070457724,IISC
2026-01-18 17:12:30,-29.281062800028717,IISC
2026-01-18 17:13:00,-26.81139534678681,IISC
2026-01-18 17:13:30,-23.187131153241005,IISC
2026-01-18 17:14:00,-26.13958053191063,IISC
2026-01-18 17:14:30,-26.135500671452824,IISC
2026-01-18 17:15:00,-30.452148926109743,IISC
2026-01-18 17:15:30,-32.1383157428769,IISC
2026-01-18 17:16:00,-28.17695417963752,IISC
2026-01-18 17:16:30,-20.768291786329737,IISC
2026-01-18 17:17:00,-22.17243916656711,IISC
2026-01-18 17:17:30,-22.45819846927265,IISC
2026-01-18 17:18:00,-23.351684976200495,IISC
2026-01-18 17:18:30,-21.098249423020064,IISC
2026-01-18 17:19:00,-24.008540377035708,IISC
2026-01-18 17:19:30,-28.52901098110377,IISC
2026-01-18 17:20:00,-32.237082038233936,IISC
2026-01-18 17:20:30,-28.60057830004468,IISC
2026-01-18 17:21:00,-31.05664627204455,IISC
2026-01-18 17:21:30,-33.14025819918374,IISC
2026-01-18 17:22:00,-29.397848432000934,IISC
2026-01-18 17:22:30,-30.744877956444917,IISC
2026-01-18 17:23:00,-30.291504943669114,IISC
2026-01-18 17:23:30,-28.638656888305324,IISC
2026-01-18 17:24:00,-22.5591746742679,IISC
2026-01-18 17:24:30,-22.749567549077167,IISC
2026-01-18 17:25:00,-24.64873638165399,IISC
2026-01-18 17:25:30,-23.548027634423043,IISC
2026-01-18 17:26:00,-22.811445218429043,IISC
2026-01-18 17:26:30,-27.667653264457954,IISC
2026-01-18 17:27:00,-28.45302383148747,IISC
2026-01-18 17:27:30,-28.51966133212955,IISC
2026-01-18 17:28:00,-25.36032971883784,IISC
2026-01-18 17:28:30,-26.946540282425406,IISC
2026-01-18 17:29:00,-27.581976460819682,IISC
2026-01-18 17:29:30,-26.695459682788027,IISC
2026-01-18 17:30:00,-28.551790131277436,IISC
2026-01-18 17:30:30,-27.353505028780283,IISC
2026-01-18 17:31:00,-24.127535910413556,IISC
2026-01-18 17:31:30,-25.773244241006687,IISC
2026-01-18 17:32:00,-24.734413176426393,IISC
2026-01-18 17:32:30,-23.9609421432931,IISC
2026-01-18 17:33:00,-22.597253253662686,IISC
2026-01-18 17:33:30,-23.96230210205633,IISC
2026-01-18 17:34:00,-25.050261336018675,IISC
2026-01-18 17:34:30,-26.317733852577323,IISC
2026-01-18 17:35:00,-26.0022256638359,IISC
2026-01-18 17:35:30,-23.656313575895325,IISC
2026-01-18 17:36:00,-21.27504279695575,IISC
2026-01-18 17:36:30,-20.132685602561843,IISC
2026-01-18 17:37:00,-18.674820239691332,IISC
2026-01-18 17:37:30,-18.559224564908398,IISC
2026-01-18 17:38:00,-23.69847199041689,IISC
2026-01-18 17:38:30,-23.69303218829429,IISC
2026-01-18 17:39:00,-21.632709400218747,IISC
2026-01-18 17:39:30,-21.48719484669183,IISC
2026-01-18 17:40:00,-22.335803055768515,IISC
2026-01-18 17:40:30,-21.85438109227041,IISC
2026-01-18 17:41:00,-19.526148347296225,IISC
2026-01-18 17:41:30,-23.184411264845213,IISC
2026-01-18 17:42:00,-25.40248814222527,IISC
2026-01-18 17:42:30,-23.48224008022301,IISC
2026-01-18 17:43:00,-21.98629613795772,IISC
2026-01-18 17:43:30,-21.42871704606727,IISC
2026-01-18 17:44:00,-20.30131928091294,IISC
2026-01-18 17:44:30,-22.85666353526,IISC
2026-01-18 17:45:00,-20.338037908510522,IISC
2026-01-18 17:45:30,-18.247796246757197,IISC
2026-01-18 17:46:00,-17.79357325334246,IISC
2026-01-18 17:46:30,-20.12316596024625,IISC
2026-01-18 17:47:00,-17.827571982411836,IISC
2026-01-18 17:47:30,-18.89649192667679,IISC
2026-01-18 17:48:00,-19.065125599961682,IISC
2026-01-18 17:48:30,-18.952249843971767,IISC
2026-01-18 17:49:00,-18.906011568992387,IISC
2026-01-18 17:49:30,-22.992658441405123,IISC
2026-01-18 17:50:00,-23.816787553595617,IISC
2026-01-18 17:50:30,-20.608667769003556,IISC
2026-01-18 17:51:00,-18.527945749565827,IISC
2026-01-18 17:51:30,-15.469420338428856,IISC
2026-01-18 17:52:00,-16.318028542439347,IISC
2026-01-18 17:52:30,-14.962159356644573,IISC
2026-01-18 17:53:00,-17.867010503471413,IISC
2026-01-18 17:53:30,-15.919563481518194,IISC
2026-01-18 17:54:00,-17.04560128474291,IISC
2026-01-18 17:54:30,-17.85749085608962,IISC
2026-01-18 17:55:00,-21.876140270363585,IISC
2026-01-18 17:55:30,-23.29320717050973,IISC
2026-01-18 17:56:00,-20.70930398414968,IISC
2026-01-18 17:56:30,-16.118116033547068,IISC
2026-01-18 17:57:00,-13.766764153616297,IISC
2026-01-18 17:57:30,-14.147549876637258,IISC
2026-01-18 17:58:00,-15.769969087798286,IISC
2026-01-18 17:58:30,-20.35707720834032,IISC
2026-01-18 17:59:00,-21.117288712717453,IISC
2026-01-18 17:59:30,-19.47583021692524,IISC
2026-01-18 18:00:00,-18.175718938293027,IISC
2026-01-18 18:00:30,-18.02748449130412,IISC
2026-01-18 18:01:00,-16.731453062997307,IISC
2026-01-18 18:01:30,-13.694686840085927,IISC
2026-01-18 18:02:00,-15.261348149150596,IISC
2026-01-18 18:02:30,-14.758166997426894,IISC
2026-01-18 18:03:00,-15.300786660077762,IISC
2026-01-18 18:03:30,-18.008445211739136,IISC
2026-01-18 18:04:00,-20.055168507173693,IISC
2026-01-18 18:04:30,-25.47728533908522,IISC
2026-01-18 18:05:00,-20.23468178976999,IISC
2026-01-18 18:05:30,-18.83529421739163,IISC
2026-01-18 18:06:00,-15.99708057690635,IISC
2026-01-18 18:06:30,-17.571901546092175,IISC
2026-01-18 18:07:00,-17.83437173126544,IISC
2026-01-18 18:07:30,-17.573261513087996,IISC
2026-01-18 18:08:00,-15.277667530187378,IISC
2026-01-18 18:08:30,-18.29675440506616,IISC
2026-01-18 18:09:00,-19.256878423401776,IISC
2026-01-18 18:09:30,-17.98668601844734,IISC
2026-01-18 18:10:00,-15.9127637377308,IISC
2026-01-18 18:10:30,-14.95127976253178,IISC
2026-01-18 18:11:00,-14.43041926784168,IISC
2026-01-18 18:11:30,-14.905041482486194,IISC
2026-01-18 18:12:00,-13.277182489467387,IISC
2026-01-18 18:12:30,-12.092666875485701,IISC
2026-01-18 18:13:00,-13.335660300224353,IISC
2026-01-18 18:13:30,-10.051383366975134,IISC
2026-01-18 18:14:00,-12.844718689344443,IISC
2026-01-18 18:14:30,-15.149832319626855,IISC
2026-01-18 18:15:00,-17.786773519687472,IISC
2026-01-18 18:15:30,-16.28810966876157,IISC
2026-01-18 18:16:00,-14.826164445433246,IISC
2026-01-18 18:16:30,-13.836121548353649,IISC
2026-01-18 18:17:00,-11.906353859234416,IISC
2026-01-18 18:17:30,-11.816597223002471,IISC
2026-01-18 18:18:00,-10.895911710527814,IISC
2026-01-18 18:18:30,-13.017432228153348,IISC
2026-01-18 18:19:00,-9.55636191083603,IISC
2026-01-18 18:19:30,-8.922625655089808,IISC
2026-01-18 18:20:00,-10.901351512650418,IISC
2026-01-18 18:20:30,-9.803872641438684,IISC
2026-01-18 18:21:00,-10.316573420279367,IISC
2026-01-18 18:21:30,-11.112143610589287,IISC
2026-01-18 18:22:00,-12.013789823234143,IISC
2026-01-18 18:22:30,-10.323373174199173,IISC
2026-01-18 18:23:00,-10.585843344173819,IISC
2026-01-18 18:23:30,-11.457570673008485,IISC
2026-01-18 18:24:00,-15.747076607252728,IISC
2026-01-18 18:24:30,-17.849331171481797,IISC
2026-01-18 18:25:00,-22.149490039517236,IISC
2026-01-18 18:25:30,-20.72426342858788,IISC
2026-01-18 18:26:00,-18.20427786523981,IISC
2026-01-18 18:26:30,-15.050556036013115,IISC
2026-01-18 18:27:00,-17.218314808353206,IISC
2026-01-18 18:27:30,-17.97716636599934,IISC
2026-01-18 18:28:00,-19.47175037673225,IISC
2026-01-18 18:28:30,-17.63581917417036,IISC
2026-01-18 18:29:00,-19.920533552825777,IISC
2026-01-18 18:29:30,-19.100484275762064,IISC
2026-01-18 18:30:00,-19.547907515257,IISC
2026-01-18 18:30:30,-18.408270224457493,IISC
2026-01-18 18:31:00,-14.60041289798998,IISC
2026-01-18 18:31:30,-10.793915543584488,IISC
2026-01-18 18:32:00,-11.37461377549773,IISC
2026-01-18 18:32:30,-17.716056157954302,IISC
2026-01-18 18:33:00,-21.74014537941708,IISC
2026-01-18 18:33:30,-20.286359851673357,IISC
2026-01-18 18:34:00,-17.348869922508133,IISC
2026-01-18 18:34:30,-16.76409183013708,IISC
2026-01-18 18:35:00,-19.45815087902505,IISC
2026-01-18 18:35:30,-18.264115622727775,IISC
2026-01-18 18:36:00,-17.997565607493932,IISC
2026-01-18 18:36:30,-16.2323517514666,IISC
2026-01-18 18:37:00,-15.077755011162692,IISC
2026-01-18 18:37:30,-15.311666269389173,IISC
2026-01-18 18:38:00,-14.695609346476937,IISC
2026-01-18 18:38:30,-15.620374678879761,IISC
2026-01-18 18:39:00,-18.58506360345939,IISC
2026-01-18 18:39:30,-20.328518266194926,IISC
2026-01-18 18:40:00,-18.269555419784172,IISC
2026-01-18 18:40:30,-17.059200767251497,IISC
2026-01-18 18:41:00,-16.142595120300857,IISC
2026-01-18 18:41:30,-13.989795792398963,IISC
2026-01-18 18:42:00,-15.986200972661143,IISC
2026-01-18 18:42:30,-13.39141821245312,IISC
2026-01-18 18:43:00,-12.931755442246802,IISC
2026-01-18 18:43:30,-16.01204000614593,IISC
2026-01-18 18:44:00,-21.780943847207656,IISC
2026-01-18 18:44:30,-22.286844892393354,IISC
2026-01-18 18:45:00,-16.164354303460243,IISC
2026-01-18 18:45:30,-14.789445822901872,IISC
2026-01-18 18:46:00,-17.41414747705249,IISC
2026-01-18 18:46:30,-18.63538170849935,IISC
2026-01-18 18:47:00,-19.818537375750036,IISC
2026-01-18 18:47:30,-16.331628035080342,IISC
2026-01-18 18:48:00,-12.303458978490776,IISC
2026-01-18 18:48:30,-6.368641362672359,IISC
2026-01-18 18:49:00,-2.723977932698159,IISC
2026-01-18 18:49:30,-2.2806345333962144,IISC
2026-01-18 18:50:00,-15.661399809525038,IISC
2026-01-18 18:50:30,-2.7430172173293466,IISC
2026-01-18 18:51:00,-5.695466590932767,IISC
2026-01-18 18:51:30,-10.175138727210257,IISC
2026-01-18 18:52:00,-17.967646728749948,IISC
2026-01-18 18:52:30,-14.570494029378406,IISC
2026-01-18 18:53:00,-18.325313326946734,IISC
2026-01-18 18:53:30,-23.771739248471025,IISC
2026-01-18 18:54:00,-20.31253886677469,IISC
2026-01-18 18:54:30,-18.40623030056134,IISC
2026-01-18 18:55:00,-16.326188242456873,IISC
2026-01-18 18:55:30,-14.210447516169793,IISC
2026-01-18 18:56:00,-16.27621011143415,IISC
2026-01-18 18:56:30,-16.459463248173964,IISC
2026-01-18 18:57:00,-17.15082734670373,IISC
2026-01-18 18:57:30,-14.96249933952767,IISC
2026-01-18 18:58:00,-16.058448264334274,IISC
2026-01-18 18:58:30,-16.628436913207814,IISC
2026-01-18 18:59:00,-16.72363333953012,IISC
2026-01-18 18:59:30,-18.24915618272251,IISC
2026-01-18 19:00:00,-13.0002628620447,IISC
2026-01-18 19:00:30,-13.70947629688223,IISC
2026-01-18 19:01:00,-16.23099180283577,IISC
2026-01-18 19:01:30,-19.49384954720766,IISC
2026-01-18 19:02:00,-15.752629728981537,IISC
2026-01-18 19:02:30,-12.001890279205508,IISC
2026-01-18 19:03:00,-11.290296937588732,IISC
2026-01-18 19:03:30,-13.751124718714163,IISC
2026-01-18 19:04:00,-17.86361062841134,IISC
2026-01-18 19:04:30,-19.43197186012407,IISC
2026-01-18 19:05:00,-20.568379279970557,IISC
2026-01-18 19:05:30,-16.059638231022685,IISC
2026-01-18 19:06:00,-14.423449527546532,IISC
2026-01-18 19:06:30,-17.86599054848937,IISC
2026-01-18 19:07:00,-20.19949310857754,IISC
2026-01-18 19:07:30,-15.012477466117463,IISC
2026-01-18 19:08:00,-12.18157354247767,IISC
2026-01-18 19:08:30,-13.270382751379474,IISC
2026-01-18 19:09:00,-11.81863714246569,IISC
2026-01-18 19:09:30,-13.98197607526453,IISC
2026-01-18 19:10:00,-12.771791430005294,IISC
2026-01-18 19:10:30,-10.008714955964278,IISC
2026-01-18 19:11:00,-10.343092430296029,IISC
2026-01-18 19:11:30,-14.112871174202379,IISC
2026-01-18 19:12:00,-14.651920981750585,IISC
2026-01-18 19:12:30,-12.475492530635396,IISC
2026-01-18 19:13:00,-17.725575795836967,IISC
2026-01-18 19:13:30,-19.72470088602631,IISC
2026-01-18 19:14:00,-18.24320640247561,IISC
2026-01-18 19:14:30,-18.712048844779936,IISC
2026-01-18 19:15:00,-14.579333691995744,IISC
2026-01-18 19:15:30,-11.646093603964191,IISC
2026-01-18 19:16:00,-16.044168814792947,IISC
2026-01-18 19:16:30,-16.947344971309825,IISC
2026-01-18 19:17:00,-19.09997430587035,IISC
2026-01-18 19:17:30,-20.40059557275926,IISC
2026-01-18 19:18:00,-13.038341437006551,IISC
2026-01-18 19:18:30,-13.855840803183957,IISC
2026-01-18 19:19:00,-16.184583540847775,IISC
2026-01-18 19:19:30,-16.178633769466735,IISC
2026-01-18 19:20:00,-18.15514970092396,IISC
2026-01-18 19:20:30,-20.481512536241464,IISC
2026-01-18 19:21:00,-16.109616353179547,IISC
2026-01-18 19:21:30,-11.350984666849774,IISC
2026-01-18 19:22:00,-10.009904922652687,IISC
2026-01-18 19:22:30,-9.756444416236063,IISC
2026-01-18 19:23:00,-15.31846599797795,IISC
2026-01-18 19:23:30,-14.502496581372052,IISC
2026-01-18 19:24:00,-11.952592124081386,IISC
2026-01-18 19:24:30,-12.809360018610265,IISC
2026-01-18 19:25:00,-15.00839760629293,IISC
2026-01-18 19:25:30,-15.157992010145247,IISC
2026-01-18 19:26:00,-14.62217208621557,IISC
2026-01-18 19:26:30,-16.667535455183945,IISC
2026-01-18 19:27:00,-17.939087801803172,IISC
2026-01-18 19:27:30,-16.09907673878347,IISC
2026-01-18 19:28:00,-15.371504016744726,IISC
2026-01-18 19:28:30,-14.070032776182902,IISC
2026-01-18 19:29:00,-14.866962908157616,IISC
2026-01-18 19:29:30,-17.276792624176373,IISC
2026-01-18 19:30:00,-15.624454529205163,IISC
2026-01-18 19:30:30,-17.22511456733921,IISC
2026-01-18 19:31:00,-16.471702796617066,IISC
2026-01-18 19:31:30,-14.093151916205695,IISC
2026-01-18 19:32:00,-12.911356195686002,IISC
2026-01-18 19:32:30,-13.976196299757968,IISC
2026-01-18 19:33:00,-15.149832314560651,IISC
2026-01-18 19:33:30,-18.162119445652042,IISC
2026-01-18 19:34:00,-18.243716386299386,IISC
2026-01-18 19:34:30,-15.495259371913644,IISC
2026-01-18 19:35:00,-14.199227938540629,IISC
2026-01-18 19:35:30,-13.074550092179319,IISC
2026-01-18 19:36:00,-17.584141102134584,IISC
2026-01-18 19:36:30,-12.34561739807855,IISC
2026-01-18 19:37:00,-10.702798950489136,IISC
2026-01-18 19:37:30,-16.148034907224844,IISC
2026-01-18 19:38:00,-17.35702960796032,IISC
2026-01-18 19:38:30,-13.01471231949274,IISC
2026-01-18 19:39:00,-12.534650322990442,IISC
2026-01-18 19:39:30,-13.589970759415788,IISC
2026-01-18 19:40:00,-14.006115168369536,IISC
2026-01-18 19:40:30,-13.64844857523896,IISC
2026-01-18 19:41:00,-13.263583006958802,IISC
2026-01-18 19:41:30,-13.311181213470562,IISC
2026-01-18 19:42:00,-16.241871388715985,IISC
2026-01-18 19:42:30,-16.85928826342542,IISC
2026-01-18 19:43:00,-17.04288138114851,IISC
2026-01-18 19:43:30,-13.425416936456296,IISC
2026-01-18 19:44:00,-14.127150635142666,IISC
2026-01-18 19:44:30,-14.27266518360338,IISC
2026-01-18 19:45:00,-17.41686737558069,IISC
2026-01-18 19:45:30,-14.83840399640945,IISC
2026-01-18 19:46:00,-11.305256380760378,IISC
2026-01-18 19:46:30,-11.00606759332056,IISC
2026-01-18 19:47:00,-17.294471951944157,IISC
2026-01-18 19:47:30,-18.40011052380669,IISC
2026-01-18 19:48:00,-19.31399628236154,IISC
2026-01-18 19:48:30,-21.700706843158894,IISC
2026-01-18 19:49:00,-18.729218195056692,IISC
2026-01-18 19:49:30,-17.444066345664062,IISC
2026-01-18 19:50:00,-18.140360257426444,IISC
2026-01-18 19:50:30,-16.478502535338258,IISC
2026-01-18 19:51:00,-10.188738214785047,IISC
2026-01-18 19:51:30,-12.367376576171727,IISC
2026-01-18 19:52:00,-16.3996254881529,IISC
2026-01-18 19:52:30,-18.3837911377037,IISC
2026-01-18 19:53:00,-20.59506827129636,IISC
2026-01-18 19:53:30,-16.630816822520156,IISC
2026-01-18 19:54:00,-18.49508030437274,IISC
2026-01-18 19:54:30,-16.862461464020743,IISC
2026-01-18 19:55:00,-13.408417579520915,IISC
2026-01-18 19:55:30,-16.843422180233922,IISC
2026-01-18 19:56:00,-18.547438348085276,IISC
2026-01-18 19:56:30,-18.41733655288482,IISC
2026-01-18 19:57:00,-14.56346763202435,IISC
2026-01-18 19:57:30,-12.421547872059856,IISC
2026-01-18 19:58:00,-13.149800605460639,IISC
2026-01-18 19:58:30,-14.039887248094097,IISC
2026-01-18 19:59:00,-13.92723813216096,IISC
2026-01-18 19:59:30,-12.914982722835099,IISC
2026-01-18 20:00:00,-17.065547208971772,IISC
2026-01-18 20:00:30,-16.87991415510921,IISC
2026-01-18 20:01:00,-13.884399739207687,IISC
2026-01-18 20:01:30,-14.393700646999038,IISC
2026-01-18 20:02:00,-13.933584556149519,IISC
2026-01-18 20:02:30,-11.125289792719487,IISC
2026-01-18 20:03:00,-10.731811203989691,IISC
2026-01-18 20:03:30,-16.062811438584035,IISC
2026-01-18 20:04:00,-18.755283894773655,IISC
2026-01-18 20:04:30,-17.906449046484543,IISC
2026-01-18 20:05:00,-19.18072126967841,IISC
2026-01-18 20:05:30,-11.741800021076312,IISC
2026-01-18 20:06:00,-7.364124061874558,IISC
2026-01-18 20:06:30,-9.024621837231752,IISC
2026-01-18 20:07:00,-15.062795586989314,IISC
2026-01-18 20:07:30,-20.44819378623706,IISC
2026-01-18 20:08:00,-19.410552662380876,IISC
2026-01-18 20:08:30,-22.94098037443555,IISC
2026-01-18 20:09:00,-21.730625726969077,IISC
2026-01-18 20:09:30,-14.138256899709475,IISC
2026-01-18 20:10:00,-12.770601463316885,IISC
2026-01-18 20:10:30,-12.751562185440639,IISC
2026-01-18 20:11:00,-13.165666668387319,IISC
2026-01-18 20:11:30,-14.94108014600632,IISC
2026-01-18 20:12:00,-15.101327456630074,IISC
2026-01-18 20:12:30,-15.854965903716803,IISC
2026-01-18 20:13:00,-13.605156870930527,IISC
2026-01-18 20:13:30,-15.705824818818954,IISC
2026-01-18 20:14:00,-15.32821229892641,IISC
2026-01-18 20:14:30,-16.584805223905366,IISC
2026-01-18 20:15:00,-15.313932834608655,IISC
2026-01-18 20:15:30,-18.79585570646446,IISC
2026-01-18 20:16:00,-16.55601963072641,IISC
2026-01-18 20:16:30,-18.34299268004554,IISC
2026-01-18 20:17:00,-18.7224184512693,IISC
2026-01-18 20:17:30,-15.794448169485873,IISC
2026-01-18 20:18:00,-17.8942094887534,IISC
2026-01-18 20:18:30,-18.050603626260706,IISC
2026-01-18 20:19:00,-17.896929377149192,IISC
2026-01-18 20:19:30,-14.106751408846687,IISC
2026-01-18 20:20:00,-13.311181203338155,IISC
2026-01-18 20:20:30,-17.369269153870313,IISC
2026-01-18 20:21:00,-16.36018696202712,IISC
2026-01-18 20:21:30,-13.929958024778589,IISC
2026-01-18 20:22:00,-11.616684714110193,IISC
2026-01-18 20:22:30,-13.377818719812126,IISC
2026-01-18 20:23:00,-12.342897494484147,IISC
2026-01-18 20:23:30,-16.046038735215312,IISC
2026-01-18 20:24:00,-19.68781227331994,IISC
2026-01-18 20:24:30,-18.462668179822852,IISC
2026-01-18 20:25:00,-13.191505688362227,IISC
2026-01-18 20:25:30,-15.307586404709525,IISC
2026-01-18 20:26:00,-15.777222152228882,IISC
2026-01-18 20:26:30,-18.812401734312967,IISC
2026-01-18 20:27:00,-18.39671065275736,IISC
2026-01-18 20:27:30,-18.093668687134887,IISC
2026-01-18 20:28:00,-15.728037329376482,IISC
2026-01-18 20:28:30,-13.652755083352858,IISC
2026-01-18 20:29:00,-13.592464005221693,IISC
2026-01-18 20:29:30,-15.045796221610255,IISC
2026-01-18 20:30:00,-15.471006936193413,IISC
2026-01-18 20:30:30,-24.716563844551555,IISC
2026-01-18 20:31:00,-20.41368508220976,IISC
2026-01-18 20:31:30,-16.434474178229674,IISC
2026-01-18 20:32:00,-14.052183444941337,IISC
2026-01-18 20:32:30,-16.54632998747013,IISC
2026-01-18 20:33:00,-21.418007436429992,IISC
2026-01-18 20:33:30,-21.232374397343857,IISC
2026-01-18 20:34:00,-23.189851047969547,IISC
2026-01-18 20:34:30,-20.95511478767135,IISC
2026-01-18 20:35:00,-15.758579504795508,IISC
2026-01-18 20:35:30,-13.608330081447162,IISC
2026-01-18 20:36:00,-19.079745058350408,IISC
2026-01-18 20:36:30,-19.430781911167376,IISC
2026-01-18 20:37:00,-20.48627234536702,IISC
2026-01-18 20:37:30,-18.577583863508575,IISC
2026-01-18 20:38:00,-19.496229449553976,IISC
2026-01-18 20:38:30,-18.376481408192706,IISC
2026-01-18 20:39:00,-19.165421853122808,IISC
2026-01-18 20:39:30,-19.205880339296836,IISC
2026-01-18 20:40:00,-21.959437150757438,IISC
2026-01-18 20:40:30,-20.357757162074275,IISC
2026-01-18 20:41:00,-17.348359941850735,IISC
2026-01-18 20:41:30,-18.0064052745442,IISC
2026-01-18 20:42:00,-18.9750289871794,IISC
2026-01-18 20:42:30,-20.893237113886546,IISC
2026-01-18 20:43:00,-22.315233825998757,IISC
2026-01-18 20:43:30,-18.944090145854066,IISC
2026-01-18 20:44:00,-21.07530028837088,IISC
2026-01-18 20:44:30,-21.644098970556012,IISC
2026-01-18 20:45:00,-19.83774665752225,IISC
2026-01-18 20:45:30,-18.850083672921375,IISC
2026-01-18 20:46:00,-16.593928198414826,IISC
2026-01-18 20:46:30,-10.513766030643447,IISC
2026-01-18 20:47:00,-12.397295459981914,IISC
2026-01-18 20:47:30,-12.514251076429645,IISC
2026-01-18 20:48:00,-12.7576819567069,IISC
2026-01-18 20:48:30,-14.342022588473144,IISC
2026-01-18 20:49:00,-12.720963334175524,IISC
2026-01-18 20:49:30,-7.581205918510493,IISC
2026-01-18 20:50:00,-8.004830052216445,IISC
2026-01-18 20:50:30,-8.592668028531891,IISC
2026-01-18 20:51:00,-10.335952705525367,IISC
2026-01-18 20:51:30,-13.213264882287298,IISC
2026-01-18 20:52:00,-10.715548479589636,IISC
2026-01-18 20:52:30,-7.142112368574805,IISC
2026-01-18 20:53:00,-7.660932928603068,IISC
2026-01-18 20:53:30,-5.6308690103871815,IISC
2026-01-18 20:54:00,-4.9644939773687815,IISC
2026-01-18 20:54:30,-4.448053324119763,IISC
2026-01-18 20:55:00,-5.9271678964582915,IISC
2026-01-18 20:55:30,-5.527342888172867,IISC
2026-01-18 20:56:00,-4.264800200678733,IISC
2026-01-18 20:56:30,-4.996622763217876,IISC
2026-01-18 20:57:00,-7.1373525550163155,IISC
2026-01-18 20:57:30,-4.753871868338355,IISC
2026-01-18 20:58:00,-6.305573725998796,IISC
2026-01-18 20:58:30,-6.420999395408121,IISC
2026-01-18 20:59:00,-10.739215364324583,IISC
2026-01-18 20:59:30,-10.721233822794664,IISC
2026-01-18 21:00:00,-14.466049939574324,IISC
2026-01-18 21:00:30,-13.594050616833874,IISC
2026-01-18 21:01:00,-13.531220960832481,IISC
2026-01-18 21:01:30,-14.766870670690647,IISC
2026-01-18 21:02:00,-15.776904827778646,IISC
2026-01-18 21:02:30,-12.840094868939193,IISC
2026-01-18 21:03:00,-14.416547789907451,IISC
2026-01-18 21:03:30,-14.581237626284997,IISC
2026-01-18 21:04:00,-16.144363055104115,IISC
2026-01-18 21:04:30,-16.781227190864733,IISC
2026-01-18 21:05:00,-17.843619382208352,IISC
2026-01-18 21:05:30,-19.181129254710957,IISC
2026-01-18 21:06:00,-17.61134008690995,IISC
2026-01-18 21:06:30,-7.556481299891955,IISC
2026-01-18 21:07:00,-8.132948581916578,IISC
2026-01-18 21:07:30,-9.138857557402929,IISC
2026-01-18 21:08:00,-7.062517582913737,IISC
2026-01-18 21:08:30,-7.614656897449696,IISC
2026-01-18 21:09:00,-7.004341981415615,IISC
2026-01-18 21:09:30,-7.741585471790017,IISC
2026-01-18 21:10:00,-3.821607909102225,IISC
2026-01-18 21:10:30,-6.817122321063362,IISC
2026-01-18 21:11:00,-11.9936928107003,IISC
2026-01-18 21:11:30,-13.924064917211394,IISC
2026-01-18 21:12:00,-13.465006562708204,IISC
2026-01-18 21:12:30,-10.4218939245334,IISC
2026-01-18 21:13:00,-6.762119952246522,IISC
2026-01-18 21:13:30,-5.7805389442488355,IISC
2026-01-18 21:14:00,-8.387863474824314,IISC
2026-01-18 21:14:30,-9.364155785328819,IISC
2026-01-18 21:15:00,-9.17799386526328,IISC
2026-01-18 21:15:30,-10.67575107715442,IISC
2026-01-18 21:16:00,-10.641903458906487,IISC
2026-01-18 21:16:30,-9.371559943693516,IISC
2026-01-18 21:17:00,-11.801184460735632,IISC
2026-01-18 21:17:30,-8.397383117702821,IISC
2026-01-18 21:18:00,-5.74351811696191,IISC
2026-01-18 21:18:30,-6.719678205990194,IISC
2026-01-18 21:19:00,-6.9540994138435686,IISC
2026-01-18 21:19:30,-7.71635086808115,IISC
2026-01-18 21:20:00,-3.5508269522827125,IISC
2026-01-18 21:20:30,-6.03902370126582,IISC
2026-01-18 21:21:00,-5.94382727051058,IISC
2026-01-18 21:21:30,-0.1404147437865455,IISC
2026-01-18 21:22:00,-0.4827819102291092,IISC
2026-01-18 21:22:30,-2.4778271589589096,IISC
2026-01-18 21:23:00,-5.573071172362438,IISC
2026-01-18 21:23:30,-7.376363597652145,IISC
2026-01-18 21:24:00,-4.724462963285743,IISC
2026-01-18 21:24:30,-5.843701027789271,IISC
2026-01-18 21:25:00,-4.606147405173224,IISC
2026-01-18 21:25:30,-6.5019163633232475,IISC
2026-01-18 21:26:00,-3.1295827342218634,IISC
2026-01-18 21:26:30,-3.2295389829685224,IISC
2026-01-18 21:27:00,-4.43496381466927,IISC
2026-01-18 21:27:30,-9.765038542274263,IISC
2026-01-18 21:28:00,-9.795712947542823,IISC
2026-01-18 21:28:30,-10.494877854582061,IISC
2026-01-18 21:29:00,-14.67611674007672,IISC
2026-01-18 21:29:30,-9.545029003960794,IISC
2026-01-18 21:30:00,-8.901924209965491,IISC
2026-01-18 21:30:30,-6.00160622284902,IISC
2026-01-18 21:31:00,-6.070359195691217,IISC
2026-01-18 21:31:30,-8.666048606755147,IISC
2026-01-18 21:32:00,-10.495935598809158,IISC
2026-01-18 21:32:30,-6.4860502930083515,IISC
2026-01-18 21:33:00,-9.517527819552374,IISC
2026-01-18 21:33:30,-12.394575559764984,IISC
2026-01-18 21:34:00,-9.042603384390787,IISC
2026-01-18 21:34:30,-10.071782598900231,IISC
2026-01-18 21:35:00,-12.151295778488032,IISC
2026-01-18 21:35:30,-11.625599935656451,IISC
2026-01-18 21:36:00,-10.786813582657485,IISC
2026-01-18 21:36:30,-11.59386779010118,IISC
2026-01-18 21:37:00,-15.037863177340673,IISC
2026-01-18 21:37:30,-9.26684387202996,IISC
2026-01-18 21:38:00,-8.758071826501205,IISC
2026-01-18 21:38:30,-10.395450472530927,IISC
2026-01-18 21:39:00,-12.319476157023656,IISC
2026-01-18 21:39:30,-11.183465390277227,IISC
2026-01-18 21:40:00,-6.771639595125025,IISC
2026-01-18 21:40:30,-6.334793743298602,IISC
2026-01-18 21:41:00,-8.024001549106174,IISC
2026-01-18 21:41:30,-8.81942063309794,IISC
2026-01-18 21:42:00,-9.342339940677594,IISC
2026-01-18 21:42:30,-5.979525934260259,IISC
2026-01-18 21:43:00,0.9460145539030811,IISC
2026-01-18 21:43:30,-0.5319100650458255,IISC
2026-01-18 21:44:00,-1.3375098840282198,IISC
2026-01-18 21:44:30,-5.9604866667275145,IISC
2026-01-18 21:45:00,-3.9066236097923124,IISC
2026-01-18 21:45:30,-3.8663351169596587,IISC
2026-01-18 21:46:00,-8.4425636433889,IISC
2026-01-18 21:46:30,-8.0369588469314,IISC
2026-01-18 21:47:00,2.340472290884178,IISC
2026-01-18 21:47:30,1.6088197267526139,IISC
2026-01-18 21:48:00,-1.4065273003154053,IISC
2026-01-18 21:48:30,-2.0848018798955414,IISC
2026-01-18 21:49:00,-2.253435563312842,IISC
2026-01-18 21:49:30,-5.724025512813343,IISC
2026-01-18 21:50:00,-5.785223227164712,IISC
2026-01-18 21:50:30,-0.5711785997300579,IISC
2026-01-18 21:51:00,-1.7896929377149184,IISC
2026-01-18 21:51:30,-0.16183393456370063,IISC
2026-01-18 21:52:00,-3.66744257508166,IISC
2026-01-18 21:52:30,-2.174048539903017,IISC
2026-01-18 21:53:00,-2.157389156984869,IISC
2026-01-18 21:53:30,-2.162148988275076,IISC
2026-01-18 21:54:00,-1.4803045257281506,IISC
2026-01-18 21:54:30,-3.433021358362426,IISC
2026-01-18 21:55:00,-6.03426388770733,IISC
2026-01-18 21:55:30,-3.938752408940196,IISC
2026-01-18 21:56:00,-1.7920728413277853,IISC
2026-01-18 21:56:30,-4.437343717015585,IISC
2026-01-18 21:57:00,-3.85307563633244,IISC
2026-01-18 21:57:30,-4.991862949659387,IISC
2026-01-18 21:58:00,-5.942637330419746,IISC
2026-01-18 21:58:30,-4.08511693297364,IISC
2026-01-18 21:59:00,-3.227159085055137,IISC
2026-01-18 21:59:30,-4.977583491252203,IISC
2026-01-18 22:00:00,-7.505048773019716,IISC
2026-01-18 22:00:30,-6.724438015115753,IISC
2026-01-18 22:01:00,-7.565736506713687,IISC
2026-01-18 22:01:30,-5.8129321804385885,IISC
2026-01-18 22:02:00,-5.1120484414930605,IISC
2026-01-18 22:02:30,-6.267495146604013,IISC
2026-01-18 22:03:00,-9.995625455872192,IISC
2026-01-18 22:03:30,-5.299268091009262,IISC
2026-01-18 22:04:00,-6.6965401766221735,IISC
2026-01-18 22:04:30,-4.637124019137712,IISC
2026-01-18 22:05:00,-6.53470625162797,IISC
2026-01-18 22:05:30,-5.9518925278830705,IISC
2026-01-18 22:06:00,-4.326149001364896,IISC
2026-01-18 22:06:30,-6.232193136446948,IISC
2026-01-18 22:07:00,-9.846484378855106,IISC
2026-01-18 22:07:30,-9.462525423152861,IISC
2026-01-18 22:08:00,-7.048766982828763,IISC
2026-01-18 22:08:30,-8.78134206158392,IISC
2026-01-18 22:09:00,-9.788308777356981,IISC
2026-01-18 22:09:30,-8.43123072806999,IISC
2026-01-18 22:10:00,-7.7193729651728695,IISC
2026-01-18 22:10:30,-4.31451388973411,IISC
2026-01-18 22:11:00,-3.9337281509516213,IISC
2026-01-18 22:11:30,-5.352154998954585,IISC
2026-01-18 22:12:00,-7.165118185825012,IISC
2026-01-18 22:12:30,-1.7638539143625434,IISC
2026-01-18 22:13:00,-1.9855255912155925,IISC
2026-01-18 22:13:30,1.6361886901773628,IISC
2026-01-18 22:14:00,-2.620281814609368,IISC
2026-01-18 22:14:30,-3.480619569307116,IISC
2026-01-18 22:15:00,-2.987808049403802,IISC
2026-01-18 22:15:30,-5.208604830378258,IISC
2026-01-18 22:16:00,-2.556704206144265,IISC
2026-01-18 22:16:30,-3.498468914480744,IISC
2026-01-18 22:17:00,-0.39506519029400566,IISC
2026-01-18 22:17:30,1.4648351183642727,IISC
2026-01-18 22:18:00,2.0978913899793086,IISC
2026-01-18 22:18:30,-1.1578266207560568,IISC
2026-01-18 22:19:00,-2.005074861570384,IISC
2026-01-18 22:19:30,0.298678810582072,IISC
2026-01-18 22:20:00,-4.555149306502944,IISC
2026-01-18 22:20:30,-1.5219529741576598,IISC
2026-01-18 22:21:00,-2.1716686331237725,IISC
2026-01-18 22:21:30,-1.6718873494941124,IISC
2026-01-18 22:22:00,-3.190270445751188,IISC
2026-01-18 22:22:30,-2.065762591323973,IISC
2026-01-18 22:23:00,-1.979028069071097,IISC
2026-01-18 22:23:30,-3.5952519487703856,IISC
2026-01-18 22:24:00,-3.2493715803436864,IISC
2026-01-18 22:24:30,-1.2809208865570445,IISC
2026-01-18 22:25:00,-0.3278988268967827,IISC
2026-01-18 22:25:30,-0.32961765634033346,IISC
2026-01-18 22:26:00,-1.2042348738781954,IISC
2026-01-18 22:26:30,0.4010149705409052,IISC
2026-01-18 22:27:00,1.5400667406116304,IISC
2026-01-18 22:27:30,0.03173214161488927,IISC
2026-01-18 22:28:00,3.6841019437159224,IISC
2026-01-18 22:28:30,-0.319436920364608,IISC
2026-01-18 22:29:00,4.016099516686454,IISC
2026-01-18 22:29:30,0.900796249737635,IISC
2026-01-18 22:30:00,-0.6306763692687212,IISC
2026-01-18 22:30:30,-0.22252165622543552,IISC
2026-01-18 22:31:00,-0.6116370795713291,IISC
2026-01-18 22:31:30,-2.0491032212120666,IISC
2026-01-18 22:32:00,-0.9245953485605862,IISC
2026-01-18 22:32:30,-4.018347212332982,IISC
2026-01-18 22:33:00,-1.863734606361562,IISC
2026-01-18 22:33:30,-5.197725232325082,IISC
2026-01-18 22:34:00,-3.3255287273121095,IISC
2026-01-18 22:34:30,-5.401868693920537,IISC
2026-01-18 22:35:00,-4.09556209170735,IISC
2026-01-18 22:35:30,1.769463700327386,IISC
2026-01-18 22:36:00,0.19515268393482854,IISC
2026-01-18 22:36:30,0.7365823938293499,IISC
2026-01-18 22:37:00,-0.609257172792085,IISC
2026-01-18 22:37:30,1.2149444676835848,IISC
2026-01-18 22:38:00,5.231043988802969,IISC
2026-01-18 22:38:30,2.8178144097563695,IISC
2026-01-18 22:39:00,4.029189017271088,IISC
2026-01-18 22:39:30,6.086621929942226,IISC
2026-01-18 22:40:00,1.88488937416964,IISC
2026-01-18 22:40:30,0.3379473389335482,IISC
2026-01-18 22:41:00,4.7598216352864675,IISC
2026-01-18 22:41:30,4.697943957068734,IISC
2026-01-18 22:42:00,3.6162744906693134,IISC
2026-01-18 22:42:30,1.9848456362150868,IISC
2026-01-18 22:43:00,0.9234053951709642,IISC
2026-01-18 22:43:30,2.579823324002411,IISC
2026-01-18 22:44:00,0.6033073881122556,IISC
2026-01-18 22:44:30,-0.11185580037459975,IISC
2026-01-18 22:45:00,2.5730235821148426,IISC
2026-01-18 22:45:30,4.07576727829994,IISC
2026-01-18 22:46:00,2.4968664435900965,IISC
2026-01-18 22:46:30,1.538102361853068,IISC
2026-01-18 22:47:00,1.0961189295469411,IISC
2026-01-18 22:47:30,0.6418959411984062,IISC
2026-01-18 22:48:00,0.48958165908270806,IISC
2026-01-18 22:48:30,-0.9043661111730528,IISC
2026-01-18 22:49:00,-1.7937727880403198,IISC
2026-01-18 22:49:30,-0.30462858956242045,IISC
2026-01-18 22:50:00,1.3164306698014037,IISC
2026-01-18 22:50:30,1.0430809158463723,IISC
2026-01-18 22:51:00,0.1373548528761166,IISC
2026-01-18 22:51:30,-3.035406260981769,IISC
2026-01-18 22:52:00,-1.3504293988707858,IISC
2026-01-18 22:52:30,0.69493397009759,IISC
2026-01-18 22:53:00,3.080284589230152,IISC
2026-01-18 22:53:30,-2.4016700001693443,IISC
2026-01-18 22:54:00,-2.968768764772616,IISC
2026-01-18 22:54:30,-2.2806345485948296,IISC
2026-01-18 22:55:00,-2.86813253949408,IISC
2026-01-18 22:55:30,1.3762684272893677,IISC
2026-01-18 22:56:00,2.3540717835251725,IISC
2026-01-18 22:56:30,1.6278590031512177,IISC
2026-01-18 22:57:00,-0.3059885312272116,IISC
2026-01-18 22:57:30,-3.4882692924668968,IISC
2026-01-18 22:58:00,-1.166836276081494,IISC
2026-01-18 22:58:30,3.594345314801829,IISC
2026-01-18 22:59:00,2.69949884594437,IISC
2026-01-18 22:59:30,0.49230155254470226,IISC
2026-01-18 23:00:00,2.0480832522979595,IISC
2026-01-18 23:00:30,0.40390486810995896,IISC
2026-01-18 23:01:00,-2.298313871296404,IISC
2026-01-18 23:01:30,1.5005337776810235,IISC
2026-01-18 23:02:00,0.8079797257616388,IISC
2026-01-18 23:02:30,1.2875317441396374,IISC
2026-01-18 23:03:00,2.2049873767954202,IISC
2026-01-18 23:03:30,3.0641351914023334,IISC
2026-01-18 23:04:00,1.07571968615252,IISC
2026-01-18 23:04:30,-1.0483507315936316,IISC
2026-01-18 23:05:00,-0.86747748833427,IISC
2026-01-18 23:05:30,3.7459796406504706,IISC
2026-01-18 23:06:00,5.329810275294147,IISC
2026-01-18 23:06:30,2.3727710884396416,IISC
2026-01-18 23:07:00,1.3410797441970863,IISC
2026-01-18 23:07:30,2.395380242738829,IISC
2026-01-18 23:08:00,0.9614839656998879,IISC
2026-01-18 23:08:30,-0.21062210459749453,IISC
2026-01-18 23:09:00,-2.52627533281082,IISC
2026-01-18 23:09:30,-0.715163206218572,IISC
2026-01-18 23:10:00,1.5398023104654288,IISC
2026-01-18 23:10:30,1.5755009697821798,IISC
2026-01-18 23:11:00,4.513500880238081,IISC
2026-01-18 23:11:30,0.944824596080529,IISC
2026-01-18 23:12:00,3.5151282841001033,IISC
2026-01-18 23:12:30,4.225531659028469,IISC
2026-01-18 23:13:00,5.9878556301522625,IISC
2026-01-18 23:13:30,3.6186543974485588,IISC
2026-01-18 23:14:00,0.6616152017281935,IISC
2026-01-18 23:14:30,0.6758946734341671,IISC
2026-01-18 23:15:00,1.2518330892558163,IISC
2026-01-18 23:15:30,1.686166816767156,IISC
2026-01-18 23:16:00,1.3339400149934937,IISC
2026-01-18 23:16:30,2.3465920695386577,IISC
2026-01-18 23:17:00,3.1771809451665556,IISC
2026-01-18 23:17:30,2.57982332843534,IISC
2026-01-18 23:18:00,2.4917666268836918,IISC
2026-01-18 23:18:30,4.670574984778129,IISC
2026-01-18 23:19:00,5.6796571791544235,IISC
2026-01-18 23:19:30,1.5790708255181163,IISC
2026-01-18 23:20:00,1.0697699147714794,IISC
2026-01-18 23:20:30,3.3152157688750683,IISC
2026-01-18 23:21:00,4.279079654652988,IISC
2026-01-18 23:21:30,-0.06306762274149902,IISC
2026-01-18 23:22:00,1.2863417951829446,IISC
2026-01-18 23:22:30,1.1007087560968118,IISC
2026-01-18 23:23:00,0.40815470861035674,IISC
2026-01-18 23:23:30,2.9379999060229727,IISC
2026-01-18 23:24:00,4.531350194381204,IISC
2026-01-18 23:24:30,-1.0578703542776804,IISC
2026-01-18 23:25:00,1.0221717038267886,IISC
2026-01-18 23:25:30,3.7911979359500583,IISC
2026-01-18 23:26:00,3.791197940382988,IISC
2026-01-18 23:26:30,1.2957292229883484,IISC
2026-01-18 23:27:00,-0.9466756297611314,IISC
2026-01-18 23:27:30,-0.9191744414123291,IISC
2026-01-18 23:28:00,-1.992778661275308,IISC
2026-01-18 23:28:30,-2.4486637949183594,IISC
2026-01-18 23:29:00,-3.613233498181064,IISC
2026-01-18 23:29:30,-2.503666187377491,IISC
2026-01-18 23:30:00,0.23270239023096984,IISC
2026-01-18 23:30:30,0.30568632027963477,IISC
2026-01-18 23:31:00,-1.6257435304585564,IISC
2026-01-18 23:31:30,1.6828613837892041,IISC
2026-01-18 23:32:00,4.142102565813165,IISC
2026-01-18 23:32:30,3.64285016316291,IISC
2026-01-18 23:33:00,2.660211430640039,IISC
2026-01-18 23:33:30,4.126236489095145,IISC
2026-01-18 23:34:00,5.617647278967921,IISC
2026-01-18 23:34:30,3.1943691918249377,IISC
2026-01-18 23:35:00,1.2259185059190583,IISC
2026-01-18 23:35:30,-0.5204071610999242,IISC
2026-01-18 23:36:00,3.102345972078881,IISC
2026-01-18 23:36:30,3.551884687643948,IISC
2026-01-18 23:37:00,-1.6215125732520874,IISC
2026-01-18 23:37:30,-3.5201525381482948,IISC
2026-01-18 23:38:00,-2.3428899869084745,IISC
2026-01-18 23:38:30,0.4865595467923743,IISC
2026-01-18 23:39:00,3.839589462453285,IISC
2026-01-18 23:39:30,3.924208519894263,IISC
2026-01-18 23:40:00,6.053435402328778,IISC
2026-01-18 23:40:30,4.112485896890936,IISC
2026-01-18 23:41:00,0.9265786155385547,IISC
2026-01-18 23:41:30,-0.3585732164038144,IISC
2026-01-18 23:42:00,-0.258088101946728,IISC
2026-01-18 23:42:30,-0.10788928858331086,IISC
2026-01-18 23:43:00,2.6189596500870262,IISC
2026-01-18 23:43:30,7.050882459461807,IISC
2026-01-18 23:44:00,3.8903608858848013,IISC
2026-01-18 23:44:30,2.6168441695136004,IISC
2026-01-18 23:45:00,1.4935262546846733,IISC
2026-01-18 23:45:30,0.31520596315813953,IISC
2026-01-18 23:46:00,0.5003101389965844,IISC
2026-01-18 23:46:30,-1.8891203259580844,IISC
2026-01-18 23:47:00,-0.918116705065998,IISC
2026-01-18 23:47:30,2.8527197766643275,IISC
2026-01-18 23:48:00,3.8621192820935675,IISC
2026-01-18 23:48:30,-0.9776673646024291,IISC
2026-01-18 23:49:00,1.123317899067401,IISC
2026-01-18 23:49:30,0.45588513758343374,IISC
2026-01-18 23:50:00,1.098989931578738,IISC
2026-01-18 23:50:30,2.817814418129682,IISC
2026-01-18 23:51:00,2.364044745358147,IISC
2026-01-18 23:51:30,2.074224489975384,IISC
2026-01-18 23:52:00,-0.988985162422002,IISC
2026-01-18 23:52:30,-1.6014155472083644,IISC
2026-01-18 23:53:00,-0.914943488146242,IISC
2026-01-18 23:53:30,1.5104500638086396,IISC
2026-01-18 23:54:00,2.9510894223691317,IISC
2026-01-18 23:54:30,3.008207279640162,IISC
2026-01-18 23:55:00,1.4258310142484254,IISC
2026-01-18 23:55:30,1.7600762749847199,IISC
2026-01-18 23:56:00,3.6724668242043745,IISC
2026-01-18 23:56:30,3.6798710022709806,IISC
2026-01-18 23:57:00,0.014808332490923072,IISC
2026-01-18 23:57:30,0.602910741907858,IISC
2026-01-18 23:58:00,0.3818434711884373,IISC
2026-01-18 23:58:30,1.6627643577454816,IISC
2026-01-18 23:59:00,2.5491489211965908,IISC
2026-01-18 23:59:30,0.7774375306407038,IISC
2026-01-19 00:00:00,1.8288292517672977,IISC
2026-01-19 00:00:30,2.215961408627772,IISC
2026-01-19 00:01:00,-1.4078494727185094,IISC
2026-01-19 00:01:30,-0.6684905017706816,IISC
2026-01-19 00:02:00,0.610314912093701,IISC
2026-01-19 00:02:30,1.8753697231148432,IISC
2026-01-19 00:03:00,1.1537807677057246,IISC
2026-01-19 00:03:30,3.068181029380706,IISC
2026-01-19 00:04:00,3.7469316060219255,IISC
2026-01-19 00:04:30,-0.4350476968853556,IISC
2026-01-19 00:05:00,0.7939382491665192,IISC
2026-01-19 00:05:30,4.187691079177467,IISC
2026-01-19 00:06:00,6.5637940468604965,IISC
2026-01-19 00:06:30,4.311340672814354,IISC
2026-01-19 00:07:00,7.193677110520145,IISC
2026-01-19 00:07:30,5.410330600452712,IISC
2026-01-19 00:08:00,-2.696914940569409,IISC
2026-01-19 00:08:30,1.2089946936427869,IISC
2026-01-19 00:09:00,2.2133170602752195,IISC
2026-01-19 00:09:30,1.3413177410811112,IISC
2026-01-19 00:10:00,-0.4293359099761389,IISC
2026-01-19 00:10:30,2.5912468987074315,IISC
2026-01-19 00:11:00,2.6921551199182328,IISC
2026-01-19 00:11:30,7.180666933758365,IISC
2026-01-19 00:12:00,7.36820390358741,IISC
2026-01-19 00:12:30,6.532379231272003,IISC
2026-01-19 00:13:00,7.136876574547053,IISC
2026-01-19 00:13:30,9.461573467139809,IISC
2026-01-19 00:14:00,12.93507974690863,IISC
2026-01-19 00:14:30,9.649348424987021,IISC
2026-01-19 00:15:00,8.258290545334283,IISC
2026-01-19 00:15:30,5.881949601158704,IISC
2026-01-19 00:16:00,7.99531040293482,IISC
2026-01-19 00:16:30,10.614402264154565,IISC
2026-01-19 00:17:00,11.893604330133916,IISC
2026-01-19 00:17:30,13.610709992659334,IISC
2026-01-19 00:18:00,12.075667513484111,IISC
2026-01-19 00:18:30,9.295931669823737,IISC
2026-01-19 00:19:00,6.424569268875777,IISC
2026-01-19 00:19:30,6.179438445052366,IISC
2026-01-19 00:20:00,6.460267928192527,IISC
2026-01-19 00:20:30,3.892344151385127,IISC
2026-01-19 00:21:00,-0.8112851567693996,IISC
2026-01-19 00:21:30,3.6293640089856636,IISC
2026-01-19 00:22:00,5.958106737783623,IISC
2026-01-19 00:22:30,5.126327917631961,IISC
2026-01-19 00:23:00,4.254090589141626,IISC
2026-01-19 00:23:30,3.202170019543776,IISC
2026-01-19 00:24:00,7.328935374349349,IISC
2026-01-19 00:24:30,5.72487548331987,IISC
2026-01-19 00:25:00,-2.119310590888875,IISC
2026-01-19 00:25:30,2.7261878569017144,IISC
2026-01-19 00:26:00,5.071589968617818,IISC
2026-01-19 00:26:30,5.560661640710372,IISC
2026-01-19 00:27:00,3.851885665211099,IISC
2026-01-19 00:27:30,3.1658102710701854,IISC
2026-01-19 00:28:00,3.281103714077813,IISC
2026-01-19 00:28:30,3.058978710952444,IISC
2026-01-19 00:29:00,3.846993624758364,IISC
2026-01-19 00:29:30,6.462647834971771,IISC
2026-01-19 00:30:00,6.668510126010778,IISC
2026-01-19 00:30:30,7.365824000354508,IISC
2026-01-19 00:31:00,7.544317305804121,IISC
2026-01-19 00:31:30,8.650975828849042,IISC
2026-01-19 00:32:00,9.474424975273347,IISC
2026-01-19 00:32:30,1.6159594470903471,IISC
2026-01-19 00:33:00,1.7218654760839076,IISC
2026-01-19 00:33:30,3.9328026375591545,IISC
2026-01-19 00:34:00,4.919275673203334,IISC
2026-01-19 00:34:30,5.363129041130442,IISC
2026-01-19 00:35:00,7.0849945216472765,IISC
2026-01-19 00:35:30,5.40953729425258,IISC
2026-01-19 00:36:00,3.603184985651751,IISC
2026-01-19 00:36:30,3.4104122084961666,IISC
2026-01-19 00:37:00,2.379910817643233,IISC
2026-01-19 00:37:30,3.4865693495540153,IISC
2026-01-19 00:38:00,3.1295827253560065,IISC
2026-01-19 00:38:30,5.289351811284766,IISC
2026-01-19 00:39:00,8.928235451820338,IISC
2026-01-19 00:39:30,10.02299442767025,IISC
2026-01-19 00:40:00,9.62435935947566,IISC
2026-01-19 00:40:30,5.809097880765115,IISC
2026-01-19 00:41:00,9.056353976594997,IISC
2026-01-19 00:41:30,3.479958490001232,IISC
2026-01-19 00:42:00,-0.9963893247270824,IISC
2026-01-19 00:42:30,2.9391898638455234,IISC
2026-01-19 00:43:00,7.372963720692243,IISC
2026-01-19 00:43:30,5.605879949308749,IISC
2026-01-19 00:44:00,8.09169679594554,IISC
2026-01-19 00:44:30,4.381415819044751,IISC
2026-01-19 00:45:00,2.334692513477788,IISC
2026-01-19 00:45:30,2.219266848501392,IISC
2026-01-19 00:46:00,6.668510126010777,IISC
2026-01-19 00:46:30,2.8785021478832706,IISC
2026-01-19 00:47:00,5.959296691173245,IISC
2026-01-19 00:47:30,5.601630099309219,IISC
2026-01-19 00:48:00,7.403902570883433,IISC
2026-01-19 00:48:30,3.381853278383008,IISC
2026-01-19 00:49:00,6.28415452952216,IISC
2026-01-19 00:49:30,4.965683930758402,IISC
2026-01-19 00:50:00,4.885956920665828,IISC
2026-01-19 00:50:30,11.049925945055529,IISC
2026-01-19 00:51:00,11.158381890634871,IISC
2026-01-19 00:51:30,9.7712338591003,IISC
2026-01-19 00:52:00,11.191020662840847,IISC
2026-01-19 00:52:30,9.780753506482098,IISC
2026-01-19 00:53:00,2.945139644092424,IISC
2026-01-19 00:53:30,7.032636483845309,IISC
2026-01-19 00:54:00,6.331752744899779,IISC
2026-01-19 00:54:30,12.130745444748074,IISC
2026-01-19 00:55:00,11.000627796264164,IISC
2026-01-19 00:55:30,8.388165677891129,IISC
2026-01-19 00:56:00,14.550094787883816,IISC
2026-01-19 00:56:30,12.851518438198042,IISC
2026-01-19 00:57:00,9.654278247718777,IISC
2026-01-19 00:57:30,7.56675646422883,IISC
2026-01-19 00:58:00,9.684197121396554,IISC
2026-01-19 00:58:30,9.809312433428877,IISC
2026-01-19 00:59:00,9.76715401890731,IISC
2026-01-19 00:59:30,11.385493364544319,IISC
2026-01-19 01:00:00,11.982511002825365,IISC
2026-01-19 01:00:30,4.570788724306638,IISC
2026-01-19 01:01:00,6.092571700056717,IISC
2026-01-19 01:01:30,8.79479044959549,IISC
2026-01-19 01:02:00,7.889064386625236,IISC
2026-01-19 01:02:30,4.116565746090514,IISC
2026-01-19 01:03:00,5.4139571363269345,IISC
2026-01-19 01:03:30,6.88814189036664,IISC
2026-01-19 01:04:00,10.199617808897841,IISC
2026-01-19 01:04:30,9.126618019373694,IISC
2026-01-19 01:05:00,8.673754992954771,IISC
2026-01-19 01:05:30,8.385445794561544,IISC
2026-01-19 01:06:00,8.71319349881573,IISC
2026-01-19 01:06:30,5.404437499077546,IISC
2026-01-19 01:07:00,4.255280555830038,IISC
2026-01-19 01:07:30,0.437903587046932,IISC
2026-01-19 01:08:00,5.116128305750526,IISC
2026-01-19 01:08:30,5.496914023705281,IISC
2026-01-19 01:09:00,7.8006677072566974,IISC
2026-01-19 01:09:30,6.431199013622314,IISC
2026-01-19 01:10:00,6.055853072459136,IISC
2026-01-19 01:10:30,9.33469022385057,IISC
2026-01-19 01:11:00,6.330562790032515,IISC
2026-01-19 01:11:30,4.201335907598,IISC
2026-01-19 01:12:00,1.5501152457527283,IISC
2026-01-19 01:12:30,0.4315571622140058,IISC
2026-01-19 01:13:00,0.44742323696183234,IISC
2026-01-19 01:13:30,1.7389215145648576,IISC
2026-01-19 01:14:00,1.1518768434644435,IISC
2026-01-19 01:14:30,0.3871321647412375,IISC
2026-01-19 01:15:00,-0.7948902118782176,IISC
2026-01-19 01:15:30,-3.2448384121896403,IISC
2026-01-19 01:16:00,2.9320501371750334,IISC
2026-01-19 01:16:30,-1.0009224962585972,IISC
2026-01-19 01:17:00,-3.1498119684430184,IISC
2026-01-19 01:17:30,-3.0879343035240723,IISC
2026-01-19 01:18:00,-7.833476471537498,IISC
2026-01-19 01:18:30,-4.6003676151013195,IISC
2026-01-19 01:19:00,0.3831656475319236,IISC
2026-01-19 01:19:30,1.844430879129753,IISC
2026-01-19 01:20:00,-3.973261110434394,IISC
2026-01-19 01:20:30,-7.831096564758252,IISC
2026-01-19 01:21:00,-4.926415411272785,IISC
2026-01-19 01:21:30,-3.431831400539873,IISC
2026-01-19 01:22:00,-3.9601716054168326,IISC
2026-01-19 01:22:30,-6.382920824879196,IISC
2026-01-19 01:23:00,-6.341272380882617,IISC
2026-01-19 01:23:30,-5.7498645399653725,IISC
2026-01-19 01:24:00,-6.255595586110215,IISC
2026-01-19 01:24:30,-9.275702435602582,IISC
2026-01-19 01:25:00,-9.147187247876905,IISC
2026-01-19 01:25:30,-13.438166467456623,IISC
2026-01-19 01:26:00,-15.080304929015028,IISC
2026-01-19 01:26:30,-10.875002499774784,IISC
2026-01-19 01:27:00,-7.739469994171878,IISC
2026-01-19 01:27:30,-8.43083408826871,IISC
2026-01-19 01:28:00,-8.41007597750108,IISC
2026-01-19 01:28:30,-5.54757213125988,IISC
2026-01-19 01:29:00,-8.472482527832362,IISC
2026-01-19 01:29:30,-3.3211655579878254,IISC
2026-01-19 01:30:00,-6.319683184098574,IISC
2026-01-19 01:30:30,-8.299768993456386,IISC
2026-01-19 01:31:00,-5.305161195198983,IISC
2026-01-19 01:31:30,-5.575791070890636,IISC
2026-01-19 01:32:00,-6.104811245966715,IISC
2026-01-19 01:32:30,-3.4093922452815413,IISC
2026-01-19 01:33:00,-3.1591616262830966,IISC
2026-01-19 01:33:30,-0.26519006343664053,IISC
2026-01-19 01:34:00,-4.085286920615536,IISC
2026-01-19 01:34:30,-7.095704111019737,IISC
2026-01-19 01:35:00,-8.05599813662879,IISC
2026-01-19 01:35:30,-12.344597431697547,IISC
2026-01-19 01:36:00,-14.459148191296213,IISC
2026-01-19 01:36:30,-10.234674279942674,IISC
2026-01-19 01:37:00,-6.495569939827238,IISC
2026-01-19 01:37:30,-5.116808271010095,IISC
2026-01-19 01:38:00,-9.229294164748726,IISC
2026-01-19 01:38:30,-5.3329041647461946,IISC
2026-01-19 01:39:00,-8.203076623830151,IISC
2026-01-19 01:39:30,-6.81892048270308,IISC
2026-01-19 01:40:00,-11.672986601991635,IISC
2026-01-19 01:40:30,-2.8812787013594607,IISC
2026-01-19 01:41:00,-1.6172816199860005,IISC
2026-01-19 01:41:30,-4.035271017516566,IISC
2026-01-19 01:42:00,-11.055479079590578,IISC
2026-01-19 01:42:30,-8.447096824489915,IISC
2026-01-19 01:43:00,-8.903722371211169,IISC
2026-01-19 01:43:30,-5.998327238599242,IISC
2026-01-19 01:44:00,-8.284945551797216,IISC
2026-01-19 01:44:30,-4.143160310040258,IISC
2026-01-19 01:45:00,-7.021265790539579,IISC
2026-01-19 01:45:30,-5.445235962927738,IISC
2026-01-19 01:46:00,-9.058469461108801,IISC
2026-01-19 01:46:30,-9.91946830496339,IISC
2026-01-19 01:47:00,-7.871687266990477,IISC
2026-01-19 01:47:30,-12.0264826926019,IISC
2026-01-19 01:48:00,-12.118505912347958,IISC
2026-01-19 01:48:30,-12.141776151371054,IISC
2026-01-19 01:49:00,-13.594050621562333,IISC
2026-01-19 01:49:30,-6.769656341445847,IISC
2026-01-19 01:50:00,2.5174167795817017,IISC
2026-01-19 01:50:30,-5.494024131202431,IISC
2026-01-19 01:51:00,-5.922408082899802,IISC
2026-01-19 01:51:30,-6.679219719816166,IISC
2026-01-19 01:52:00,-5.359559167662786,IISC
2026-01-19 01:52:30,-8.904436344131527,IISC
2026-01-19 01:53:00,-7.589535614402497,IISC
2026-01-19 01:53:30,-6.639951191464689,IISC
2026-01-19 01:54:00,-13.77809706499483,IISC
2026-01-19 01:54:30,-15.812127510763531,IISC
2026-01-19 01:55:00,-15.508556655295795,IISC
2026-01-19 01:55:30,-16.30397573928756,IISC
2026-01-19 01:56:00,-17.11251077485785,IISC
2026-01-19 01:56:30,-19.269661946484312,IISC
2026-01-19 01:57:00,-19.339155337921245,IISC
2026-01-19 01:57:30,-18.94218621688433,IISC
2026-01-19 01:58:00,-20.24087711109932,IISC
2026-01-19 01:58:30,-19.7247008993251,IISC
2026-01-19 01:59:00,-16.74314862210898,IISC
2026-01-19 01:59:30,-14.31563957933568,IISC
2026-01-19 02:00:00,-15.791184286185828,IISC
2026-01-19 02:00:30,-18.727042275220892,IISC
2026-01-19 02:01:00,-17.991173854311903,IISC
2026-01-19 02:01:30,-21.04983523529757,IISC
2026-01-19 02:02:00,-19.831532447621697,IISC
2026-01-19 02:02:30,-16.58110313881244,IISC
2026-01-19 02:03:00,-16.63200677337668,IISC
2026-01-19 02:03:30,-17.96475684384641,IISC
2026-01-19 02:04:00,-17.752944768127577,IISC
2026-01-19 02:04:30,-16.34165765425368,IISC
2026-01-19 02:05:00,-18.912358002268988,IISC
2026-01-19 02:05:30,-21.019372382026734,IISC
2026-01-19 02:06:00,-23.855168329865183,IISC
2026-01-19 02:06:30,-24.02334871234119,IISC
2026-01-19 02:07:00,-18.334832976017267,IISC
2026-01-19 02:07:30,-15.475766769453811,IISC
2026-01-19 02:08:00,-15.434514973139269,IISC
2026-01-19 02:08:30,-16.56417931392695,IISC
2026-01-19 02:09:00,-21.364935424821073,IISC
2026-01-19 02:09:30,-15.618561420512147,IISC
2026-01-19 02:10:00,-19.62104255612711,IISC
2026-01-19 02:10:30,-20.080100910630303,IISC
2026-01-19 02:11:00,-15.46095844484365,IISC
2026-01-19 02:11:30,-20.209144957663284,IISC
2026-01-19 02:12:00,-21.084952137949173,IISC
2026-01-19 02:12:30,-23.254373072471136,IISC
2026-01-19 02:13:00,-24.31845764551523,IISC
2026-01-19 02:13:30,-21.26159441513621,IISC
2026-01-19 02:14:00,-23.92709453538867,IISC
2026-01-19 02:14:30,-25.88496783418894,IISC
2026-01-19 02:15:00,-21.73453558775276,IISC
2026-01-19 02:15:30,-22.209327788139337,IISC
2026-01-19 02:16:00,-20.156654720057194,IISC
2026-01-19 02:16:30,-19.022627202557018,IISC
2026-01-19 02:17:00,-22.189098553918182,IISC
2026-01-19 02:17:30,-24.81176027087387,IISC
2026-01-19 02:18:00,-26.562184681503865,IISC
2026-01-19 02:18:30,-26.352752534728918,IISC
2026-01-19 02:19:00,-25.108059174676697,IISC
2026-01-19 02:19:30,-25.643539113190176,IISC
2026-01-19 02:20:00,-23.162482075678945,IISC
2026-01-19 02:20:30,-26.42414985779535,IISC
2026-01-19 02:21:00,-23.164012018284417,IISC
2026-01-19 02:21:30,-20.391075917144885,IISC
2026-01-19 02:22:00,-18.43002940255067,IISC
2026-01-19 02:22:30,-16.377866304993518,IISC
2026-01-19 02:23:00,-17.318951048830353,IISC
2026-01-19 02:23:30,-23.165371965015417,IISC
2026-01-19 02:24:00,-23.412882690551864,IISC
2026-01-19 02:24:30,-19.5587871195022,IISC
2026-01-19 02:25:00,-19.328955721733532,IISC
2026-01-19 02:25:30,-21.547032609245996,IISC
2026-01-19 02:26:00,-22.471797956847436,IISC
2026-01-19 02:26:30,-21.742865267812874,IISC
2026-01-19 02:27:00,-23.10009441047105,IISC
2026-01-19 02:27:30,-24.027579661666895,IISC
2026-01-19 02:28:00,-19.018887335114716,IISC
2026-01-19 02:28:30,-17.70381662217672,IISC
2026-01-19 02:29:00,-18.043803877407104,IISC
2026-01-19 02:29:30,-17.10815893569287,IISC
2026-01-19 02:30:00,-20.28363994301275,IISC
2026-01-19 02:30:30,-20.222442238793786,IISC
2026-01-19 02:31:00,-18.250516135152985,IISC
2026-01-19 02:31:30,-19.513908796320028,IISC
2026-01-19 02:32:00,-20.50395169339962,IISC
2026-01-19 02:32:30,-22.727468377968485,IISC
2026-01-19 02:33:00,-22.486757396219424,IISC
2026-01-19 02:33:30,-22.779146439871848,IISC
2026-01-19 02:34:00,-23.37344416949229,IISC
2026-01-19 02:34:30,-24.34172789861112,IISC
2026-01-19 02:35:00,-22.673070417536913,IISC
2026-01-19 02:35:30,-21.90877905270197,IISC
2026-01-19 02:36:00,-23.15177248250683,IISC
2026-01-19 02:36:30,-22.655391074570524,IISC
2026-01-19 02:37:00,-20.064688154555487,IISC
2026-01-19 02:37:30,-20.835779253045413,IISC
2026-01-19 02:38:00,-24.602838111722352,IISC
2026-01-19 02:38:30,-23.966381957447936,IISC
2026-01-19 02:39:00,-20.388356028749094,IISC
2026-01-19 02:39:30,-24.080617675367467,IISC
2026-01-19 02:40:00,-27.053466275266867,IISC
2026-01-19 02:40:30,-27.97279183594432,IISC
2026-01-19 02:41:00,-23.829027094439407,IISC
2026-01-19 02:41:30,-26.234776955066565,IISC
2026-01-19 02:42:00,-27.530808388439578,IISC
2026-01-19 02:42:30,-24.899306985435356,IISC
2026-01-19 02:43:00,-24.38660621166088,IISC
2026-01-19 02:43:30,-25.98454633606812,IISC
2026-01-19 02:44:00,-25.392968504975876,IISC
2026-01-19 02:44:30,-24.056138583547472,IISC
2026-01-19 02:45:00,-22.135890541810035,IISC
2026-01-19 02:45:30,-26.725718565946472,IISC
2026-01-19 02:46:00,-29.302821983188103,IISC
2026-01-19 02:46:30,-29.9895962577011,IISC
2026-01-19 02:47:00,-29.23074468992255,IISC
2026-01-19 02:47:30,-27.086105052539047,IISC
2026-01-19 02:48:00,-26.82873469293805,IISC
2026-01-19 02:48:30,-30.534255847414492,IISC
2026-01-19 02:49:00,-27.66646329776954,IISC
2026-01-19 02:49:30,-26.85967353869631,IISC
2026-01-19 02:50:00,-23.04025665298309,IISC
2026-01-19 02:50:30,-25.522163647068787,IISC
2026-01-19 02:51:00,-26.89571219609477,IISC
2026-01-19 02:51:30,-25.06794067898507,IISC
2026-01-19 02:52:00,-23.57199673165357,IISC
2026-01-19 02:52:30,-26.153180014419213,IISC
2026-01-19 02:53:00,-28.020390037389877,IISC
2026-01-19 02:53:30,-30.75524755913463,IISC
2026-01-19 02:54:00,-29.46193602428981,IISC
2026-01-19 02:54:30,-29.194026067391174,IISC
2026-01-19 02:55:00,-31.036757008674254,IISC
2026-01-19 02:55:30,-29.433377102409235,IISC
2026-01-19 02:56:00,-27.49816960103499,IISC
2026-01-19 02:56:30,-27.287377508162326,IISC
2026-01-19 02:57:00,-27.477770379805214,IISC
2026-01-19 02:57:30,-25.94102795455073,IISC
2026-01-19 02:58:00,-25.25017384997716,IISC
2026-01-19 02:58:30,-24.390686051853873,IISC
2026-01-19 02:59:00,-27.003148170226904,IISC
2026-01-19 02:59:30,-29.354500055223877,IISC
2026-01-19 03:00:00,-29.668648271903276,IISC
2026-01-19 03:00:30,-25.342650384737308,IISC
2026-01-19 03:01:00,-26.99906832496771,IISC
2026-01-19 03:01:30,-27.533528292033985,IISC
2026-01-19 03:02:00,-28.18358392375078,IISC
2026-01-19 03:02:30,-26.13958051164581,IISC
2026-01-19 03:03:00,-25.514003961616595,IISC
2026-01-19 03:03:30,-26.242936645584955,IISC
2026-01-19 03:04:00,-30.61789271639092,IISC
2026-01-19 03:04:30,-28.92611610542634,IISC
2026-01-19 03:05:00,-31.515459073644166,IISC
2026-01-19 03:05:30,-34.554945184951336,IISC
2026-01-19 03:06:00,-28.71804390094946,IISC
2026-01-19 03:06:30,-28.92611610542634,IISC
2026-01-19 03:07:00,-29.294662277471097,IISC
2026-01-19 03:07:30,-31.13059350536401,IISC
2026-01-19 03:08:00,-31.18635140746037,IISC
2026-01-19 03:08:30,-31.75617006045943,IISC
2026-01-19 03:09:00,-34.86501357157015,IISC
2026-01-19 03:09:30,-36.07536821397042,IISC
2026-01-19 03:10:00,-33.87361071762715,IISC
2026-01-19 03:10:30,-31.07211569460705,IISC
2026-01-19 03:11:00,-30.122871270384227,IISC
2026-01-19 03:11:30,-30.650531488596897,IISC
2026-01-19 03:12:00,-31.267948363306328,IISC
2026-01-19 03:12:30,-29.485055144047784,IISC
2026-01-19 03:13:00,-29.861761042074367,IISC
2026-01-19 03:13:30,-30.816445273485993,IISC
2026-01-19 03:14:00,-31.010917990388084,IISC
2026-01-19 03:14:30,-32.23487211023073,IISC
2026-01-19 03:15:00,-34.202718393943364,IISC
2026-01-19 03:15:30,-34.16871966487398,IISC
2026-01-19 03:16:00,-33.24123441367813,IISC
2026-01-19 03:16:30,-31.928883594202127,IISC
2026-01-19 03:17:00,-30.900762117727748,IISC
2026-01-19 03:17:30,-30.024954933501476,IISC
2026-01-19 03:18:00,-31.73849071749304,IISC
2026-01-19 03:18:30,-32.79789102957481,IISC
2026-01-19 03:19:00,-34.55902503527674,IISC
2026-01-19 03:19:30,-35.1166041423658,IISC
2026-01-19 03:20:00,-36.725423855819635,IISC
2026-01-19 03:20:30,-38.28256551243629,IISC
2026-01-19 03:21:00,-35.236279657341726,IISC
2026-01-19 03:21:30,-34.98604903834329,IISC
2026-01-19 03:22:00,-33.03996194792244,IISC
2026-01-19 03:22:30,-32.29198998438911,IISC
2026-01-19 03:23:00,-31.420262640355826,IISC
2026-01-19 03:23:30,-29.683607721407675,IISC
2026-01-19 03:24:00,-30.853163896017374,IISC
2026-01-19 03:24:30,-33.36634973584287,IISC
2026-01-19 03:25:00,-31.4733006591226,IISC
2026-01-19 03:25:30,-32.898527249787136,IISC
2026-01-19 03:26:00,-35.54906792729013,IISC
2026-01-19 03:26:30,-37.70050732365964,IISC
2026-01-19 03:27:00,-35.746260542720414,IISC
2026-01-19 03:27:30,-36.84101952047016,IISC
2026-01-19 03:28:00,-36.90357719168493,IISC
2026-01-19 03:28:30,-39.026457630710446,IISC
2026-01-19 03:29:00,-37.533233602171954,IISC
2026-01-19 03:29:30,-37.19868612879935,IISC
2026-01-19 03:30:00,-36.620707780215696,IISC
2026-01-19 03:30:30,-35.486510281406375,IISC
2026-01-19 03:31:00,-36.142005720311985,IISC
2026-01-19 03:31:30,-35.83193733875937,IISC
2026-01-19 03:32:00,-36.77030217900181,IISC
2026-01-19 03:32:30,-39.30660713351906,IISC
2026-01-19 03:33:00,-38.83379818709313,IISC
2026-01-19 03:33:30,-43.52516906175152,IISC
2026-01-19 03:34:00,-42.14074094394376,IISC
2026-01-19 03:34:30,-39.95802272209927,IISC
2026-01-19 03:35:00,-37.66922849311846,IISC
2026-01-19 03:35:30,-38.50695708781755,IISC
2026-01-19 03:36:00,-38.285285405898286,IISC
2026-01-19 03:36:30,-36.59078889640551,IISC
2026-01-19 03:37:00,-40.908627103185495,IISC
2026-01-19 03:37:30,-43.88963540880191,IISC
2026-01-19 03:38:00,-44.23234255749429,IISC
2026-01-19 03:38:30,-42.32161416313865,IISC
2026-01-19 03:39:00,-42.286255492404486,IISC
2026-01-19 03:39:30,-43.163422613229336,IISC
2026-01-19 03:40:00,-44.526091568142526,IISC
2026-01-19 03:40:30,-43.12670399576417,IISC
2026-01-19 03:41:00,-45.98259698428204,IISC
2026-01-19 03:41:30,-45.46989619024276,IISC
2026-01-19 03:42:00,-46.03155514765722,IISC
2026-01-19 03:42:30,-43.08318562437919,IISC
2026-01-19 03:43:00,-46.99303911779003,IISC
2026-01-19 03:43:30,-46.391941649448405,IISC
2026-01-19 03:44:00,-45.93635871436887,IISC
2026-01-19 03:44:30,-46.93184141357108,IISC
2026-01-19 03:45:00,-41.04054216913762,IISC
2026-01-19 03:45:30,-40.82431025894375,IISC
2026-01-19 03:46:00,-44.57640967318249,IISC
2026-01-19 03:46:30,-45.40461863569839,IISC
2026-01-19 03:47:00,-44.614488242444864,IISC
2026-01-19 03:47:30,-42.2427371210195,IISC
2026-01-19 03:48:00,-43.93451372185167,IISC
2026-01-19 03:48:30,-41.88099067249732,IISC
2026-01-19 03:49:00,-42.33793355937405,IISC
2026-01-19 03:49:30,-46.937281215693666,IISC
2026-01-19 03:50:00,-45.376059708751605,IISC
2026-01-19 03:50:30,-42.43448993432719,IISC
2026-01-19 03:51:00,-40.572719698280515,IISC
2026-01-19 03:51:30,-42.274015951560685,IISC
2026-01-19 03:52:00,-42.78535678873658,IISC
2026-01-19 03:52:30,-44.90279744590429,IISC
2026-01-19 03:53:00,-48.11499707575555,IISC
2026-01-19 03:53:30,-49.90740992213109,IISC
2026-01-19 03:54:00,-48.59641904431987,IISC
2026-01-19 03:54:30,-42.47528839705155,IISC
2026-01-19 03:55:00,-40.24361202703051,IISC
2026-01-19 03:55:30,-43.9005150029147,IISC
2026-01-19 03:56:00,-45.05103189795942,IISC
2026-01-19 03:56:30,-48.69433537107021,IISC
2026-01-19 03:57:00,-46.35522301678462,IISC
2026-01-19 03:57:30,-45.703807428204414,IISC
2026-01-19 03:58:00,-47.46766134256695,IISC
2026-01-19 03:58:30,-48.14083610924034,IISC
2026-01-19 03:59:00,-47.9110047317365,IISC
2026-01-19 03:59:30,-44.89735764378169,IISC
2026-01-19 04:00:00,-44.26906119015808,IISC
2026-01-19 04:00:30,-46.51161715935813,IISC
2026-01-19 04:01:00,-42.70103993942862,IISC
2026-01-19 04:01:30,-42.33521365577965,IISC
2026-01-19 04:02:00,-41.88779041121851,IISC
2026-01-19 04:02:30,-42.29305523112566,IISC
2026-01-19 04:03:00,-42.93903103278189,IISC
2026-01-19 04:03:30,-49.24919457456487,IISC
2026-01-19 04:04:00,-46.94408096454727,IISC
2026-01-19 04:04:30,-46.67889089604443,IISC
2026-01-19 04:05:00,-45.19110663923133,IISC
2026-01-19 04:05:30,-46.702010020868606,IISC
2026-01-19 04:06:00,-48.34754837205242,IISC
2026-01-19 04:06:30,-52.88433836222347,IISC
2026-01-19 04:07:00,-49.903330066739485,IISC
2026-01-19 04:07:30,-48.80585118032913,IISC
2026-01-19 04:08:00,-47.303107494276446,IISC
2026-01-19 04:08:30,-52.48179344591072,IISC
2026-01-19 04:09:00,-48.926886662300866,IISC
2026-01-19 04:09:30,-43.704682339281625,IISC
2026-01-19 04:10:00,-44.76952243322118,IISC
2026-01-19 04:10:30,-47.852526915913316,IISC
2026-01-19 04:11:00,-51.58932689269836,IISC
2026-01-19 04:11:30,-48.09799771628707,IISC
2026-01-19 04:12:00,-50.15543062452527,IISC
2026-01-19 04:12:30,-51.69999274854919,IISC
2026-01-19 04:13:00,-48.91549707803155,IISC
2026-01-19 04:13:30,-48.28125084416103,IISC
2026-01-19 04:14:00,-47.33642623921464,IISC
2026-01-19 04:14:30,-52.52344189054057,IISC
2026-01-19 04:15:00,-53.12555932083028,IISC
2026-01-19 04:15:30,-50.36129291113136,IISC
2026-01-19 04:16:00,-50.54692594578456,IISC
2026-01-19 04:16:30,-44.704244886276115,IISC
2026-01-19 04:17:00,-44.38176696357231,IISC
2026-01-19 04:17:30,-50.76706770409661,IISC
2026-01-19 04:18:00,-51.38108469488011,IISC
2026-01-19 04:18:30,-52.32352937974846,IISC
2026-01-19 04:19:00,-53.057731871231496,IISC
2026-01-19 04:19:30,-54.67607122953403,IISC
2026-01-19 04:20:00,-51.34657598452005,IISC
2026-01-19 04:20:30,-51.75830056659806,IISC
2026-01-19 04:21:00,-53.63248033809646,IISC
2026-01-19 04:21:30,-48.53828121961237,IISC
2026-01-19 04:22:00,-50.12211186755484,IISC
2026-01-19 04:22:30,-51.40488380256892,IISC
2026-01-19 04:23:00,-49.624710499570284,IISC
2026-01-19 04:23:30,-50.820615699721124,IISC
2026-01-19 04:24:00,-50.35296321967228,IISC
2026-01-19 04:24:30,-52.527011755142375,IISC
2026-01-19 04:25:00,-54.25773578297775,IISC
2026-01-19 04:25:30,-52.05340951356344,IISC
2026-01-19 04:26:00,-48.75432423431341,IISC
2026-01-19 04:26:30,-49.05683734161367,IISC
2026-01-19 04:27:00,-48.56922005059421,IISC
2026-01-19 04:27:30,-47.68706645223033,IISC
2026-01-19 04:28:00,-51.021057070313084,IISC
2026-01-19 04:28:30,-51.274914226874486,IISC
2026-01-19 04:29:00,-52.59840908707466,IISC
2026-01-19 04:29:30,-53.48135598720573,IISC
2026-01-19 04:30:00,-52.20215393009224,IISC
2026-01-19 04:30:30,-53.19100686808273,IISC
2026-01-19 04:31:00,-53.19047800877543,IISC
2026-01-19 04:31:30,-48.240792362419924,IISC
2026-01-19 04:32:00,-47.83382761606505,IISC
2026-01-19 04:32:30,-50.53621635197918,IISC
2026-01-19 04:33:00,-50.06023418933711,IISC
2026-01-19 04:33:30,-47.82787783581815,IISC
2026-01-19 04:34:00,-48.52519170572896,IISC
2026-01-19 04:34:30,-45.577672150424355,IISC
2026-01-19 04:35:00,-46.89495279136557,IISC
2026-01-19 04:35:30,-46.65101193423056,IISC
2026-01-19 04:36:00,-46.92232176365617,IISC
2026-01-19 04:36:30,-49.19394664995953,IISC
2026-01-19 04:37:00,-43.82979766144636,IISC
2026-01-19 04:37:30,-44.636247415471836,IISC
2026-01-19 04:38:00,-43.783559376334566,IISC
2026-01-19 04:38:30,-42.78263688514217,IISC
2026-01-19 04:39:00,-39.94306328272728,IISC
2026-01-19 04:39:30,-41.63212000529608,IISC
2026-01-19 04:40:00,-50.73833877810897,IISC
2026-01-19 04:40:30,-52.28188094208464,IISC
2026-01-19 04:41:00,-46.51433706295253,IISC
2026-01-19 04:41:30,-47.713812111239996,IISC
2026-01-19 04:42:00,-43.90731474163589,IISC
2026-01-19 04:42:30,-43.24773945747109,IISC
2026-01-19 04:43:00,-47.16439270480174,IISC
2026-01-19 04:43:30,-40.39320642581662,IISC
2026-01-19 04:44:00,-41.73547612403661,IISC
2026-01-19 04:44:30,-40.67063603516326,IISC
2026-01-19 04:45:00,-45.618130642297864,IISC
2026-01-19 04:45:30,-49.706137446242984,IISC
2026-01-19 04:46:00,-48.8697687932087,IISC
2026-01-19 04:46:30,-50.41467090898157,IISC
2026-01-19 04:47:00,-44.87151862042932,IISC
2026-01-19 04:47:30,-42.25089680140548,IISC
2026-01-19 04:48:00,-42.351533026684024,IISC
2026-01-19 04:48:30,-41.76811490637499,IISC
2026-01-19 04:49:00,-40.414965603909806,IISC
2026-01-19 04:49:30,-38.740868335911614,IISC
2026-01-19 04:50:00,-37.29660245554969,IISC
2026-01-19 04:50:30,-42.54056595666212,IISC
2026-01-19 04:51:00,-43.96443261072807,IISC
2026-01-19 04:51:30,-44.05418924189381,IISC
2026-01-19 04:52:00,-45.66300895534764,IISC
2026-01-19 04:52:30,-45.49301532519934,IISC
2026-01-19 04:53:00,-46.50821728366478,IISC
2026-01-19 04:53:30,-47.066306363178654,IISC
2026-01-19 04:54:00,-44.25325178027956,IISC
2026-01-19 04:54:30,-48.57397988779499,IISC
2026-01-19 04:55:00,-49.11540958439072,IISC
2026-01-19 04:55:30,-43.79579893237697,IISC
2026-01-19 04:56:00,-41.86603123312533,IISC
2026-01-19 04:56:30,-42.76495756244059,IISC
2026-01-19 04:57:00,-49.69372793358919,IISC
2026-01-19 04:57:30,-47.29001799052543,IISC
2026-01-19 04:58:00,-46.67005121949502,IISC
2026-01-19 04:58:30,-44.574539736294966,IISC
2026-01-19 04:59:00,-44.561450231277405,IISC
2026-01-19 04:59:30,-43.931963819831225,IISC
2026-01-19 05:00:00,-45.652639346958445,IISC
2026-01-19 05:00:30,-45.576482197034736,IISC
2026-01-19 05:01:00,-46.87710345505779,IISC
2026-01-19 05:01:30,-44.224692850166406,IISC
2026-01-19 05:02:00,-46.01676569592711,IISC
2026-01-19 05:02:30,-48.48116336381899,IISC
2026-01-19 05:03:00,-47.482790758815156,IISC
2026-01-19 05:03:30,-47.69817269913578,IISC
2026-01-19 05:04:00,-45.041002267387114,IISC
2026-01-19 05:04:30,-43.344125856814564,IISC
2026-01-19 05:05:00,-45.94536837729361,IISC
2026-01-19 05:05:30,-45.05528172136137,IISC
2026-01-19 05:06:00,-49.17953496268791,IISC
2026-01-19 05:06:30,-47.53898310367882,IISC
2026-01-19 05:07:00,-44.828000241726485,IISC
2026-01-19 05:07:30,-44.780402023393584,IISC
2026-01-19 05:08:00,-46.991074750289705,IISC
2026-01-19 05:08:30,-50.054284406627474,IISC
2026-01-19 05:09:00,-47.80659085638481,IISC
2026-01-19 05:09:30,-45.34523419378743,IISC
2026-01-19 05:10:00,-45.51235682415557,IISC
2026-01-19 05:10:30,-47.10531047271252,IISC
2026-01-19 05:11:00,-48.12179682348333,IISC
2026-01-19 05:11:30,-46.70231223125327,IISC
2026-01-19 05:12:00,-43.3881541942916,IISC
2026-01-19 05:12:30,-42.630020378569014,IISC
2026-01-19 05:13:00,-49.53493498581426,IISC
2026-01-19 05:13:30,-56.49273648524329,IISC
2026-01-19 05:14:00,-49.398618974310125,IISC
2026-01-19 05:14:30,-43.49287027432847,IISC
2026-01-19 05:15:00,-53.924019399083456,IISC
2026-01-19 05:15:30,-54.06015030446126,IISC
2026-01-19 05:16:00,-55.16347696333476,IISC
2026-01-19 05:16:30,-52.37136558491743,IISC
2026-01-19 05:17:00,-50.427454422438316,IISC
2026-01-19 05:17:30,-48.496870766293725,IISC
2026-01-19 05:18:00,-46.67481103108333,IISC
2026-01-19 05:18:30,-47.99804146310748,IISC
2026-01-19 05:19:00,-46.226197860433786,IISC
2026-01-19 05:19:30,-43.97004239479308,IISC
2026-01-19 05:20:00,-45.132628833540565,IISC
2026-01-19 05:20:30,-45.49794514033178,IISC
2026-01-19 05:21:00,-43.670173621955534,IISC
2026-01-19 05:21:30,-44.334168739328824,IISC
2026-01-19 05:22:00,-52.43525296899034,IISC
2026-01-19 05:22:30,-48.47640353696171,IISC
2026-01-19 05:23:00,-44.83751988312735,IISC
2026-01-19 05:23:30,-48.06467895833154,IISC
2026-01-19 05:24:00,-50.278524910028175,IISC
2026-01-19 05:24:30,-40.982064353314456,IISC
2026-01-19 05:25:00,-42.127991413576716,IISC
2026-01-19 05:25:30,-41.605600988946655,IISC
2026-01-19 05:26:00,-42.58850415555611,IISC
2026-01-19 05:26:30,-44.46506384713254,IISC
2026-01-19 05:27:00,-45.46700629900646,IISC
2026-01-19 05:27:30,-48.73819372153863,IISC
2026-01-19 05:28:00,-47.385214421280665,IISC
2026-01-19 05:28:30,-47.03536753071918,IISC
2026-01-19 05:29:00,-46.28569562300641,IISC
2026-01-19 05:29:30,-45.95131815754052,IISC
2026-01-19 05:30:00,-48.37644728378212,IISC
2026-01-19 05:30:30,-49.422418081998934,IISC
2026-01-19 05:31:00,-47.02465792804793,IISC
2026-01-19 05:31:30,-46.02985520981054,IISC
2026-01-19 05:32:00,-49.17562133584226,IISC
2026-01-19 05:32:30,-45.97321333714617,IISC
2026-01-19 05:33:00,-46.59579800740691,IISC
2026-01-19 05:33:30,-50.99482517030834,IISC
2026-01-19 05:34:00,-52.09244003517993,IISC
2026-01-19 05:34:30,-58.55532587146867,IISC
2026-01-19 05:35:00,-55.81557253085329,IISC
2026-01-19 05:35:30,-51.66215216603844,IISC
2026-01-19 05:36:00,-51.69642287330837,IISC
2026-01-19 05:36:30,-53.81835136786051,IISC
2026-01-19 05:37:00,-52.106719504226156,IISC
2026-01-19 05:37:30,-52.22476307552557,IISC
2026-01-19 05:38:00,-53.9925608278087,IISC
2026-01-19 05:38:30,-53.62510260048323,IISC
2026-01-19 05:39:00,-51.01894159368005,IISC
2026-01-19 05:39:30,-51.96561723132194,IISC
2026-01-19 05:40:00,-54.431204851125784,IISC
2026-01-19 05:40:30,-52.563239283617385,IISC
2026-01-19 05:41:00,-54.209608701988216,IISC
2026-01-19 05:41:30,-55.348158037936024,IISC
2026-01-19 05:42:00,-54.71890962160071,IISC
2026-01-19 05:42:30,-49.68777814713619,IISC
2026-01-19 05:43:00,-50.60356783618064,IISC
2026-01-19 05:43:30,-54.758892119326205,IISC
2026-01-19 05:44:00,-54.125835841505065,IISC
2026-01-19 05:44:30,-55.70228877311234,IISC
2026-01-19 05:45:00,-54.971180172854545,IISC
2026-01-19 05:45:30,-52.72740024551715,IISC
2026-01-19 05:46:00,-51.82017823506335,IISC
2026-01-19 05:46:30,-52.72549632009376,IISC
2026-01-19 05:47:00,-55.25676946512026,IISC
2026-01-19 05:47:30,-56.77420061639735,IISC
2026-01-19 05:48:00,-52.755007203166166,IISC
2026-01-19 05:48:30,-52.768334709500685,IISC
2026-01-19 05:49:00,-52.75691113568225,IISC
2026-01-19 05:49:30,-51.48794268835853,IISC
2026-01-19 05:50:00,-50.37319245921295,IISC
2026-01-19 05:50:30,-57.456759036792675,IISC
2026-01-19 05:51:00,-58.897081059475816,IISC
2026-01-19 05:51:30,-59.9556653964263,IISC
2026-01-19 05:52:00,-57.182766384743076,IISC
2026-01-19 05:52:30,-57.90972096944164,IISC
2026-01-19 05:53:00,-54.46620636679367,IISC
2026-01-19 05:53:30,-55.65443093653777,IISC
2026-01-19 05:54:00,-55.715010481770015,IISC
2026-01-19 05:54:30,-51.26500994507478,IISC
2026-01-19 05:55:00,-48.77951763319558,IISC
2026-01-19 05:55:30,-51.218277162433964,IISC
2026-01-19 05:56:00,-53.743578888554026,IISC
2026-01-19 05:56:30,-55.860401389037904,IISC
2026-01-19 05:57:00,-57.39479481078774,IISC
2026-01-19 05:57:30,-58.238581373044006,IISC
2026-01-19 05:58:00,-55.8067452218774,IISC
2026-01-19 05:58:30,-55.68125901528207,IISC
2026-01-19 05:59:00,-53.51943456377956,IISC
2026-01-19 05:59:30,-53.99022419206181,IISC
2026-01-19 06:00:00,-54.376202461532394,IISC
2026-01-19 06:00:30,-52.462754161279534,IISC
2026-01-19 06:01:00,-54.528516760090234,IISC
2026-01-19 06:01:30,-55.0559049889567,IISC
2026-01-19 06:02:00,-56.416262026827894,IISC
2026-01-19 06:02:30,-56.777056497439766,IISC
2026-01-19 06:03:00,-53.06915545125604,IISC
2026-01-19 06:03:30,-56.06117932539352,IISC
2026-01-19 06:04:00,-53.510866890669625,IISC
2026-01-19 06:04:30,-50.36737489709295,IISC
2026-01-19 06:05:00,-50.66883027592764,IISC
2026-01-19 06:05:30,-50.930091586913356,IISC
2026-01-19 06:06:00,-49.31809866048016,IISC
2026-01-19 06:06:30,-47.37186047725104,IISC
2026-01-19 06:07:00,-49.100204602740114,IISC
2026-01-19 06:07:30,-52.326305948001085,IISC
2026-01-19 06:08:00,-54.08955542414404,IISC
2026-01-19 06:08:30,-52.36544225586144,IISC
2026-01-19 06:09:00,-52.42256010525171,IISC
2026-01-19 06:09:30,-48.18420337430716,IISC
2026-01-19 06:10:00,-53.95733816846611,IISC
2026-01-19 06:10:30,-57.960348169495965,IISC
2026-01-19 06:11:00,-57.82802512205764,IISC
2026-01-19 06:11:30,-57.45580707408097,IISC
2026-01-19 06:12:00,-57.09691651116079,IISC
2026-01-19 06:12:30,-55.458585914634554,IISC
2026-01-19 06:13:00,-54.9978351713382,IISC
2026-01-19 06:13:30,-59.85190127644138,IISC
2026-01-19 06:14:00,-52.31467082454916,IISC
2026-01-19 06:14:30,-51.477999956064,IISC
2026-01-19 06:15:00,-51.05173148346241,IISC
2026-01-19 06:15:30,-53.25182681931254,IISC
2026-01-19 06:16:00,-51.503385659898996,IISC
2026-01-19 06:16:30,-50.88249337252083,IISC
2026-01-19 06:17:00,-51.786859493263385,IISC
2026-01-19 06:17:30,-52.314670824549154,IISC
2026-01-19 06:18:00,-54.24081197779416,IISC
2026-01-19 06:18:30,-53.12384049286437,IISC
2026-01-19 06:19:00,-52.71026488400142,IISC
2026-01-19 06:19:30,-51.94234698835847,IISC
2026-01-19 06:20:00,-53.550108969406345,IISC
2026-01-19 06:20:30,-51.14904338494012,IISC
2026-01-19 06:21:00,-51.07077075739827,IISC
2026-01-19 06:21:30,-52.40986726121496,IISC
2026-01-19 06:22:00,-49.559262949362534,IISC
2026-01-19 06:22:30,-48.37036528649193,IISC
2026-01-19 06:23:00,-48.517390878995215,IISC
2026-01-19 06:23:30,-52.58650952264048,IISC
2026-01-19 06:24:00,-54.1910982867686,IISC
2026-01-19 06:24:30,-52.07350652384562,IISC
2026-01-19 06:25:00,-52.872098820816774,IISC
2026-01-19 06:25:30,-55.56510013335841,IISC
2026-01-19 06:26:00,-55.681451336354655,IISC
2026-01-19 06:26:30,-51.4155933973594,IISC
2026-01-19 06:27:00,-50.60642371722305,IISC
2026-01-19 06:27:30,-52.828731555749954,IISC
2026-01-19 06:28:00,-51.128946366777164,IISC
2026-01-19 06:28:30,-48.915100422961274,IISC
2026-01-19 06:29:00,-50.5292088339083,IISC
2026-01-19 06:29:30,-51.685316622758066,IISC
2026-01-19 06:30:00,-50.97134337928751,IISC
2026-01-19 06:30:30,-54.07157388261412,IISC
2026-01-19 06:31:00,-53.33538812858605,IISC
2026-01-19 06:31:30,-55.33768643273985,IISC
2026-01-19 06:32:00,-53.542704814982024,IISC
2026-01-19 06:32:30,-51.15962077204571,IISC
2026-01-19 06:33:00,-53.400967892389254,IISC
2026-01-19 06:33:30,-53.284616701214155,IISC
2026-01-19 06:34:00,-52.658435720283194,IISC
2026-01-19 06:34:30,-51.28337613734705,IISC
2026-01-19 06:35:00,-48.932024232085254,IISC
2026-01-19 06:35:30,-50.347277867108836,IISC
2026-01-19 06:36:00,-52.003695806776335,IISC
2026-01-19 06:36:30,-53.25394229200522,IISC
2026-01-19 06:37:00,-50.951246353243796,IISC
2026-01-19 06:37:30,-53.37875539365287,IISC
2026-01-19 06:38:00,-54.18686732956213,IISC
2026-01-19 06:38:30,-53.765887562334484,IISC
2026-01-19 06:39:00,-55.72270311296729,IISC
2026-01-19 06:39:30,-55.24566322481495,IISC
2026-01-19 06:40:00,-53.29202086351923,IISC
2026-01-19 06:40:30,-52.65314703067077,IISC
2026-01-19 06:41:00,-53.763772077820676,IISC
2026-01-19 06:41:30,-53.46548991984613,IISC
2026-01-19 06:42:00,-54.813048318373845,IISC
2026-01-19 06:42:30,-53.814543513073346,IISC
2026-01-19 06:43:00,-52.4743892768507,IISC
2026-01-19 06:43:30,-52.55054641987874,IISC
2026-01-19 06:44:00,-54.39418401201772,IISC
2026-01-19 06:44:30,-56.07069897378856,IISC
2026-01-19 06:45:00,-53.17778515291755,IISC
2026-01-19 06:45:30,-53.34385002723745,IISC
2026-01-19 06:46:00,-53.75531018310966,IISC
2026-01-19 06:46:30,-55.32076262755628,IISC
2026-01-19 06:47:00,-53.22749884000273,IISC
2026-01-19 06:47:30,-52.32101724656753,IISC
2026-01-19 06:48:00,-53.977435182294634,IISC
2026-01-19 06:48:30,-52.524102971816646,IISC
2026-01-19 06:49:00,-55.512213221472706,IISC
2026-01-19 06:49:30,-57.347388914960284,IISC
2026-01-19 06:50:00,-57.328243847293834,IISC
2026-01-19 06:50:30,-54.47235086080243,IISC
2026-01-19 06:51:00,-54.93024570532467,IISC
2026-01-19 06:51:30,-49.96575173061564,IISC
2026-01-19 06:52:00,-53.4489892115653,IISC
2026-01-19 06:52:30,-52.680753994624396,IISC
2026-01-19 06:53:00,-55.85269913335101,IISC
2026-01-19 06:53:30,-52.939688291952805,IISC
2026-01-19 06:54:00,-54.7112939092681,IISC
2026-01-19 06:54:30,-55.59852466376647,IISC
2026-01-19 06:55:00,-54.94547713353624,IISC
2026-01-19 06:55:30,-54.8978789128391,IISC
2026-01-19 06:56:00,-54.28005406677587,IISC
2026-01-19 06:56:30,-54.36287496454732,IISC
2026-01-19 06:57:00,-52.97300704005738,IISC
2026-01-19 06:57:30,-53.27573169305075,IISC
2026-01-19 06:58:00,-54.13249959821867,IISC
2026-01-19 06:58:30,-51.37370697145225,IISC
2026-01-19 06:59:00,-50.22468602085136,IISC
2026-01-19 06:59:30,-52.28854469778499,IISC
2026-01-19 07:00:00,-54.93881337682264,IISC
2026-01-19 07:00:30,-57.96605994576614,IISC
2026-01-19 07:01:00,-57.87943119005522,IISC
2026-01-19 07:01:30,-56.30107432947818,IISC
2026-01-19 07:02:00,-56.983632760512535,IISC
2026-01-19 07:02:30,-56.45719648371875,IISC
2026-01-19 07:03:00,-52.06504461731346,IISC
2026-01-19 07:03:30,-55.825092168609295,IISC
2026-01-19 07:04:00,-58.37730855003465,IISC
2026-01-19 07:04:30,-55.35566797426978,IISC
2026-01-19 07:05:00,-57.39816033839179,IISC
2026-01-19 07:05:30,-62.54976819036152,IISC
2026-01-19 07:06:00,-64.17191540305717,IISC
2026-01-19 07:06:30,-65.68268279407434,IISC
2026-01-19 07:07:00,-64.51176667273363,IISC
2026-01-19 07:07:30,-65.80263030143617,IISC
2026-01-19 07:08:00,-65.83880494476853,IISC
2026-01-19 07:08:30,-62.689706943039766,IISC
2026-01-19 07:09:00,-62.32224872280699,IISC
2026-01-19 07:09:30,-63.068588751276366,IISC
2026-01-19 07:10:00,-62.48598657874112,IISC
2026-01-19 07:10:30,-64.34517291447904,IISC
2026-01-19 07:11:00,-61.65587368624224,IISC
2026-01-19 07:11:30,-61.961454234463396,IISC
2026-01-19 07:12:00,-63.94344397633729,IISC
2026-01-19 07:12:30,-65.17147794903842,IISC
2026-01-19 07:13:00,-67.0858782107134,IISC
2026-01-19 07:13:30,-67.401930377134,IISC
2026-01-19 07:14:00,-62.37746263810502,IISC
2026-01-19 07:14:30,-64.45750470241559,IISC
2026-01-19 07:15:00,-63.10666733421749,IISC
2026-01-19 07:15:30,-65.67506707819537,IISC
2026-01-19 07:16:00,-64.344220948221,IISC
2026-01-19 07:16:30,-63.453182335783154,IISC
2026-01-19 07:17:00,-63.22471090197057,IISC
2026-01-19 07:17:30,-64.37373184193243,IISC
2026-01-19 07:18:00,-62.94102552448923,IISC
2026-01-19 07:18:30,-66.23291817412402,IISC
2026-01-19 07:19:00,-64.18524290939169,IISC
2026-01-19 07:19:30,-63.64643109961412,IISC
2026-01-19 07:20:00,-59.84809342204825,IISC
2026-01-19 07:20:30,-62.28892996051703,IISC
2026-01-19 07:21:00,-63.480789304071195,IISC
2026-01-19 07:21:30,-63.55028270260082,IISC
2026-01-19 07:22:00,-62.89723517946328,IISC
2026-01-19 07:22:30,-62.03665941990223,IISC
2026-01-19 07:23:00,-60.7924420385461,IISC
2026-01-19 07:23:30,-61.683480647437605,IISC
2026-01-19 07:24:00,-63.69783716051901,IISC
2026-01-19 07:24:30,-61.90052851807077,IISC
2026-01-19 07:25:00,-61.88244120527046,IISC
2026-01-19 07:25:30,-67.17441089894042,IISC
2026-01-19 07:26:00,-68.33675934169045,IISC
2026-01-19 07:26:30,-65.48086635874542,IISC
2026-01-19 07:27:00,-69.08976313396613,IISC
2026-01-19 07:27:30,-66.45567782812006,IISC
2026-01-19 07:28:00,-63.600736804340364,IISC
2026-01-19 07:28:30,-66.38713640648751,IISC
2026-01-19 07:29:00,-69.20495081713047,IISC
2026-01-19 07:29:30,-67.65896073485364,IISC
2026-01-19 07:30:00,-66.46710140193849,IISC
2026-01-19 07:30:30,-70.51580569114941,IISC
2026-01-19 07:31:00,-68.80607776003113,IISC
2026-01-19 07:31:30,-68.64995560579057,IISC
2026-01-19 07:32:00,-69.96366638212999,IISC
2026-01-19 07:32:30,-61.158419436956905,IISC
2026-01-19 07:33:00,-58.340605030648376,IISC
2026-01-19 07:33:30,-59.8267271151472,IISC
2026-01-19 07:34:00,-58.766873487488425,IISC
2026-01-19 07:34:30,-57.754618089983715,IISC
2026-01-19 07:35:00,-60.2350140383381,IISC
2026-01-19 07:35:30,-56.1024311035823,IISC
2026-01-19 07:36:00,-56.756113280742824,IISC
2026-01-19 07:36:30,-58.668503853604776,IISC
2026-01-19 07:37:00,-60.70147655908675,IISC
2026-01-19 07:37:30,-61.104474788724865,IISC
2026-01-19 07:38:00,-58.60927051970069,IISC
2026-01-19 07:38:30,-54.636406045127195,IISC
2026-01-19 07:39:00,-57.5113383244683,IISC
2026-01-19 07:39:30,-59.612006278267295,IISC
2026-01-19 07:40:00,-57.28392462779012,IISC
2026-01-19 07:40:30,-57.77259963545401,IISC
2026-01-19 07:41:00,-59.23968244207659,IISC
2026-01-19 07:41:30,-60.12500926918137,IISC
2026-01-19 07:42:00,-61.8438337596727,IISC
2026-01-19 07:42:30,-59.92932772199884,IISC
2026-01-19 07:43:00,-60.761767629337164,IISC
2026-01-19 07:43:30,-59.152947915883345,IISC
2026-01-19 07:44:00,-57.0882430609057,IISC
2026-01-19 07:44:30,-56.476870416406044,IISC
2026-01-19 07:45:00,-56.329844808141246,IISC
2026-01-19 07:45:30,-56.36898112782273,IISC
2026-01-19 07:46:00,-55.56615788546627,IISC
2026-01-19 07:46:30,-60.457139037523085,IISC
2026-01-19 07:47:00,-59.18468005355784,IISC
2026-01-19 07:47:30,-57.26594307049868,IISC
2026-01-19 07:48:00,-58.177713341725166,IISC
2026-01-19 07:48:30,-59.95154022073523,IISC
2026-01-19 07:49:00,-59.619410428751216,IISC
2026-01-19 07:49:30,-57.380178792921505,IISC
2026-01-19 07:50:00,-57.897412741042054,IISC
2026-01-19 07:50:30,-58.737256830387345,IISC
2026-01-19 07:51:00,-58.73725682250657,IISC
2026-01-19 07:51:30,-59.767493769421975,IISC
2026-01-19 07:52:00,-60.26357296697362,IISC
2026-01-19 07:52:30,-60.13770212109887,IISC
2026-01-19 07:53:00,-57.418257364435526,IISC
2026-01-19 07:53:30,-58.685427662728735,IISC
2026-01-19 07:54:00,-60.04250568837344,IISC
2026-01-19 07:54:30,-62.45943735743843,IISC
2026-01-19 07:55:00,-61.66613374219896,IISC
2026-01-19 07:55:30,-60.66022477065298,IISC
2026-01-19 07:56:00,-57.82337107464704,IISC
2026-01-19 07:56:30,-57.545185942716216,IISC
2026-01-19 07:57:00,-56.104546588096106,IISC
2026-01-19 07:57:30,-55.987137656634296,IISC
2026-01-19 07:58:00,-58.63994491708849,IISC
2026-01-19 07:58:30,-60.162030100408664,IISC
2026-01-19 07:59:00,-59.563350319647675,IISC
2026-01-19 07:59:30,-59.86797889964058,IISC
2026-01-19 08:00:00,-61.52228135873466,IISC
2026-01-19 08:00:30,-61.17957420328734,IISC
2026-01-19 08:01:00,-59.07890624160757,IISC
2026-01-19 08:01:30,-56.826981734158444,IISC
2026-01-19 08:02:00,-57.94078000216848,IISC
2026-01-19 08:02:30,-57.77154191092882,IISC
2026-01-19 08:03:00,-57.88683535787683,IISC
2026-01-19 08:03:30,-59.57075448589314,IISC
2026-01-19 08:04:00,-57.98943594896696,IISC
2026-01-19 08:04:30,-57.82125559801401,IISC
2026-01-19 08:05:00,-57.707019875591186,IISC
2026-01-19 08:05:30,-59.81509200351641,IISC
2026-01-19 08:06:00,-58.60609729884056,IISC
2026-01-19 08:06:30,-61.18803609799837,IISC
2026-01-19 08:07:00,-60.953218239015115,IISC
2026-01-19 08:07:30,-60.10702772371107,IISC
2026-01-19 08:08:00,-61.44718194811256,IISC
2026-01-19 08:08:30,-60.76811407105744,IISC
2026-01-19 08:09:00,-57.26276985357893,IISC
2026-01-19 08:09:30,-56.72966983662112,IISC
2026-01-19 08:10:00,-58.337431809788235,IISC
2026-01-19 08:10:30,-58.241177640716465,IISC
2026-01-19 08:11:00,-58.401953833304724,IISC
2026-01-19 08:11:30,-59.27458780061124,IISC
2026-01-19 08:12:00,-58.231657993897585,IISC
2026-01-19 08:12:30,-58.26973656147121,IISC
2026-01-19 08:13:00,-60.86859918551451,IISC
2026-01-19 08:13:30,-61.01350931320591,IISC
2026-01-19 08:14:00,-58.749949682304845,IISC
2026-01-19 08:14:30,-59.82884259178023,IISC
2026-01-19 08:15:00,-60.919370616826804,IISC
2026-01-19 08:15:30,-58.80283659025016,IISC
2026-01-19 08:16:00,-59.25660625514095,IISC
2026-01-19 08:16:30,-59.90499974268904,IISC
2026-01-19 08:17:00,-59.1677562601954,IISC
2026-01-19 08:17:30,-60.029812840396325,IISC
2026-01-19 08:18:00,-60.566086074273876,IISC
2026-01-19 08:18:30,-60.42858010888759,IISC
2026-01-19 08:19:00,-59.66912413553832,IISC
2026-01-19 08:19:30,-55.96175193703777,IISC
2026-01-19 08:20:00,-56.45994660334169,IISC
2026-01-19 08:20:30,-57.470086536034515,IISC
2026-01-19 08:21:00,-59.0958300586123,IISC
2026-01-19 08:21:30,-60.707822981105124,IISC
2026-01-19 08:22:00,-61.57622599908594,IISC
2026-01-19 08:22:30,-62.423474258617084,IISC
2026-01-19 08:23:00,-61.21342182153527,IISC
2026-01-19 08:23:30,-60.79138431402092,IISC
2026-01-19 08:24:00,-59.953655693427905,IISC
2026-01-19 08:24:30,-61.37314027777719,IISC
2026-01-19 08:25:00,-61.393237303820925,IISC
2026-01-19 08:25:30,-61.98239745352456,IISC
2026-01-19 08:26:00,-61.93268375855861,IISC
2026-01-19 08:26:30,-61.5931498082099,IISC
2026-01-19 08:27:00,-60.21703248498706,IISC
2026-01-19 08:27:30,-59.33064792547631,IISC
2026-01-19 08:28:00,-60.89398490117065,IISC
2026-01-19 08:28:30,-59.60460210020069,IISC
2026-01-19 08:29:00,-59.856343780129045,IISC
2026-01-19 08:29:30,-61.95595400546247,IISC
2026-01-19 08:30:00,-63.400824305467914,IISC
2026-01-19 08:30:30,-63.785840985695344,IISC
2026-01-19 08:31:00,-64.06825707483264,IISC
2026-01-19 08:31:30,-62.930130827512784,IISC
2026-01-19 08:32:00,-63.3415909558023,IISC
2026-01-19 08:32:30,-65.29417556499018,IISC
2026-01-19 08:33:00,-56.184934685375325,IISC
2026-01-19 08:33:30,-56.616888501674495,IISC
2026-01-19 08:34:00,-55.34482615603288,IISC
2026-01-19 08:34:30,-54.14297120223272,IISC
2026-01-19 08:35:00,-55.62327573239379,IISC
2026-01-19 08:35:30,-62.85080047150538,IISC
2026-01-19 08:36:00,-61.99932126658892,IISC
2026-01-19 08:36:30,-58.21261870025981,IISC
2026-01-19 08:37:00,-60.93735217017786,IISC
2026-01-19 08:37:30,-57.57599255616221,IISC
2026-01-19 08:38:00,-57.35704076010565,IISC
2026-01-19 08:38:30,-56.46338424400453,IISC
2026-01-19 08:39:00,-56.99053450879066,IISC
2026-01-19 08:39:30,-57.37964991440482,IISC
2026-01-19 08:40:00,-57.29278317954159,IISC
2026-01-19 08:40:30,-56.22539316711644,IISC
2026-01-19 08:41:00,-57.44509748382194,IISC
2026-01-19 08:41:30,-60.2688616560935,IISC
2026-01-19 08:42:00,-60.1819949123644,IISC
2026-01-19 08:42:30,-59.88212614395977,IISC
2026-01-19 08:43:00,-59.75361096953288,IISC
2026-01-19 08:43:30,-59.34664621874508,IISC
2026-01-19 08:44:00,-60.298610548462136,IISC
2026-01-19 08:44:30,-56.19564429247951,IISC
2026-01-19 08:45:00,-56.95483584060805,IISC
2026-01-19 08:45:30,-59.20623147939146,IISC
2026-01-19 08:46:00,-59.07295646924144,IISC
2026-01-19 08:46:30,-59.78692971320453,IISC
2026-01-19 08:47:00,-58.20904885437483,IISC
2026-01-19 08:47:30,-57.73901645424795,IISC
2026-01-19 08:48:00,-55.542358764478664,IISC
2026-01-19 08:48:30,-58.658851984817105,IISC
2026-01-19 08:49:00,-56.787052124530895,IISC
2026-01-19 08:49:30,-56.47290389328616,IISC
2026-01-19 08:50:00,-59.45969198137516,IISC
2026-01-19 08:50:30,-58.4167621736764,IISC
2026-01-19 08:51:00,-60.55339322629678,IISC
2026-01-19 08:51:30,-61.649209933074985,IISC
2026-01-19 08:52:00,-61.034664071655584,IISC
2026-01-19 08:52:30,-63.28341537006572,IISC
2026-01-19 08:53:00,-64.87742673920746,IISC
2026-01-19 08:53:30,-60.70993845773816,IISC
2026-01-19 08:54:00,-62.06384329404578,IISC
2026-01-19 08:54:30,-63.83661241306725,IISC
2026-01-19 08:55:00,-66.08853692051636,IISC
2026-01-19 08:55:30,-67.63389233891927,IISC
2026-01-19 08:56:00,-65.88968214853334,IISC
2026-01-19 08:56:30,-63.136389761800906,IISC
2026-01-19 08:57:00,-61.34881230634815,IISC
2026-01-19 08:57:30,-60.99447002350851,IISC
2026-01-19 08:58:00,-62.950227845675755,IISC
2026-01-19 08:58:30,-64.61722316850847,IISC
2026-01-19 08:59:00,-64.84886781057196,IISC
2026-01-19 08:59:30,-66.22815835465495,IISC
2026-01-19 09:00:00,-69.51455076622594,IISC
2026-01-19 09:00:30,-68.855579899453,IISC
2026-01-19 09:01:00,-67.62860365718763,IISC
2026-01-19 09:01:30,-65.73102142075697,IISC
2026-01-19 09:02:00,-63.89161480158599,IISC
2026-01-19 09:02:30,-63.91065409128336,IISC
2026-01-19 09:03:00,-66.25354407425148,IISC
2026-01-19 09:03:30,-66.05045834112158,IISC
2026-01-19 09:04:00,-63.40822846777299,IISC
2026-01-19 09:04:30,-62.50280461856487,IISC
2026-01-19 09:05:00,-62.2923147270703,IISC
2026-01-19 09:05:30,-63.17552607754202,IISC
2026-01-19 09:06:00,-65.84314166654676,IISC
2026-01-19 09:06:30,-67.07963755957142,IISC
2026-01-19 09:07:00,-67.55985068040503,IISC
2026-01-19 09:07:30,-67.14098638192968,IISC
2026-01-19 09:08:00,-65.68130774155256,IISC
2026-01-19 09:08:30,-64.61219890904223,IISC
2026-01-19 09:09:00,-62.40721153667976,IISC
2026-01-19 09:09:30,-60.02968062581577,IISC
2026-01-19 09:10:00,-61.10302040075611,IISC
2026-01-19 09:10:30,-63.90179552524802,IISC
2026-01-19 09:11:00,-64.12550713486308,IISC
2026-01-19 09:11:30,-63.29491825480225,IISC
2026-01-19 09:12:00,-63.41510376436764,IISC
2026-01-19 09:12:30,-63.68403368701401,IISC
2026-01-19 09:13:00,-63.87918638868056,IISC
2026-01-19 09:13:30,-65.43683799999033,IISC
2026-01-19 09:14:00,-63.818498646120716,IISC
2026-01-19 09:14:30,-62.936741690513415,IISC
2026-01-19 09:15:00,-64.04697008702598,IISC
2026-01-19 09:15:30,-61.41954853878009,IISC
2026-01-19 09:16:00,-63.19258209927636,IISC
2026-01-19 09:16:30,-63.24732006158928,IISC
2026-01-19 09:17:00,-62.943881419717,IISC
2026-01-19 09:17:30,-63.93749419343064,IISC
2026-01-19 09:18:00,-64.14692634907144,IISC
2026-01-19 09:18:30,-65.12625964664616,IISC
2026-01-19 09:19:00,-64.57650025415842,IISC
2026-01-19 09:19:30,-64.39562702419785,IISC
2026-01-19 09:20:00,-64.87041923788323,IISC
2026-01-19 09:20:30,-64.61219890460931,IISC
2026-01-19 09:21:00,-63.87442655739035,IISC
2026-01-19 09:21:30,-66.54349654519989,IISC
2026-01-19 09:22:00,-63.90060557185839,IISC
2026-01-19 09:22:30,-63.064066920416536,IISC
2026-01-19 09:23:00,-65.65935966951454,IISC
2026-01-19 09:23:30,-64.01722121682201,IISC
2026-01-19 09:24:00,-64.24450268660593,IISC
2026-01-19 09:24:30,-65.51418510330365,IISC
2026-01-19 09:25:00,-64.44798507086567,IISC
2026-01-19 09:25:30,-65.4784864439869,IISC
2026-01-19 09:26:00,-65.04058285187375,IISC
2026-01-19 09:26:30,-59.83452792858215,IISC
2026-01-19 09:27:00,-61.632550550156836,IISC
2026-01-19 09:27:30,-70.46228414415454,IISC
2026-01-19 09:28:00,-68.77413406287218,IISC
2026-01-19 09:28:30,-67.59052508961398,IISC
2026-01-19 09:29:00,-67.59158281807954,IISC
2026-01-19 09:29:30,-69.97360912466951,IISC
2026-01-19 09:30:00,-73.78252417791386,IISC
2026-01-19 09:30:30,-74.97565280587169,IISC
2026-01-19 09:31:00,-73.58472714227715,IISC
2026-01-19 09:31:30,-71.70618419948428,IISC
2026-01-19 09:32:00,-66.80039468735386,IISC
2026-01-19 09:32:30,-69.55368708590743,IISC
2026-01-19 09:33:00,-70.86528238167342,IISC
2026-01-19 09:33:30,-70.12169246928065,IISC
2026-01-19 09:34:00,-71.45973120916835,IISC
2026-01-19 09:34:30,-74.19504205043047,IISC
2026-01-19 09:35:00,-72.64122471367426,IISC
2026-01-19 09:35:30,-71.21750917211848,IISC
2026-01-19 09:36:00,-71.36982346605534,IISC
2026-01-19 09:36:30,-70.07092103008762,IISC
2026-01-19 09:37:00,-73.90099084178162,IISC
2026-01-19 09:37:30,-71.09058060565894,IISC
2026-01-19 09:38:00,-74.50707480060925,IISC
2026-01-19 09:38:30,-71.2471258449811,IISC
2026-01-19 09:39:00,-71.48511693270525,IISC
2026-01-19 09:39:30,-70.16505973040711,IISC
2026-01-19 09:40:00,-70.12380793409255,IISC
2026-01-19 09:40:30,-70.65690795105036,IISC
2026-01-19 09:41:00,-72.01927468994978,IISC
2026-01-19 09:41:30,-71.5337728834441,IISC
2026-01-19 09:42:00,-72.93210270540335,IISC
2026-01-19 09:42:30,-76.4649481072903,IISC
2026-01-19 09:43:00,-73.85973906122861,IISC
2026-01-19 09:43:30,-69.81812161381293,IISC
2026-01-19 09:44:00,-70.72671867994079,IISC
2026-01-19 09:44:30,-72.71526638400962,IISC
2026-01-19 09:45:00,-74.42034027835636,IISC
2026-01-19 09:45:30,-75.72982010142968,IISC
2026-01-19 09:46:00,-75.54365818924492,IISC
2026-01-19 09:46:30,-80.1382611296346,IISC
2026-01-19 09:47:00,-77.11291849675351,IISC
2026-01-19 09:47:30,-78.55800034718052,IISC
2026-01-19 09:48:00,-80.32960596449581,IISC
2026-01-19 09:48:30,-82.03076621347711,IISC
2026-01-19 09:49:00,-82.34491444383525,IISC
2026-01-19 09:49:30,-79.63752789215911,IISC
2026-01-19 09:50:00,-77.54320636944135,IISC
2026-01-19 09:50:30,-78.14675175355106,IISC
2026-01-19 09:51:00,-75.96580147512236,IISC
2026-01-19 09:51:30,-78.61035837434346,IISC
2026-01-19 09:52:00,-80.47906435847642,IISC
2026-01-19 09:52:30,-76.01012069817241,IISC
2026-01-19 09:53:00,-76.29359452759644,IISC
2026-01-19 09:53:30,-74.42245575892979,IISC
2026-01-19 09:54:00,-74.57159682018535,IISC
2026-01-19 09:54:30,-79.22056751516678,IISC
2026-01-19 09:55:00,-78.33809658131956,IISC
2026-01-19 09:55:30,-81.09403331285822,IISC
2026-01-19 09:56:00,-78.13913604121844,IISC
2026-01-19 09:56:30,-78.64082123785929,IISC
2026-01-19 09:57:00,-78.39331050725663,IISC
2026-01-19 09:57:30,-78.04869942756804,IISC
2026-01-19 09:58:00,-80.68278471922875,IISC
2026-01-19 09:58:30,-80.37963697248489,IISC
2026-01-19 09:59:00,-76.54850942050417,IISC
2026-01-19 09:59:30,-74.73977719872099,IISC
2026-01-19 10:00:00,-76.15291534529037,IISC
2026-01-19 10:00:30,-77.21382671717623,IISC
2026-01-19 10:01:00,-76.04079511526214,IISC
2026-01-19 10:01:30,-75.51721473330207,IISC
2026-01-19 10:02:00,-76.07570046985639,IISC
2026-01-19 10:02:30,-73.99936049930758,IISC
2026-01-19 10:03:00,-75.74780163507884,IISC
2026-01-19 10:03:30,-78.04626662845493,IISC
2026-01-19 10:04:00,-82.00432275871634,IISC
2026-01-19 10:04:30,-81.47122274175855,IISC
2026-01-19 10:05:00,-78.29483509146354,IISC
2026-01-19 10:05:30,-81.45577976036716,IISC
2026-01-19 10:06:00,-81.62808529489195,IISC
2026-01-19 10:06:30,-80.36482863447743,IISC
2026-01-19 10:07:00,-79.06063751007942,IISC
2026-01-19 10:07:30,-76.45130328438628,IISC
2026-01-19 10:08:00,-80.76655758680457,IISC
2026-01-19 10:08:30,-82.99510608593039,IISC
2026-01-19 10:09:00,-81.86131656708741,IISC
2026-01-19 10:09:30,-86.01949675255344,IISC
2026-01-19 10:10:00,-83.21691377012205,IISC
2026-01-19 10:10:30,-83.80998754667135,IISC
2026-01-19 10:11:00,-84.39925346528116,IISC
2026-01-19 10:11:30,-85.0532529511304,IISC
2026-01-19 10:12:00,-82.71237267470705,IISC
2026-01-19 10:12:30,-81.22350046506875,IISC
2026-01-19 10:13:00,-81.86512442148054,IISC
2026-01-19 10:13:30,-80.53237436253644,IISC
2026-01-19 10:14:00,-83.11981340330439,IISC
2026-01-19 10:14:30,-79.73653218440016,IISC
2026-01-19 10:15:00,-77.47276100465369,IISC
2026-01-19 10:15:30,-79.33385128000037,IISC
2026-01-19 10:16:00,-81.75088869748157,IISC
2026-01-19 10:16:30,-82.85992714326429,IISC
2026-01-19 10:17:00,-83.96610969381922,IISC
2026-01-19 10:17:30,-85.21889475021965,IISC
2026-01-19 10:18:00,-84.05940220269741,IISC
2026-01-19 10:18:30,-82.77139446212996,IISC
2026-01-19 10:19:00,-82.19831193089706,IISC
2026-01-19 10:19:30,-82.28113283221485,IISC
2026-01-19 10:20:00,-84.02037167122995,IISC
2026-01-19 10:20:30,-83.6138828947053,IISC
2026-01-19 10:21:00,-86.61447446516516,IISC
2026-01-19 10:21:30,-84.25550684757074,IISC
2026-01-19 10:22:00,-86.2765271280048,IISC
2026-01-19 10:22:30,-78.98553809985135,IISC
2026-01-19 10:23:00,-77.38518028800422,IISC
2026-01-19 10:23:30,-77.52797492970416,IISC
2026-01-19 10:24:00,-79.30338841471138,IISC
2026-01-19 10:24:30,-76.99130505109984,IISC
2026-01-19 10:25:00,-81.74200370350354,IISC
2026-01-19 10:25:30,-84.40115739385686,IISC
2026-01-19 10:26:00,-81.88691382725455,IISC
2026-01-19 10:26:30,-83.94104130694774,IISC
2026-01-19 10:27:00,-80.88126928683988,IISC
2026-01-19 10:27:30,-83.49441136781272,IISC
2026-01-19 10:28:00,-86.86912492142507,IISC
2026-01-19 10:28:30,-84.99018533193527,IISC
2026-01-19 10:29:00,-84.44161587953836,IISC
2026-01-19 10:29:30,-79.33313729821415,IISC
2026-01-19 10:30:00,-82.04345907839786,IISC
2026-01-19 10:30:30,-83.51900378367185,IISC
2026-01-19 10:31:00,-81.57382333678908,IISC
2026-01-19 10:31:30,-81.2649637956493,IISC
2026-01-19 10:32:00,-78.93159345950009,IISC
2026-01-19 10:32:30,-83.47669425889174,IISC
2026-01-19 10:33:00,-79.27535835129373,IISC
2026-01-19 10:33:30,-81.68911680343898,IISC
2026-01-19 10:34:00,-81.5516108341123,IISC
2026-01-19 10:34:30,-82.36501147145513,IISC
2026-01-19 10:35:00,-82.26241086854385,IISC
2026-01-19 10:35:30,-81.18457570329555,IISC
2026-01-19 10:36:00,-81.71238703458131,IISC
2026-01-19 10:36:30,-85.46735743565324,IISC
2026-01-19 10:37:00,-83.65545200089068,IISC
2026-01-19 10:37:30,-79.81149937650133,IISC
2026-01-19 10:38:00,-82.00101732820116,IISC
2026-01-19 10:38:30,-88.1316676089192,IISC
2026-01-19 10:39:00,-86.48833918510532,IISC
2026-01-19 10:39:30,-85.3816806487616,IISC
2026-01-19 10:40:00,-84.44875561317487,IISC
2026-01-19 10:40:30,-81.75588650437774,IISC
2026-01-19 10:41:00,-77.59937226163646,IISC
2026-01-19 10:41:30,-80.90427509079129,IISC
2026-01-19 10:42:00,-84.41913893538678,IISC
2026-01-19 10:42:30,-85.03262706834062,IISC
2026-01-19 10:43:00,-81.59709357975254,IISC
2026-01-19 10:43:30,-78.84168571244669,IISC
2026-01-19 10:44:00,-81.83825787257531,IISC
2026-01-19 10:44:30,-80.8249447308435,IISC
2026-01-19 10:45:00,-81.65103822010381,IISC
2026-01-19 10:45:30,-84.83588777299063,IISC
2026-01-19 10:46:00,-84.83906098104453,IISC
2026-01-19 10:46:30,-85.25078555868961,IISC
2026-01-19 10:47:00,-85.49948623824895,IISC
2026-01-19 10:47:30,-81.58096306796284,IISC
2026-01-19 10:48:00,-79.8579076340564,IISC
2026-01-19 10:48:30,-80.13635720598438,IISC
2026-01-19 10:49:00,-85.59587262948651,IISC
2026-01-19 10:49:30,-81.60999798563796,IISC
2026-01-19 10:50:00,-81.51384959217101,IISC
2026-01-19 10:50:30,-86.42979337637853,IISC
2026-01-19 10:51:00,-88.29945131613049,IISC
2026-01-19 10:51:30,-88.0928750601504,IISC
2026-01-19 10:52:00,-86.45835230737826,IISC
2026-01-19 10:52:30,-85.33884226467418,IISC
2026-01-19 10:53:00,-85.7567545937392,IISC
2026-01-19 10:53:30,-90.11103944535665,IISC
2026-01-19 10:54:00,-88.63073489657727,IISC
2026-01-19 10:54:30,-87.23801109104491,IISC
2026-01-19 10:55:00,-86.97907679371652,IISC
2026-01-19 10:55:30,-85.04373330982806,IISC
2026-01-19 10:56:00,-87.52455236020771,IISC
2026-01-19 10:56:30,-89.02484814011811,IISC
2026-01-19 10:57:00,-87.66734700102106,IISC
2026-01-19 10:57:30,-89.242847973463,IISC
2026-01-19 10:58:00,-89.16288296737298,IISC
2026-01-19 10:58:30,-86.6525530339209,IISC
2026-01-19 10:59:00,-84.75814401401598,IISC
2026-01-19 10:59:30,-87.77111111391329,IISC
2026-01-19 11:00:00,-90.40995623686419,IISC
2026-01-19 11:00:30,-90.00061157929716,IISC
2026-01-19 11:01:00,-83.1234097202792,IISC
2026-01-19 11:01:30,-81.4818001209834,IISC
2026-01-19 11:02:00,-82.0815376459715,IISC
2026-01-19 11:02:30,-81.21630784491043,IISC
2026-01-19 11:03:00,-82.14976175812726,IISC
2026-01-19 11:03:30,-85.08466778799696,IISC
2026-01-19 11:04:00,-88.6250231132144,IISC
2026-01-19 11:04:30,-88.41559096555287,IISC
2026-01-19 11:05:00,-90.0577294377503,IISC
2026-01-19 11:05:30,-85.71010834639279,IISC
2026-01-19 11:06:00,-78.91995833604817,IISC
2026-01-19 11:06:30,-76.7494796572991,IISC
2026-01-19 11:07:00,-76.95573859946798,IISC
2026-01-19 11:07:30,-89.45132815841282,IISC
2026-01-19 11:08:00,-87.13615090357607,IISC
2026-01-19 11:08:30,-88.89062117434909,IISC
2026-01-19 11:09:00,-83.6909920020212,IISC
2026-01-19 11:09:30,-83.38826734548147,IISC
2026-01-19 11:10:00,-86.93909428889833,IISC
2026-01-19 11:10:30,-88.08430738510609,IISC
2026-01-19 11:11:00,-84.07008535004034,IISC
2026-01-19 11:11:30,-84.4149079821207,IISC
2026-01-19 11:12:00,-83.75699487139599,IISC
2026-01-19 11:12:30,-81.64680726289735,IISC
2026-01-19 11:13:00,-90.15482980456797,IISC
2026-01-19 11:13:30,-87.73779237644776,IISC
2026-01-19 11:14:00,-89.62839352422782,IISC
2026-01-19 11:14:30,-89.52367745217023,IISC
2026-01-19 11:15:00,-87.26657001849833,IISC
2026-01-19 11:15:30,-87.87297129783579,IISC
2026-01-19 11:16:00,-88.47937257717327,IISC
2026-01-19 11:16:30,-89.55318834588167,IISC
2026-01-19 11:17:00,-86.64493731094927,IISC
2026-01-19 11:17:30,-89.5608040511216,IISC
2026-01-19 11:18:00,-88.2499491735563,IISC
2026-01-19 11:18:30,-85.56921762745651,IISC
2026-01-19 11:19:00,-90.24050659047451,IISC
2026-01-19 11:19:30,-90.83834018412864,IISC
2026-01-19 11:20:00,-90.59939713920933,IISC
2026-01-19 11:20:30,-92.11492434733131,IISC
2026-01-19 11:21:00,-90.52895177796802,IISC
2026-01-19 11:21:30,-90.02345871984133,IISC
2026-01-19 11:22:00,-88.6278790190812,IISC
2026-01-19 11:22:30,-87.74921594317348,IISC
2026-01-19 11:23:00,-89.1162367058412,IISC
2026-01-19 11:23:30,-89.05626296989199,IISC
2026-01-19 11:24:00,-87.42269217273886,IISC
2026-01-19 11:24:30,-86.8886401800661,IISC
2026-01-19 11:25:00,-87.15899805121293,IISC
2026-01-19 11:25:30,-86.26795944941412,IISC
2026-01-19 11:26:00,-87.37985378333194,IISC
2026-01-19 11:26:30,-87.18946091472877,IISC
2026-01-19 11:27:00,-89.08101403585957,IISC
2026-01-19 11:27:30,-92.59947419033719,IISC
2026-01-19 11:28:00,-89.38659458408071,IISC
2026-01-19 11:28:30,-89.43038494329203,IISC
2026-01-19 11:29:00,-91.25953151123478,IISC
2026-01-19 11:29:30,-87.40407597994424,IISC
2026-01-19 11:30:00,-89.868605855521,IISC
2026-01-19 11:30:30,-89.69725227976753,IISC
2026-01-19 11:31:00,-90.15419515369729,IISC
2026-01-19 11:31:30,-88.56864567532618,IISC
2026-01-19 11:32:00,-86.09142294783193,IISC
2026-01-19 11:32:30,-85.81112233138727,IISC
2026-01-19 11:33:00,-84.01508296940236,IISC
2026-01-19 11:33:30,-85.42399017846719,IISC
2026-01-19 11:34:00,-86.11257770628158,IISC
2026-01-19 11:34:30,-89.83475823727306,IISC
2026-01-19 11:35:00,-88.54114448697737,IISC
2026-01-19 11:35:30,-88.2650748277392,IISC
2026-01-19 11:36:00,-86.5885598817299,IISC
2026-01-19 11:36:30,-85.96142693493493,IISC
2026-01-19 11:37:00,-85.31409119516027,IISC
2026-01-19 11:37:30,-85.93191603413081,IISC
2026-01-19 11:38:00,-87.16756573334995,IISC
2026-01-19 11:38:30,-85.23317421571952,IISC
2026-01-19 11:39:00,-89.16859475073583,IISC
2026-01-19 11:39:30,-87.15804609204758,IISC
2026-01-19 11:40:00,-85.72438780913441,IISC
2026-01-19 11:40:30,-84.191725242649,IISC
2026-01-19 11:41:00,-84.36413655868918,IISC
2026-01-19 11:41:30,-85.86929794076617,IISC
2026-01-19 11:42:00,-85.7677550781416,IISC
2026-01-19 11:42:30,-86.03959377623293,IISC
2026-01-19 11:43:00,-83.27678175056238,IISC
2026-01-19 11:43:30,-85.34783303543915,IISC
2026-01-19 11:44:00,-84.82002169233223,IISC
2026-01-19 11:44:30,-83.85853771431864,IISC
2026-01-19 11:45:00,-82.27087277113566,IISC
2026-01-19 11:45:30,-84.84646515221546,IISC
2026-01-19 11:46:00,-86.65096641679219,IISC
2026-01-19 11:46:30,-83.59304545006685,IISC
2026-01-19 11:47:00,-83.64593235801217,IISC
2026-01-19 11:47:30,-84.04998832399662,IISC
2026-01-19 11:48:00,-85.55832292299334,IISC
2026-01-19 11:48:30,-83.38995973269849,IISC
2026-01-19 11:49:00,-81.00581795735623,IISC
2026-01-19 11:49:30,-80.8926399752201,IISC
2026-01-19 11:50:00,-78.6121565351951,IISC
2026-01-19 11:50:30,-81.57276559650236,IISC
2026-01-19 11:51:00,-86.22469795207137,IISC
2026-01-19 11:51:30,-84.75655740516207,IISC
2026-01-19 11:52:00,-84.40644608346929,IISC
2026-01-19 11:52:30,-85.26427171828487,IISC
2026-01-19 11:53:00,-81.44689475456798,IISC
2026-01-19 11:53:30,-78.23137080429336,IISC
2026-01-19 11:54:00,-79.65931729517484,IISC
2026-01-19 11:54:30,-81.02485723523247,IISC
2026-01-19 11:55:00,-76.7961523494333,IISC
2026-01-19 11:55:30,-75.88821638379086,IISC
2026-01-19 11:56:00,-77.66362985993223,IISC
2026-01-19 11:56:30,-75.96437352928163,IISC
2026-01-19 11:57:00,-73.75224642328263,IISC
2026-01-19 11:57:30,-75.21827148617066,IISC
2026-01-19 11:58:00,-80.03798755732429,IISC
2026-01-19 11:58:30,-78.45666903221928,IISC
2026-01-19 11:59:00,-78.30647021885585,IISC
2026-01-19 11:59:30,-78.30752795126179,IISC
2026-01-19 12:00:00,-81.67959714873933,IISC
2026-01-19 12:00:30,-79.86346076071067,IISC
2026-01-19 12:01:00,-79.9322137493144,IISC
2026-01-19 12:01:30,-81.56007274852523,IISC
2026-01-19 12:02:00,-81.12851557843048,IISC
2026-01-19 12:02:30,-82.07201799915259,IISC
2026-01-19 12:03:00,-80.97937450141337,IISC
2026-01-19 12:03:30,-74.18063037054708,IISC
2026-01-19 12:04:00,-73.92954976204382,IISC
2026-01-19 12:04:30,-74.47811921887366,IISC
2026-01-19 12:05:00,-72.12795728916613,IISC
2026-01-19 12:05:30,-72.88119905261485,IISC
2026-01-19 12:06:00,-71.81618896470064,IISC
2026-01-19 12:06:30,-71.35329631150907,IISC
2026-01-19 12:07:00,-71.53773940163852,IISC
2026-01-19 12:07:30,-71.61627644947562,IISC
2026-01-19 12:08:00,-70.22283868077534,IISC
2026-01-19 12:08:30,-73.34528166806189,IISC
2026-01-19 12:09:00,-73.8617223213109,IISC
2026-01-19 12:09:30,-73.89623102280513,IISC
2026-01-19 12:10:00,-73.39763971472972,IISC
2026-01-19 12:10:30,-70.73927932515849,IISC
2026-01-19 12:11:00,-71.73646195460807,IISC
2026-01-19 12:11:30,-72.49803341838171,IISC
2026-01-19 12:12:00,-69.98603753954515,IISC
2026-01-19 12:12:30,-70.93919182708476,IISC
2026-01-19 12:13:00,-72.5170727080791,IISC
2026-01-19 12:13:30,-72.4444854227572,IISC
2026-01-19 12:14:00,-69.83848307098793,IISC
2026-01-19 12:14:30,-70.92967219110191,IISC
2026-01-19 12:15:00,-71.62460614093467,IISC
2026-01-19 12:15:30,-71.6460253329784,IISC
2026-01-19 12:16:00,-71.55201886891156,IISC
2026-01-19 12:16:30,-69.89798084242643,IISC
2026-01-19 12:17:00,-79.59373753137163,IISC
2026-01-19 12:17:30,-79.48902145182733,IISC
2026-01-19 12:18:00,-78.25464103937608,IISC
2026-01-19 12:18:30,-76.03021772027576,IISC
2026-01-19 12:19:00,-77.34710171747531,IISC
2026-01-19 12:19:30,-76.71034335337913,IISC
2026-01-19 12:20:00,-78.05049757384025,IISC
2026-01-19 12:20:30,-75.76472545208357,IISC
2026-01-19 12:21:00,-77.20219159372431,IISC
2026-01-19 12:21:30,-77.09112908822125,IISC
2026-01-19 12:22:00,-77.68240470667716,IISC
2026-01-19 12:22:30,-78.27685354993362,IISC
2026-01-19 12:23:00,-80.96456616892246,IISC
2026-01-19 12:23:30,-80.34261614125758,IISC
2026-01-19 12:24:00,-78.53282617918768,IISC
2026-01-19 12:24:30,-77.82096840446943,IISC
2026-01-19 12:25:00,-76.46917906055637,IISC
2026-01-19 12:25:30,-76.94304575149087,IISC
2026-01-19 12:26:00,-77.98809103483757,IISC
2026-01-19 12:26:30,-79.09765833776038,IISC
2026-01-19 12:27:00,-77.99020650753023,IISC
2026-01-19 12:27:30,-74.03743906294083,IISC
2026-01-19 12:28:00,-74.39178134578047,IISC
2026-01-19 12:28:30,-70.40939723226886,IISC
2026-01-19 12:29:00,-74.27582680130232,IISC
2026-01-19 12:29:30,-74.26273728298597,IISC
2026-01-19 12:30:00,-81.6457495304914,IISC
2026-01-19 12:30:30,-74.25850634154102,IISC
2026-01-19 12:31:00,-73.54030214086401,IISC
2026-01-19 12:31:30,-72.55660566805443,IISC
2026-01-19 12:32:00,-74.92488136667866,IISC
2026-01-19 12:32:30,-72.39371399489275,IISC
2026-01-19 12:33:00,-70.63152224721536,IISC
2026-01-19 12:33:30,-66.99924945933691,IISC
2026-01-19 12:34:00,-60.54374135012089,IISC
2026-01-19 12:34:30,-60.05262976046494,IISC
2026-01-19 12:35:00,-60.56397059764084,IISC
2026-01-19 12:35:30,-60.06758919477073,IISC
2026-01-19 12:36:00,-60.642847639759985,IISC
2026-01-19 12:36:30,-57.77199522200253,IISC
2026-01-19 12:37:00,-56.96554544264602,IISC
2026-01-19 12:37:30,-64.37318786577313,IISC
2026-01-19 12:38:00,-66.61574383497319,IISC
2026-01-19 12:38:30,-66.29615579590636,IISC
2026-01-19 12:39:00,-62.64197272868278,IISC
2026-01-19 12:39:30,-60.67004662504197,IISC
2026-01-19 12:40:00,-60.99643440282999,IISC
2026-01-19 12:40:30,-61.92391963376101,IISC
2026-01-19 12:41:00,-59.18090242149787,IISC
2026-01-19 12:41:30,-58.75115853003553,IISC
2026-01-19 12:42:00,-60.04447006488034,IISC
2026-01-19 12:42:30,-62.03815536181295,IISC
2026-01-19 12:43:00,-60.32733947128338,IISC
2026-01-19 12:43:30,-59.418893504718724,IISC
2026-01-19 12:44:00,-57.611294574692586,IISC
2026-01-19 12:44:30,-58.23573784253425,IISC
2026-01-19 12:45:00,-58.60020418958463,IISC
2026-01-19 12:45:30,-59.529502707310314,IISC
2026-01-19 12:46:00,-58.19516603084344,IISC
2026-01-19 12:46:30,-56.78149899836916,IISC
2026-01-19 12:47:00,-56.95443919834403,IISC
2026-01-19 12:47:30,-56.4403784356202,IISC
2026-01-19 12:48:00,-56.75611329059378,IISC
2026-01-19 12:48:30,-58.12150212461472,IISC
2026-01-19 12:49:00,-58.44245009521392,IISC
2026-01-19 12:49:30,-61.212666292759046,IISC
2026-01-19 12:50:00,-60.313739968509985,IISC
2026-01-19 12:50:30,-60.94339637899701,IISC
2026-01-19 12:51:00,-56.72483445076455,IISC
2026-01-19 12:51:30,-54.592434359291055,IISC
2026-01-19 12:52:00,-51.788219432676534,IISC
2026-01-19 12:52:30,-53.03801260626877,IISC
2026-01-19 12:53:00,-54.15317083057932,IISC
2026-01-19 12:53:30,-54.49043818221531,IISC
2026-01-19 12:54:00,-58.581504890369644,IISC
2026-01-19 12:54:30,-58.08648343359726,IISC
2026-01-19 12:55:00,-56.98220481733158,IISC
2026-01-19 12:55:30,-57.14998852454286,IISC
2026-01-19 12:56:00,-56.810851232219704,IISC
2026-01-19 12:56:30,-54.707010070859354,IISC
2026-01-19 12:57:00,-54.5868245657269,IISC
2026-01-19 12:57:30,-52.3270992487832,IISC
2026-01-19 12:58:00,-50.94199114051149,IISC
2026-01-19 12:58:30,-52.28069098236226,IISC
2026-01-19 12:59:00,-51.20497130950854,IISC
2026-01-19 12:59:30,-52.85186958019249,IISC
2026-01-19 13:00:00,-53.72648681102914,IISC
2026-01-19 13:00:30,-50.1875594148073,IISC
2026-01-19 13:01:00,-52.65790684964729,IISC
2026-01-19 13:01:30,-51.709512380099106,IISC
2026-01-19 13:02:00,-47.97424234655281,IISC
2026-01-19 13:02:30,-52.79356176657656,IISC
2026-01-19 13:03:00,-52.79237180432108,IISC
2026-01-19 13:03:30,-51.49532041533274,IISC
2026-01-19 13:04:00,-51.515549658419765,IISC
2026-01-19 13:04:30,-52.31995952401253,IISC
2026-01-19 13:05:00,-51.22282062365166,IISC
2026-01-19 13:05:30,-49.823433056972775,IISC
2026-01-19 13:06:00,-46.877103459490726,IISC
2026-01-19 13:06:30,-47.6291552828486,IISC
2026-01-19 13:07:00,-52.25689188353932,IISC
2026-01-19 13:07:30,-51.143093613559074,IISC
2026-01-19 13:08:00,-52.05102959693323,IISC
2026-01-19 13:08:30,-50.51598711332508,IISC
2026-01-19 13:09:00,-47.062736498576854,IISC
2026-01-19 13:09:30,-47.18054209249714,IISC
2026-01-19 13:10:00,-50.028105390189225,IISC
2026-01-19 13:10:30,-49.8234330614057,IISC
2026-01-19 13:11:00,-47.879045911364635,IISC
2026-01-19 13:11:30,-51.514869678721496,IISC
2026-01-19 13:12:00,-48.76097287234557,IISC
2026-01-19 13:12:30,-50.81993571369011,IISC
2026-01-19 13:13:00,-50.30043519612825,IISC
2026-01-19 13:13:30,-50.010766035805396,IISC
2026-01-19 13:14:00,-51.71342224594899,IISC
2026-01-19 13:14:30,-48.27139121326286,IISC
2026-01-19 13:15:00,-47.977642222879446,IISC
2026-01-19 13:15:30,-47.663493991001424,IISC
2026-01-19 13:16:00,-49.65037954414663,IISC
2026-01-19 13:16:30,-48.60049888451287,IISC
2026-01-19 13:17:00,-47.76957001840257,IISC
2026-01-19 13:17:30,-44.87015866863212,IISC
2026-01-19 13:18:00,-43.9032348963767,IISC
2026-01-19 13:18:30,-47.531578930115494,IISC
2026-01-19 13:19:00,-44.85111938400093,IISC
2026-01-19 13:19:30,-45.44269720496076,IISC
2026-01-19 13:20:00,-44.60428862423067,IISC
2026-01-19 13:20:30,-46.605000321894785,IISC
2026-01-19 13:21:00,-47.61566911488003,IISC
2026-01-19 13:21:30,-47.29834767902921,IISC
2026-01-19 13:22:00,-43.53967518892399,IISC
2026-01-19 13:22:30,-44.98348774273214,IISC
2026-01-19 13:23:00,-54.184449645921895,IISC
2026-01-19 13:23:30,-53.54204372533263,IISC
2026-01-19 13:24:00,-52.171215079901046,IISC
2026-01-19 13:24:30,-51.204971300642676,IISC
2026-01-19 13:25:00,-44.12830647045447,IISC
2026-01-19 13:25:30,-46.06079404670294,IISC
2026-01-19 13:26:00,-44.85111937893472,IISC
2026-01-19 13:26:30,-44.2323425676267,IISC
2026-01-19 13:27:00,-44.45129436621637,IISC
2026-01-19 13:27:30,-42.612643249927665,IISC
2026-01-19 13:28:00,-48.04835956941399,IISC
2026-01-19 13:28:30,-46.45041945513917,IISC
2026-01-19 13:29:00,-41.16565748116995,IISC
2026-01-19 13:29:30,-40.94806562931127,IISC
2026-01-19 13:30:00,-38.90270227554152,IISC
2026-01-19 13:30:30,-39.63707476163248,IISC
2026-01-19 13:31:00,-41.778994500487784,IISC
2026-01-19 13:31:30,-44.42817522619358,IISC
2026-01-19 13:32:00,-42.900952463519516,IISC
2026-01-19 13:32:30,-37.73858589798822,IISC
2026-01-19 13:33:00,-36.17328455085317,IISC
2026-01-19 13:33:30,-38.85510405383114,IISC
2026-01-19 13:34:00,-42.67384095921284,IISC
2026-01-19 13:34:30,-44.33161884617424,IISC
2026-01-19 13:35:00,-41.39684882060341,IISC
2026-01-19 13:35:30,-39.33244617207006,IISC
2026-01-19 13:36:00,-39.39500382808622,IISC
2026-01-19 13:36:30,-37.817462940107376,IISC
2026-01-19 13:37:00,-40.78759164147858,IISC
2026-01-19 13:37:30,-42.465768749669756,IISC
2026-01-19 13:38:00,-39.80434848818637,IISC
2026-01-19 13:38:30,-39.533718632759545,IISC
2026-01-19 13:39:00,-40.55504036038032,IISC
2026-01-19 13:39:30,-36.45479399532659,IISC
2026-01-19 13:40:00,-33.52274387335017,IISC
2026-01-19 13:40:30,-35.50146971064596,IISC
2026-01-19 13:41:00,-42.05914400329641,IISC
2026-01-19 13:41:30,-45.5678125271255,IISC
2026-01-19 13:42:00,-46.01523575142181,IISC
2026-01-19 13:42:30,-41.921789125089276,IISC
2026-01-19 13:43:00,-42.85879403886553,IISC
2026-01-19 13:43:30,-43.59316651989029,IISC
2026-01-19 13:44:00,-43.238219820221694,IISC
2026-01-19 13:44:30,-41.43764728332779,IISC
2026-01-19 13:45:00,-38.774867064980995,IISC
2026-01-19 13:45:30,-35.82785749856638,IISC
2026-01-19 13:46:00,-36.15288529922616,IISC
2026-01-19 13:46:30,-37.753545332294,IISC
2026-01-19 13:47:00,-37.633529827468955,IISC
2026-01-19 13:47:30,-33.12478877408815,IISC
2026-01-19 13:48:00,-33.6721682686625,IISC
2026-01-19 13:48:30,-34.5336959811828,IISC
2026-01-19 13:49:00,-38.265396158993155,IISC
2026-01-19 13:49:30,-36.81246059668975,IISC
2026-01-19 13:50:00,-35.529688657242744,IISC
2026-01-19 13:50:30,-33.74475554511856,IISC
2026-01-19 13:51:00,-33.682877866900824,IISC
2026-01-19 13:51:30,-36.85410904068633,IISC
2026-01-19 13:52:00,-37.631149916256774,IISC
2026-01-19 13:52:30,-35.45472147400745,IISC
2026-01-19 13:53:00,-32.28825012264629,IISC
2026-01-19 13:53:30,-31.686132687923653,IISC
2026-01-19 13:54:00,-31.6932724259931,IISC
2026-01-19 13:54:30,-33.93038858863761,IISC
2026-01-19 13:55:00,-34.97516944233067,IISC
2026-01-19 13:55:30,-33.725716264287016,IISC
2026-01-19 13:56:00,-34.288565179524035,IISC
2026-01-19 13:56:30,-35.712941793982566,IISC
2026-01-19 13:57:00,-35.60584581159939,IISC
2026-01-19 13:57:30,-37.8179729175984,IISC
2026-01-19 13:58:00,-37.48835527012392,IISC
2026-01-19 13:58:30,-40.532261214006304,IISC
2026-01-19 13:59:00,-38.75803769125457,IISC
2026-01-19 13:59:30,-34.63008236976059,IISC
2026-01-19 14:00:00,-33.06172114248079,IISC
2026-01-19 14:00:30,-34.39447119965173,IISC
2026-01-19 14:01:00,-36.332908565012964,IISC
2026-01-19 14:01:30,-36.5982686186246,IISC
2026-01-19 14:02:00,-37.04093203316209,IISC
2026-01-19 14:02:30,-35.05251654121106,IISC
2026-01-19 14:03:00,-34.938280834057224,IISC
2026-01-19 14:03:30,-40.905907206346036,IISC
2026-01-19 14:04:00,-34.62770246298135,IISC
2026-01-19 14:04:30,-36.25556146613256,IISC
2026-01-19 14:05:00,-37.30325109133018,IISC
2026-01-19 14:05:30,-37.34132966284421,IISC
2026-01-19 14:06:00,-35.553752207391454,IISC
2026-01-19 14:06:30,-35.74202960014965,IISC
2026-01-19 14:07:00,-37.29902014200448,IISC
2026-01-19 14:07:30,-35.87953556159557,IISC
2026-01-19 14:08:00,-40.25222504494704,IISC
2026-01-19 14:08:30,-39.55411785849261,IISC
2026-01-19 14:09:00,-34.63669323867178,IISC
2026-01-19 14:09:30,-35.92184507849491,IISC
2026-01-19 14:10:00,-33.61174497742842,IISC
2026-01-19 14:10:30,-34.736120620722915,IISC
2026-01-19 14:11:00,-43.33912802420741,IISC
2026-01-19 14:11:30,-41.057269542299636,IISC
2026-01-19 14:12:00,-39.08575140798614,IISC
2026-01-19 14:12:30,-39.22664213401512,IISC
2026-01-19 14:13:00,-40.56986379697329,IISC
2026-01-19 14:13:30,-36.77015106649162,IISC
2026-01-19 14:14:00,-37.69567194568385,IISC
2026-01-19 14:14:30,-36.605884338049904,IISC
2026-01-19 14:15:00,-35.74340466015814,IISC
2026-01-19 14:15:30,-32.02027216093845,IISC
2026-01-19 14:16:00,-33.91372921813167,IISC
2026-01-19 14:16:30,-37.515962229546105,IISC
2026-01-19 14:17:00,-41.839784217647725,IISC
2026-01-19 14:17:30,-36.431674864310395,IISC
2026-01-19 14:18:00,-34.95613014327486,IISC
2026-01-19 14:18:30,-34.29927476495612,IISC
2026-01-19 14:19:00,-33.8581979598636,IISC
2026-01-19 14:19:30,-35.860496264017414,IISC
2026-01-19 14:20:00,-36.61254808688275,IISC
2026-01-19 14:20:30,-36.18099092466874,IISC
2026-01-19 14:21:00,-32.07908240700264,IISC
2026-01-19 14:21:30,-29.36598406447689,IISC
2026-01-19 14:22:00,-28.42988580605983,IISC
2026-01-19 14:22:30,-30.291504947609496,IISC
2026-01-19 14:23:00,-35.88588198361394,IISC
2026-01-19 14:23:30,-33.662516396919564,IISC
2026-01-19 14:24:00,-33.33144436098379,IISC
2026-01-19 14:24:30,-33.079702692876566,IISC
2026-01-19 14:25:00,-34.637750971077736,IISC
2026-01-19 14:25:30,-36.01386829824097,IISC
2026-01-19 14:26:00,-37.28315407316723,IISC
2026-01-19 14:26:30,-34.780545626076446,IISC
2026-01-19 14:27:00,-35.365474814633245,IISC
2026-01-19 14:27:30,-32.96335148593994,IISC
2026-01-19 14:28:00,-32.70420564764689,IISC
2026-01-19 14:28:30,-33.10931934997765,IISC
2026-01-19 14:29:00,-34.09090035009457,IISC
2026-01-19 14:29:30,-34.048590821374084,IISC
2026-01-19 14:30:00,-35.11986802009302,IISC
2026-01-19 14:30:30,-34.699099785161195,IISC
2026-01-19 14:31:00,-33.781406167147,IISC
2026-01-19 14:31:30,-34.51632262889064,IISC
2026-01-19 14:32:00,-37.01903685710277,IISC
2026-01-19 14:32:30,-38.1813853069455,IISC
2026-01-19 14:33:00,-38.13569101167175,IISC
2026-01-19 14:33:30,-38.14235476129267,IISC
2026-01-19 14:34:00,-40.34805610923528,IISC
2026-01-19 14:34:30,-40.48418701106674,IISC
2026-01-19 14:35:00,-39.041009086063134,IISC
2026-01-19 14:35:30,-37.537857418017616,IISC
2026-01-19 14:36:00,-37.74157777167725,IISC
2026-01-19 14:36:30,-38.057629938097826,IISC
2026-01-19 14:37:00,-36.18416415104541,IISC
2026-01-19 14:37:30,-37.597831164605864,IISC
2026-01-19 14:38:00,-34.37352798807729,IISC
2026-01-19 14:38:30,-35.306453030756714,IISC
2026-01-19 14:39:00,-31.946970908015693,IISC
2026-01-19 14:39:30,-32.423905038688964,IISC
2026-01-19 14:40:00,-35.850976620350835,IISC
2026-01-19 14:40:30,-35.08274140695628,IISC
2026-01-19 14:41:00,-31.01499783159432,IISC
2026-01-19 14:41:30,-32.421789566390345,IISC
2026-01-19 14:42:00,-33.22355507634086,IISC
2026-01-19 14:42:30,-30.87537638799882,IISC
2026-01-19 14:43:00,-31.702527621486233,IISC
2026-01-19 14:43:30,-30.870087706267164,IISC
2026-01-19 14:44:00,-28.096698293491016,IISC
2026-01-19 14:44:30,-28.794805476005067,IISC
2026-01-19 14:45:00,-28.10727567665623,IISC
2026-01-19 14:45:30,-30.88701151933151,IISC
2026-01-19 14:46:00,-32.71795625561261,IISC
2026-01-19 14:46:30,-33.09028006816103,IISC
2026-01-19 14:47:00,-32.683050885256826,IISC
2026-01-19 14:47:30,-32.105525859005105,IISC
2026-01-19 14:48:00,-31.54492464187736,IISC
2026-01-19 14:48:30,-30.66065556294005,IISC
2026-01-19 14:49:00,-32.397461591020914,IISC
2026-01-19 14:49:30,-33.71434557245894,IISC
2026-01-19 14:50:00,-31.936287752003913,IISC
2026-01-19 14:50:30,-26.743851209291254,IISC
2026-01-19 14:51:00,-27.95707685935243,IISC
2026-01-19 14:51:30,-31.302702608767884,IISC
2026-01-19 14:52:00,-34.754313707551916,IISC
2026-01-19 14:52:30,-38.01764742618696,IISC
2026-01-19 14:53:00,-36.03375377662139,IISC
2026-01-19 14:53:30,-38.26801406265643,IISC
2026-01-19 14:54:00,-39.18951553151741,IISC
2026-01-19 14:54:30,-37.41695794439773,IISC
2026-01-19 14:55:00,-34.81333550206748,IISC
2026-01-19 14:55:30,-36.17654842807376,IISC
2026-01-19 14:56:00,-34.769545149948854,IISC
2026-01-19 14:56:30,-37.09709793422305,IISC
2026-01-19 14:57:00,-34.84475032474867,IISC
2026-01-19 14:57:30,-33.73190402811916,IISC
2026-01-19 14:58:00,-35.777675378067116,IISC
2026-01-19 14:58:30,-32.54670843418591,IISC
2026-01-19 14:59:00,-36.52496736924819,IISC
2026-01-19 14:59:30,-33.93181653447833,IISC
2026-01-19 15:00:00,-32.10404502851428,IISC
2026-01-19 15:00:30,-32.731389512333514,IISC
2026-01-19 15:01:00,-34.938994789245854,IISC
2026-01-19 15:01:30,-36.52877523073401,IISC
2026-01-19 15:02:00,-33.89659385740402,IISC
2026-01-19 15:02:30,-34.36781619407539,IISC
2026-01-19 15:03:00,-31.208246602517953,IISC
2026-01-19 15:03:30,-29.82980224120741,IISC
2026-01-19 15:04:00,-29.42045758364036,IISC
2026-01-19 15:04:30,-32.03455162643833,IISC
2026-01-19 15:05:00,-32.30490949758516,IISC
2026-01-19 15:05:30,-34.90757997365737,IISC
2026-01-19 15:06:00,-32.62096164982036,IISC
2026-01-19 15:06:30,-34.77144908601128,IISC
2026-01-19 15:07:00,-32.34986336874763,IISC
2026-01-19 15:07:30,-31.554444288696246,IISC
2026-01-19 15:08:00,-29.12905072492022,IISC
2026-01-19 15:08:30,-29.47493109334691,IISC
2026-01-19 15:09:00,-31.932056810558972,IISC
2026-01-19 15:09:30,-30.44381923366558,IISC
2026-01-19 15:10:00,-28.57373819740489,IISC
2026-01-19 15:10:30,-29.921296591992228,IISC
2026-01-19 15:11:00,-30.057744821032195,IISC
2026-01-19 15:11:30,-28.481714989479965,IISC
2026-01-19 15:12:00,-31.59781154982268,IISC
2026-01-19 15:12:30,-25.725646034494925,IISC
2026-01-19 15:13:00,-25.689947370745244,IISC
2026-01-19 15:13:30,-23.238639221169723,IISC
2026-01-19 15:14:00,-21.027702068560334,IISC
2026-01-19 15:14:30,-27.802647092722925,IISC
2026-01-19 15:15:00,-24.98589041882034,IISC
2026-01-19 15:15:30,-24.12912252035108,IISC
2026-01-19 15:16:00,-25.28840353006098,IISC
2026-01-19 15:16:30,-24.164027878885722,IISC
2026-01-19 15:17:00,-22.285484936092857,IISC
2026-01-19 15:17:30,-26.296427974299615,IISC
2026-01-19 15:18:00,-28.593835223448608,IISC
2026-01-19 15:18:30,-26.238252388563016,IISC
2026-01-19 15:19:00,-27.749760180837217,IISC
2026-01-19 15:19:30,-26.136709518057692,IISC
2026-01-19 15:20:00,-26.051032728210764,IISC
2026-01-19 15:20:30,-25.53591424884249,IISC
2026-01-19 15:21:00,-25.288403526120604,IISC
2026-01-19 15:21:30,-26.803084555016476,IISC
2026-01-19 15:22:00,-24.938292196547053,IISC
2026-01-19 15:22:30,-23.4542855808005,IISC
2026-01-19 15:23:00,-21.84335038677325,IISC
2026-01-19 15:23:30,-22.592228992718823,IISC
2026-01-19 15:24:00,-25.553895794312794,IISC
2026-01-19 15:24:30,-26.703657169024957,IISC
2026-01-19 15:25:00,-28.78528583312656,IISC
2026-01-19 15:25:30,-25.49043151108301,IISC
2026-01-19 15:26:00,-25.184745186862997,IISC
2026-01-19 15:26:30,-27.76033756794282,IISC
2026-01-19 15:27:00,-26.933186338395785,IISC
2026-01-19 15:27:30,-27.678891735302365,IISC
2026-01-19 15:28:00,-28.685858439254282,IISC
2026-01-19 15:28:30,-26.38104702385983,IISC
2026-01-19 15:29:00,-25.72842258698602,IISC
2026-01-19 15:29:30,-25.342348166471876,IISC
2026-01-19 15:30:00,-24.651645154143665,IISC
2026-01-19 15:30:30,-24.40942312497457,IISC
2026-01-19 15:31:00,-27.871400061624744,IISC
2026-01-19 15:31:30,-24.93406124722135,IISC
2026-01-19 15:32:00,-22.706464719082028,IISC
2026-01-19 15:32:30,-22.13528612272944,IISC
2026-01-19 15:33:00,-25.968529159223973,IISC
2026-01-19 15:33:30,-27.578406609024128,IISC
2026-01-19 15:34:00,-19.96388192960282,IISC
2026-01-19 15:34:30,-17.800542992371053,IISC
2026-01-19 15:35:00,-23.454285592621645,IISC
2026-01-19 15:35:30,-25.40687020180951,IISC
2026-01-19 15:36:00,-27.243103615881893,IISC
2026-01-19 15:36:30,-24.721455886974482,IISC
2026-01-19 15:37:00,-20.37203662934732,IISC
2026-01-19 15:37:30,-18.04805372297371,IISC
2026-01-19 15:38:00,-20.909896483505904,IISC
2026-01-19 15:38:30,-20.238761632496082,IISC
2026-01-19 15:39:00,-21.553662362225115,IISC
2026-01-19 15:39:30,-21.739295410177107,IISC
2026-01-19 15:40:00,-16.878327541723852,IISC
2026-01-19 15:40:30,-17.604200355046604,IISC
2026-01-19 15:41:00,-18.386001057474328,IISC
2026-01-19 15:41:30,-17.122268403291784,IISC
2026-01-19 15:42:00,-17.21032510927636,IISC
2026-01-19 15:42:30,-16.695074422715752,IISC
2026-01-19 15:43:00,-20.684994907202437,IISC
2026-01-19 15:43:30,-22.02488471130869,IISC
2026-01-19 15:44:00,-21.548902544233698,IISC
2026-01-19 15:44:30,-23.267198160148734,IISC
2026-01-19 15:45:00,-20.65286611248748,IISC
2026-01-19 15:45:30,-19.373664050941063,IISC
2026-01-19 15:46:00,-20.486272354232884,IISC
2026-01-19 15:46:30,-17.603010401656977,IISC
2026-01-19 15:47:00,-18.733468045689502,IISC
2026-01-19 15:47:30,-19.127343278160954,IISC
2026-01-19 15:48:00,-18.48238743275333,IISC
2026-01-19 15:48:30,-22.24529088400541,IISC
2026-01-19 15:49:00,-19.32276040603332,IISC
2026-01-19 15:49:30,-18.203673440530096,IISC
2026-01-19 15:50:00,-21.043700353455783,IISC
2026-01-19 15:50:30,-22.345776014224025,IISC
2026-01-19 15:51:00,-23.18456236722299,IISC
2026-01-19 15:51:30,-22.302408753097588,IISC
2026-01-19 15:52:00,-20.635413434205255,IISC
2026-01-19 15:52:30,-23.87526536773005,IISC
2026-01-19 15:53:00,-23.479671296456644,IISC
2026-01-19 15:53:30,-20.948503928611114,IISC
2026-01-19 15:54:00,-19.995481872891233,IISC
2026-01-19 15:54:30,-17.979432956831296,IISC
2026-01-19 15:55:00,-19.377762774850158,IISC
2026-01-19 15:55:30,-20.83003724898182,IISC
2026-01-19 15:56:00,-23.29456712455858,IISC
2026-01-19 15:56:30,-21.756615868460756,IISC
2026-01-19 15:57:00,-22.172306950016363,IISC
2026-01-19 15:57:30,-23.476498087417653,IISC
2026-01-19 15:58:00,-21.86344742069774,IISC
2026-01-19 15:58:30,-20.394249141382492,IISC
2026-01-19 15:59:00,-21.11245333023836,IISC
2026-01-19 15:59:30,-22.37645041949258,IISC
2026-01-19 16:00:00,-21.015141428760653,IISC
2026-01-19 16:00:30,-18.829854421461054,IISC
2026-01-19 16:01:00,-23.18350463087666,IISC
2026-01-19 16:01:30,-26.456146438422294,IISC
2026-01-19 16:02:00,-24.17156426118938,IISC
2026-01-19 16:02:30,-23.721761113015372,IISC
2026-01-19 16:03:00,-24.023499816407703,IISC
2026-01-19 16:03:30,-26.275405418116804,IISC
2026-01-19 16:04:00,-27.01317778306749,IISC
2026-01-19 16:04:30,-24.41431516493476,IISC
2026-01-19 16:05:00,-22.81977492318691,IISC
2026-01-19 16:05:30,-22.4901572712795,IISC
2026-01-19 16:06:00,-24.94741518780313,IISC
2026-01-19 16:06:30,-22.39548970524959,IISC
2026-01-19 16:07:00,-19.841052082619438,IISC
2026-01-19 16:07:30,-21.638149196712227,IISC
2026-01-19 16:08:00,-23.233218314021467,IISC
2026-01-19 16:08:30,-23.825287244095545,IISC
2026-01-19 16:09:00,-21.790463476857735,IISC
2026-01-19 16:09:30,-21.84639139256029,IISC
2026-01-19 16:10:00,-22.193858376342533,IISC
2026-01-19 16:10:30,-24.589238605782576,IISC
2026-01-19 16:11:00,-26.21114783755275,IISC
2026-01-19 16:11:30,-27.03472920102034,IISC
2026-01-19 16:12:00,-19.08331493181806,IISC
2026-01-19 16:12:30,-19.070225417934637,IISC
2026-01-19 16:13:00,-20.40416543292813,IISC
2026-01-19 16:13:30,-18.301514220524474,IISC
2026-01-19 16:14:00,-17.159157024864015,IISC
2026-01-19 16:14:30,-15.829976832294868,IISC
2026-01-19 16:15:00,-19.25585845702077,IISC
2026-01-19 16:15:30,-21.570151734070173,IISC
2026-01-19 16:16:00,-19.372474103250916,IISC
2026-01-19 16:16:30,-19.04608632546291,IISC
2026-01-19 16:17:00,-22.892022205994177,IISC
2026-01-19 16:17:30,-21.79318339311765,IISC
2026-01-19 16:18:00,-22.16988926074701,IISC
2026-01-19 16:18:30,-20.11500626972786,IISC
2026-01-19 16:19:00,-18.746897527890678,IISC
2026-01-19 16:19:30,-19.46495062281245,IISC
2026-01-19 16:20:00,-19.52750828896102,IISC
2026-01-19 16:20:30,-22.82266480619062,IISC
2026-01-19 16:21:00,-25.99100609253949,IISC
2026-01-19 16:21:30,-21.5402328654586,IISC
2026-01-19 16:22:00,-24.26421077789194,IISC
2026-01-19 16:22:30,-23.841266640349406,IISC
2026-01-19 16:23:00,-22.99469835516886,IISC
2026-01-19 16:23:30,-17.768414202089026,IISC
2026-01-19 16:24:00,-19.39627320524025,IISC
2026-01-19 16:24:30,-21.308531542834633,IISC
2026-01-19 16:25:00,-21.421577309897646,IISC
2026-01-19 16:25:30,-19.817177429019036,IISC
2026-01-19 16:26:00,-17.597740589709375,IISC
2026-01-19 16:26:30,-20.42099481108748,IISC
2026-01-19 16:27:00,-21.179846363667412,IISC
2026-01-19 16:27:30,-19.958612137286764,IISC
2026-01-19 16:28:00,-22.469078063385442,IISC
2026-01-19 16:28:30,-22.742427817340477,IISC
2026-01-19 16:29:00,-23.468640592648224,IISC
2026-01-19 16:29:30,-21.428717041001057,IISC
2026-01-19 16:30:00,-21.704786698550496,IISC
2026-01-19 16:30:30,-19.83213687852344,IISC
2026-01-19 16:31:00,-21.272322903493766,IISC
2026-01-19 16:31:30,-22.834054381594086,IISC
2026-01-19 16:32:00,-20.387506058875843,IISC
2026-01-19 16:32:30,-18.246776280376192,IISC
2026-01-19 16:33:00,-18.70490910227755,IISC
2026-01-19 16:33:30,-23.788398618090383,IISC
2026-01-19 16:34:00,-24.947415192236065,IISC
2026-01-19 16:34:30,-22.853093666858552,IISC
2026-01-19 16:35:00,-23.638464242753933,IISC
2026-01-19 16:35:30,-21.226424625962817,IISC
2026-01-19 16:36:00,-17.713676257507814,IISC
2026-01-19 16:36:30,-21.040791573577895,IISC
2026-01-19 16:37:00,-20.43051443820446,IISC
2026-01-19 16:37:30,-16.98712346891974,IISC
2026-01-19 16:38:00,-18.043803882473313,IISC
2026-01-19 16:38:30,-19.492149613160638,IISC
2026-01-19 16:39:00,-22.95457986201034,IISC
2026-01-19 16:39:30,-24.264210782958145,IISC
2026-01-19 16:40:00,-25.04074169370308,IISC
2026-01-19 16:40:30,-23.91742379913897,IISC
2026-01-19 16:41:00,-16.886487253773616,IISC
2026-01-19 16:41:30,-18.269555419784172,IISC
2026-01-19 16:42:00,-26.187178733356188,IISC
2026-01-19 16:42:30,-24.22205237856898,IISC
2026-01-19 16:43:00,-22.324923456589516,IISC
2026-01-19 16:43:30,-18.77953630009665,IISC
2026-01-19 16:44:00,-20.74194278168668,IISC
2026-01-19 16:44:30,-22.463638266329042,IISC
2026-01-19 16:45:00,-27.379854042922467,IISC
2026-01-19 16:45:30,-24.060218433872873,IISC
2026-01-19 16:46:00,-19.56422690642619,IISC
2026-01-19 16:46:30,-19.04744626206149,IISC
2026-01-19 16:47:00,-20.503951698465823,IISC
2026-01-19 16:47:30,-23.138172994932038,IISC
2026-01-19 16:48:00,-25.402488142225263,IISC
2026-01-19 16:48:30,-26.740678000252263,IISC
2026-01-19 16:49:00,-25.247453951448964,IISC
2026-01-19 16:49:30,-19.48806976790144,IISC
2026-01-19 16:50:00,-20.18878351033922,IISC
2026-01-19 16:50:30,-23.69677205193694,IISC
2026-01-19 16:51:00,-22.03083447382387,IISC
2026-01-19 16:51:30,-16.76409182127122,IISC
2026-01-19 16:52:00,-14.513376160286231,IISC
2026-01-19 16:52:30,-15.871965264874023,IISC
2026-01-19 16:53:00,-10.258095614588607,IISC
2026-01-19 16:53:30,-13.774923828936076,IISC
2026-01-19 16:54:00,-17.444066355796476,IISC
2026-01-19 16:54:30,-16.45674335217887,IISC
2026-01-19 16:55:00,-20.321718517341328,IISC
2026-01-19 16:55:30,-17.286085609547836,IISC
2026-01-19 16:56:00,-16.158007869339272,IISC
2026-01-19 16:56:30,-18.074629391526923,IISC
2026-01-19 16:57:00,-19.386753557436265,IISC
2026-01-19 16:57:30,-23.14089288332783,IISC
2026-01-19 16:58:00,-24.00310057491311,IISC
2026-01-19 16:58:30,-27.968711975486514,IISC
2026-01-19 16:59:00,-24.16221461601481,IISC
2026-01-19 16:59:30,-20.641306546275736,IISC
2026-01-19 17:00:00,-25.285362526736684,IISC
2026-01-19 17:00:30,-21.780943836441967,IISC
2026-01-19 17:01:00,-27.865185855172026,IISC
2026-01-19 17:01:30,-28.40525562086865,IISC
2026-01-19 17:02:00,-27.84767651377959,IISC
2026-01-19 17:02:30,-18.06193652581809,IISC
2026-01-19 17:03:00,-16.940205233240377,IISC
2026-01-19 17:03:30,-15.640773933039869,IISC
2026-01-19 17:04:00,-17.93659456781841,IISC
2026-01-19 17:04:30,-18.214250825665506,IISC
2026-01-19 17:05:00,-17.869957065698685,IISC
2026-01-19 17:05:30,-20.731063187573888,IISC
2026-01-19 17:06:00,-20.006210343798525,IISC
2026-01-19 17:06:30,-16.796730602343054,IISC
2026-01-19 17:07:00,-19.15488223619363,IISC
2026-01-19 17:07:30,-20.571949146472186,IISC
2026-01-19 17:08:00,-24.03709930398249,IISC
2026-01-19 17:08:30,-22.43507932418365,IISC
2026-01-19 17:09:00,-21.533433121671205,IISC
2026-01-19 17:09:30,-20.80314048083944,IISC
2026-01-19 17:10:00,-23.945982715953342,IISC
2026-01-19 17:10:30,-24.92480603793688,IISC
2026-01-19 17:11:00,-27.747380274550526,IISC
2026-01-19 17:11:30,-26.524106115407864,IISC
2026-01-19 17:12:00,-21.772614153848753,IISC
2026-01-19 17:12:30,-17.83267178265308,IISC
2026-01-19 17:13:00,-17.052061042480833,IISC
2026-01-19 17:13:30,-19.207920260026608,IISC
2026-01-19 17:14:00,-19.29495700279656,IISC
2026-01-19 17:14:30,-19.26503811898637,IISC
2026-01-19 17:15:00,-21.345760153622717,IISC
2026-01-19 17:15:30,-27.010797876288247,IISC
2026-01-19 17:16:00,-27.729530938242753,IISC
2026-01-19 17:16:30,-27.38087400107089,IISC
2026-01-19 17:17:00,-28.253111325128295,IISC
2026-01-19 17:17:30,-29.000403317195968,IISC
2026-01-19 17:18:00,-28.963514700056663,IISC
2026-01-19 17:18:30,-28.78621134799667,IISC
2026-01-19 17:19:00,-28.2459715959247,IISC
2026-01-19 17:19:30,-25.728025945707095,IISC
2026-01-19 17:20:00,-21.745245190424008,IISC
2026-01-19 17:20:30,-22.4437490092915,IISC
2026-01-19 17:21:00,-21.174066592593775,IISC
2026-01-19 17:21:30,-23.13273319660909,IISC
2026-01-19 17:22:00,-25.1723167641066,IISC
2026-01-19 17:22:30,-26.49197732069291,IISC
2026-01-19 17:23:00,-26.209957893028985,IISC
2026-01-19 17:23:30,-26.850153898280546,IISC
2026-01-19 17:24:00,-25.75777482920988,IISC
2026-01-19 17:24:30,-24.83198950952795,IISC
2026-01-19 17:25:00,-25.58523128627545,IISC
2026-01-19 17:25:30,-26.397970830028505,IISC
2026-01-19 17:26:00,-28.101986983103433,IISC
2026-01-19 17:26:30,-28.854038810894235,IISC
2026-01-19 17:27:00,-25.375799135067574,IISC
2026-01-19 17:27:30,-26.0421741725189,IISC
2026-01-19 17:28:00,-23.935953095513455,IISC
2026-01-19 17:28:30,-23.694392140724766,IISC
2026-01-19 17:29:00,-24.62323733801833,IISC
2026-01-19 17:29:30,-27.0113078607453,IISC
2026-01-19 17:30:00,-26.834514481743405,IISC
2026-01-19 17:30:30,-29.854961313485592,IISC
2026-01-19 17:31:00,-28.79284109274321,IISC
2026-01-19 17:31:30,-25.97502668868632,IISC
2026-01-19 17:32:00,-23.79366842877144,IISC
2026-01-19 17:32:30,-24.672195501393503,IISC
2026-01-19 17:33:00,-23.89974445617258,IISC
2026-01-19 17:33:30,-24.303649319216333,IISC
2026-01-19 17:34:00,-28.93019596081794,IISC
2026-01-19 17:34:30,-27.732080838996648,IISC
2026-01-19 17:35:00,-25.886629999185374,IISC
2026-01-19 17:35:30,-27.356734913032085,IISC
2026-01-19 17:36:00,-27.420652515779246,IISC
2026-01-19 17:36:30,-26.055263672470264,IISC
2026-01-19 17:37:00,-26.169499385323583,IISC
2026-01-19 17:37:30,-31.250269015273734,IISC
2026-01-19 17:38:00,-32.55310019750035,IISC
2026-01-19 17:38:30,-30.918441450561737,IISC
2026-01-19 17:39:00,-28.81460028603501,IISC
2026-01-19 17:39:30,-27.57160685623015,IISC
2026-01-19 17:40:00,-27.95375254624693,IISC
2026-01-19 17:40:30,-29.850881453027778,IISC
2026-01-19 17:41:00,-27.57568669642314,IISC
2026-01-19 17:41:30,-25.514003956550393,IISC
2026-01-19 17:42:00,-26.573404263565955,IISC
2026-01-19 17:42:30,-30.19222867018778,IISC
2026-01-19 17:43:00,-26.214377713571974,IISC
2026-01-19 17:43:30,-26.782836424906236,IISC
2026-01-19 17:44:00,-26.38981114077667,IISC
2026-01-19 17:44:30,-26.68492008295729,IISC
2026-01-19 17:45:00,-29.690407465195076,IISC
2026-01-19 17:45:30,-30.834124611386187,IISC
2026-01-19 17:46:00,-31.775209355223033,IISC
2026-01-19 17:46:30,-27.302336952600523,IISC
2026-01-19 17:47:00,-25.8431116278004,IISC
2026-01-19 17:47:30,-25.231134560279767,IISC
2026-01-19 17:48:00,-26.233416998203154,IISC
2026-01-19 17:48:30,-25.12505853287863,IISC
2026-01-19 17:49:00,-26.41837008292206,IISC
2026-01-19 17:49:30,-25.953267515659345,IISC
2026-01-19 17:50:00,-26.76107723668065,IISC
2026-01-19 17:50:30,-26.480927738938224,IISC
2026-01-19 17:51:00,-33.313311712009885,IISC
2026-01-19 17:51:30,-33.54858289670255,IISC
2026-01-19 17:52:00,-29.577531688940333,IISC
2026-01-19 17:52:30,-26.88619255884538,IISC
2026-01-19 17:53:00,-24.171734268462817,IISC
2026-01-19 17:53:30,-24.01941996101609,IISC
2026-01-19 17:54:00,-27.37985404798867,IISC
2026-01-19 17:54:30,-31.953362665757304,IISC
2026-01-19 17:55:00,-31.79152873119361,IISC
2026-01-19 17:55:30,-29.531293434225777,IISC
2026-01-19 17:56:00,-29.55033271379076,IISC
2026-01-19 17:56:30,-30.73484833283865,IISC
2026-01-19 17:57:00,-28.322298728424098,IISC
2026-01-19 17:57:30,-26.641401716638516,IISC
2026-01-19 17:58:00,-28.342697969918692,IISC
2026-01-19 17:58:30,-31.635134588620097,IISC
2026-01-19 17:59:00,-30.76884706190803,IISC
2026-01-19 17:59:30,-29.89031997915356,IISC
2026-01-19 18:00:00,-33.132438482682595,IISC
2026-01-19 18:00:30,-35.71770161070744,IISC
2026-01-19 18:01:00,-31.50185958606938,IISC
2026-01-19 18:01:30,-31.466500905202796,IISC
2026-01-19 18:02:00,-29.725766146061662,IISC
2026-01-19 18:02:30,-30.63557205429111,IISC
2026-01-19 18:03:00,-29.385778880698858,IISC
2026-01-19 18:03:30,-31.41210295490364,IISC
2026-01-19 18:04:00,-30.462858520548405,IISC
2026-01-19 18:04:30,-32.52998105747756,IISC
2026-01-19 18:05:00,-31.68681265558967,IISC
2026-01-19 18:05:30,-29.04035182841207,IISC
2026-01-19 18:06:00,-29.743445473829436,IISC
2026-01-19 18:06:30,-28.176784174897183,IISC
2026-01-19 18:07:00,-28.146865311351814,IISC
2026-01-19 18:07:30,-28.745242881165247,IISC
2026-01-19 18:08:00,-26.14638027063182,IISC
2026-01-19 18:08:30,-25.029862094524077,IISC
2026-01-19 18:09:00,-25.637759326917923,IISC
2026-01-19 18:09:30,-24.39204600871728,IISC
2026-01-19 18:10:00,-24.718433776372883,IISC
2026-01-19 18:10:30,-29.408898020721647,IISC
2026-01-19 18:11:00,-31.01499783564728,IISC
2026-01-19 18:11:30,-32.25119151153233,IISC
2026-01-19 18:12:00,-27.626004826794127,IISC
2026-01-19 18:12:30,-28.080227810076455,IISC
2026-01-19 18:13:00,-25.629599631333328,IISC
2026-01-19 18:13:30,-27.001788218429706,IISC
2026-01-19 18:14:00,-25.3548899306473,IISC
2026-01-19 18:14:30,-25.754714943365652,IISC
2026-01-19 18:15:00,-21.82582216025742,IISC
2026-01-19 18:15:30,-26.58972365473515,IISC
2026-01-19 18:16:00,-27.426092307769437,IISC
2026-01-19 18:16:30,-27.903434436140767,IISC
2026-01-19 18:17:00,-27.246579035305547,IISC
2026-01-19 18:17:30,-30.01135542566187,IISC
2026-01-19 18:18:00,-34.31514083773375,IISC
2026-01-19 18:18:30,-31.237122839054106,IISC
2026-01-19 18:19:00,-32.09389073358299,IISC
2026-01-19 18:19:30,-30.72782193126275,IISC
2026-01-19 18:20:00,-29.206265602324397,IISC
2026-01-19 18:20:30,-31.14668622776793,IISC
2026-01-19 18:21:00,-35.679623053266205,IISC
2026-01-19 18:21:30,-36.254881496566725,IISC
2026-01-19 18:22:00,-32.973324451713296,IISC
2026-01-19 18:22:30,-31.49913969260739,IISC
2026-01-19 18:23:00,-34.99420871872927,IISC
2026-01-19 18:23:30,-36.513271811149764,IISC
2026-01-19 18:24:00,-34.63382222707049,IISC
2026-01-19 18:24:30,-37.48971521558837,IISC
2026-01-19 18:25:00,-39.45620153230518,IISC
2026-01-19 18:25:30,-35.75170034484302,IISC
2026-01-19 18:26:00,-37.36052006336305,IISC
2026-01-19 18:26:30,-34.8024559206202,IISC
2026-01-19 18:27:00,-31.369944535315863,IISC
2026-01-19 18:27:30,-28.135985717239016,IISC
2026-01-19 18:28:00,-35.60754573298089,IISC
2026-01-19 18:28:30,-38.79526630647559,IISC
2026-01-19 18:29:00,-41.942188381782486,IISC
2026-01-19 18:29:30,-33.645592595676355,IISC
2026-01-19 18:30:00,-33.22831489186953,IISC
2026-01-19 18:30:30,-38.86734360987355,IISC
2026-01-19 18:31:00,-41.45804652988858,IISC
2026-01-19 18:31:30,-39.13797346023417,IISC
2026-01-19 18:32:00,-37.54547313288334,IISC
2026-01-19 18:32:30,-38.80342598686157,IISC
2026-01-19 18:33:00,-37.27620321912131,IISC
2026-01-19 18:33:30,-38.11121193049079,IISC
2026-01-19 18:34:00,-37.878660644326324,IISC
2026-01-19 18:34:30,-33.72492295168377,IISC
2026-01-19 18:35:00,-39.15701273979916,IISC
2026-01-19 18:35:30,-42.50203405409103,IISC
2026-01-19 18:36:00,-37.75490528915741,IISC
2026-01-19 18:36:30,-40.03417987582264,IISC
2026-01-19 18:37:00,-36.556790187600946,IISC
2026-01-19 18:37:30,-35.9529728004663,IISC
2026-01-19 18:38:00,-37.466596090764185,IISC
2026-01-19 18:38:30,-33.55266274196175,IISC
2026-01-19 18:39:00,-34.33055359437148,IISC
2026-01-19 18:39:30,-39.12981375451717,IISC
2026-01-19 18:40:00,-42.004746037798654,IISC
2026-01-19 18:40:30,-42.24681695614629,IISC
2026-01-19 18:41:00,-38.02825502791383,IISC
2026-01-19 18:41:30,-37.393158835569025,IISC
2026-01-19 18:42:00,-38.08265299341161,IISC
2026-01-19 18:42:30,-39.431722455683804,IISC
2026-01-19 18:43:00,-41.040542164071425,IISC
2026-01-19 18:43:30,-40.374167136119226,IISC
2026-01-19 18:44:00,-32.51094177284637,IISC
2026-01-19 18:44:30,-26.796435902348616,IISC
2026-01-19 18:45:00,-24.99178353032791,IISC
2026-01-19 18:45:30,-23.376164078152897,IISC
2026-01-19 18:46:00,-21.551112454505187,IISC
2026-01-19 18:46:30,-24.655876125422925,IISC
2026-01-19 18:47:00,-26.441489212812446,IISC
2026-01-19 18:47:30,-29.565292158228953,IISC
2026-01-19 18:48:00,-38.07585325975662,IISC
2026-01-19 18:48:30,-38.22544764841033,IISC
2026-01-19 18:49:00,-40.88006816610631,IISC
2026-01-19 18:49:30,-44.505692321581726,IISC
2026-01-19 18:50:00,-42.998868780137435,IISC
2026-01-19 18:50:30,-39.36729487291252,IISC
2026-01-19 18:51:00,-37.22775503007077,IISC
2026-01-19 18:51:30,-35.86287617818488,IISC
2026-01-19 18:52:00,-38.50338724031418,IISC
2026-01-19 18:52:30,-38.15116042524174,IISC
2026-01-19 18:53:00,-36.699414834059674,IISC
2026-01-19 18:53:30,-37.21109564715263,IISC
2026-01-19 18:54:00,-35.47257079701643,IISC
2026-01-19 18:54:30,-40.125296463218504,IISC
2026-01-19 18:55:00,-38.56169504506427,IISC
2026-01-19 18:55:30,-37.025462616932344,IISC
2026-01-19 18:56:00,-35.203640874370066,IISC
2026-01-19 18:56:30,-39.45654151455499,IISC
2026-01-19 18:57:00,-39.05790645965919,IISC
2026-01-19 18:57:30,-38.72352898089453,IISC
2026-01-19 18:58:00,-40.436724782002976,IISC
2026-01-19 18:58:30,-35.818337846118375,IISC
2026-01-19 18:59:00,-39.208690811834934,IISC
2026-01-19 18:59:30,-40.24633192555871,IISC
2026-01-19 19:00:00,-41.47300595912816,IISC
2026-01-19 19:00:30,-41.21189574601692,IISC
2026-01-19 19:01:00,-36.125856316151406,IISC
2026-01-19 19:01:30,-34.28142543702166,IISC
2026-01-19 19:02:00,-30.243906719425635,IISC
2026-01-19 19:02:30,-35.34048574468896,IISC
2026-01-19 19:03:00,-40.18360427240152,IISC
2026-01-19 19:03:30,-33.206895704258756,IISC
2026-01-19 19:04:00,-34.0029758695266,IISC
2026-01-19 19:04:30,-35.34643552936879,IISC
2026-01-19 19:05:00,-33.54484303432645,IISC
2026-01-19 19:05:30,-32.71425415426562,IISC
2026-01-19 19:06:00,-32.83562960835477,IISC
2026-01-19 19:06:30,-31.11495408122756,IISC
2026-01-19 19:07:00,-30.95906993007714,IISC
2026-01-19 19:07:30,-33.368729644521935,IISC
2026-01-19 19:08:00,-34.20883816499853,IISC
2026-01-19 19:08:30,-32.81540036970069,IISC
2026-01-19 19:09:00,-38.6604613404213,IISC
2026-01-19 19:09:30,-40.560820139686534,IISC
2026-01-19 19:10:00,-40.68814536958966,IISC
2026-01-19 19:10:30,-36.77557197955045,IISC
2026-01-19 19:11:00,-33.60196090341862,IISC
2026-01-19 19:11:30,-34.02201516365692,IISC
2026-01-19 19:12:00,-37.96076756816419,IISC
2026-01-19 19:12:30,-37.637099696503675,IISC
2026-01-19 19:13:00,-36.85172911617537,IISC
2026-01-19 19:13:30,-37.78890400809439,IISC
2026-01-19 19:14:00,-35.224040121564144,IISC
2026-01-19 19:14:30,-36.04680928702364,IISC
2026-01-19 19:15:00,-37.25444403596191,IISC
2026-01-19 19:15:30,-38.347843061914446,IISC
2026-01-19 19:16:00,-41.28397304941489,IISC
2026-01-19 19:16:30,-38.9746095805319,IISC
2026-01-19 19:17:00,-29.540643078133794,IISC
2026-01-19 19:17:30,-23.94666269375177,IISC
2026-01-19 19:18:00,-27.91278407498257,IISC
2026-01-19 19:18:30,-33.59754106514392,IISC
2026-01-19 19:19:00,-37.33468102987826,IISC
2026-01-19 19:19:30,-35.64290441384748,IISC
2026-01-19 19:20:00,-34.00824567704127,IISC
2026-01-19 19:20:30,-36.122966430614596,IISC
2026-01-19 19:21:00,-37.81338308471577,IISC
2026-01-19 19:21:30,-37.352360362712254,IISC
2026-01-19 19:22:00,-36.02233019520365,IISC
2026-01-19 19:22:30,-40.98614420363986,IISC
2026-01-19 19:23:00,-38.2771257204461,IISC
2026-01-19 19:23:30,-38.87822318372154,IISC
2026-01-19 19:24:00,-37.84874175544994,IISC
2026-01-19 19:24:30,-36.98789402579427,IISC
2026-01-19 19:25:00,-37.726346357144436,IISC
2026-01-19 19:25:30,-39.32700637501366,IISC
2026-01-19 19:26:00,-39.09173518018859,IISC
2026-01-19 19:26:30,-41.37916947763703,IISC
2026-01-19 19:27:00,-39.23180993665911,IISC
2026-01-19 19:27:30,-34.947970469080914,IISC
2026-01-19 19:28:00,-32.45382391388661,IISC
2026-01-19 19:28:30,-35.91897406126451,IISC
2026-01-19 19:29:00,-36.41127562394161,IISC
2026-01-19 19:29:30,-40.216413046814715,IISC
2026-01-19 19:30:00,-39.660193881390455,IISC
2026-01-19 19:30:30,-35.78161922358701,IISC
2026-01-19 19:31:00,-31.90984430450474,IISC
2026-01-19 19:31:30,-34.81197554267097,IISC
2026-01-19 19:32:00,-35.149242919637985,IISC
2026-01-19 19:32:30,-30.26430596345333,IISC
2026-01-19 19:33:00,-32.229432323306746,IISC
2026-01-19 19:33:30,-35.24035950260093,IISC
2026-01-19 19:34:00,-36.80022106281199,IISC
2026-01-19 19:34:30,-33.08756016456662,IISC
2026-01-19 19:35:00,-32.989643842882494,IISC
2026-01-19 19:35:30,-32.95700506561031,IISC
2026-01-19 19:36:00,-33.025002513616656,IISC
2026-01-19 19:36:30,-32.86180861712335,IISC
2026-01-19 19:37:00,-32.99100377948107,IISC
2026-01-19 19:37:30,-34.87181331535755,IISC
2026-01-19 19:38:00,-35.19820108807936,IISC
2026-01-19 19:38:30,-35.86865595115834,IISC
2026-01-19 19:39:00,-36.29567996435729,IISC
2026-01-19 19:39:30,-32.05127900264005,IISC
2026-01-19 19:40:00,-33.749855352325824,IISC
2026-01-19 19:40:30,-34.69230003782745,IISC
2026-01-19 19:41:00,-38.20776830544393,IISC
2026-01-19 19:41:30,-32.66189611836348,IISC
2026-01-19 19:42:00,-33.39218874906283,IISC
2026-01-19 19:42:30,-31.221710088326954,IISC
2026-01-19 19:43:00,-35.75714014696562,IISC
2026-01-19 19:43:30,-38.271685923389704,IISC
2026-01-19 19:44:00,-36.00737076596406,IISC
2026-01-19 19:44:30,-39.93082374694969,IISC
2026-01-19 19:45:00,-40.069538546556814,IISC
2026-01-19 19:45:30,-39.2753283131103,IISC
2026-01-19 19:46:00,-35.377714370675655,IISC
2026-01-19 19:46:30,-33.1351583964094,IISC
2026-01-19 19:47:00,-27.476410428008016,IISC
2026-01-19 19:47:30,-29.453776318572807,IISC
2026-01-19 19:48:00,-35.21996026110633,IISC
2026-01-19 19:48:30,-35.74762048438521,IISC
2026-01-19 19:49:00,-34.14288063138919,IISC
2026-01-19 19:49:30,-34.86773345996594,IISC
2026-01-19 19:50:00,-31.213323735798223,IISC
2026-01-19 19:50:30,-29.517240626007787,IISC
2026-01-19 19:51:00,-28.711244158850807,IISC
2026-01-19 19:51:30,-29.771097780599003,IISC
2026-01-19 19:52:00,-32.082784496035934,IISC
2026-01-19 19:52:30,-30.689743357778543,IISC
2026-01-19 19:53:00,-26.60422977515267,IISC
2026-01-19 19:53:30,-25.874390454964114,IISC
2026-01-19 19:54:00,-25.61101366143477,IISC
2026-01-19 19:54:30,-25.849004729457018,IISC
2026-01-19 19:55:00,-24.81612344364599,IISC
2026-01-19 19:55:30,-25.250853820809557,IISC
2026-01-19 19:56:00,-28.33204504034934,IISC
2026-01-19 19:56:30,-28.0607352064908,IISC
2026-01-19 19:57:00,-25.20642882333679,IISC
2026-01-19 19:57:30,-25.565002053531938,IISC
2026-01-19 19:58:00,-24.58765200274072,IISC
2026-01-19 19:58:30,-22.37433494482973,IISC
2026-01-19 19:59:00,-22.902675154139615,IISC
2026-01-19 19:59:30,-27.865582501868968,IISC
2026-01-19 20:00:00,-29.713979917417394,IISC
2026-01-19 20:00:30,-29.001593276496155,IISC
2026-01-19 20:01:00,-35.17780185165097,IISC
2026-01-19 20:01:30,-27.303696884132904,IISC
2026-01-19 20:02:00,-25.984546336068117,IISC
2026-01-19 20:02:30,-25.22161492303038,IISC
2026-01-19 20:03:00,-30.74708788381485,IISC
2026-01-19 20:03:30,-32.32462876672749,IISC
2026-01-19 20:04:00,-35.550427884153535,IISC
2026-01-19 20:04:30,-34.33191355630108,IISC
2026-01-19 20:05:00,-32.47286319851779,IISC
2026-01-19 20:05:30,-24.893867195133907,IISC
2026-01-19 20:06:00,-22.651991208587393,IISC
2026-01-19 20:06:30,-20.987640230560896,IISC
2026-01-19 20:07:00,-21.055864337200116,IISC
2026-01-19 20:07:30,-23.36596445402813,IISC
2026-01-19 20:08:00,-23.96411537449674,IISC
2026-01-19 20:08:30,-23.19937068986296,IISC
2026-01-19 20:09:00,-23.385003743725523,IISC
2026-01-19 20:09:30,-25.3603297277037,IISC
2026-01-19 20:10:00,-24.289369850676735,IISC
2026-01-19 20:10:30,-24.160854654085202,IISC
2026-01-19 20:11:00,-21.859820884260596,IISC
2026-01-19 20:11:30,-22.88386252054199,IISC
2026-01-19 20:12:00,-22.94370028309616,IISC
2026-01-19 20:12:30,-23.090574773221668,IISC
2026-01-19 20:13:00,-22.248766323130976,IISC
2026-01-19 20:13:30,-21.968616815256148,IISC
2026-01-19 20:14:00,-21.247843831938585,IISC
2026-01-19 20:14:30,-23.184411259779008,IISC
2026-01-19 20:15:00,-22.666270673749523,IISC
2026-01-19 20:15:30,-17.0605607190487,IISC
2026-01-19 20:16:00,-11.095824234618709,IISC
2026-01-19 20:16:30,-12.885517157135013,IISC
2026-01-19 20:17:00,-12.12122580243248,IISC
2026-01-19 20:17:30,-21.34145364128698,IISC
2026-01-19 20:18:00,-19.746913398061483,IISC
2026-01-19 20:18:30,-16.805343618570856,IISC
2026-01-19 20:19:00,-14.095418489024484,IISC
2026-01-19 20:19:30,-18.598663080901765,IISC
2026-01-19 20:20:00,-23.3421653389511,IISC
2026-01-19 20:20:30,-15.309173026960737,IISC
2026-01-19 20:21:00,-13.159320238488187,IISC
2026-01-19 20:21:30,-14.089072065035927,IISC
2026-01-19 20:22:00,-14.553947969443938,IISC
2026-01-19 20:22:30,-15.529711427536803,IISC
2026-01-19 20:23:00,-13.64006222946517,IISC
2026-01-19 20:23:30,-14.476204223866594,IISC
2026-01-19 20:24:00,-11.341068367915918,IISC
2026-01-19 20:24:30,-9.07222005134282,IISC
2026-01-19 20:25:00,-10.089235280137745,IISC
2026-01-19 20:25:30,-10.428769226546075,IISC
2026-01-19 20:26:00,-8.800910211573711,IISC
2026-01-19 20:26:30,-9.253093268004607,IISC
2026-01-19 20:27:00,-7.090774302853322,IISC
2026-01-19 20:27:30,-5.311960959251199,IISC
2026-01-19 20:28:00,-7.52323809791006,IISC
2026-01-19 20:28:30,-6.7363375889083414,IISC
2026-01-19 20:29:00,-10.472797580277186,IISC
2026-01-19 20:29:30,-11.400962789006641,IISC
2026-01-19 20:30:00,-10.47041766019915,IISC
2026-01-19 20:30:30,-12.546889853701826,IISC
2026-01-19 20:31:00,-6.152069481627617,IISC
2026-01-19 20:31:30,-5.204864965469055,IISC
2026-01-19 20:32:00,-8.404655069367728,IISC
2026-01-19 20:32:30,-8.03338899119546,IISC
2026-01-19 20:33:00,-7.9084436547727925,IISC
2026-01-19 20:33:30,-5.670137538738655,IISC
2026-01-19 20:34:00,-4.633686372071755,IISC
2026-01-19 20:34:30,-4.893096663168208,IISC
2026-01-19 20:35:00,-4.858587939509363,IISC
2026-01-19 20:35:30,-6.065202742331452,IISC
2026-01-19 20:36:00,-5.662997800669205,IISC
2026-01-19 20:36:30,-5.923598031856496,IISC
2026-01-19 20:37:00,-4.249330775583138,IISC
2026-01-19 20:37:30,-4.987103122802109,IISC
2026-01-19 20:38:00,-5.109668534713815,IISC
2026-01-19 20:38:30,-6.89103179110207,IISC
2026-01-19 20:39:00,-7.281337163404658,IISC
2026-01-19 20:39:30,-4.816939513244501,IISC
2026-01-19 20:40:00,-4.601557572923871,IISC
2026-01-19 20:40:30,-5.292921671453633,IISC
2026-01-19 20:41:00,-3.9923004045647166,IISC
2026-01-19 20:41:30,-1.4553154690826478,IISC
2026-01-19 20:42:00,0.4033948861860086,IISC
2026-01-19 20:42:30,1.437466131508327,IISC
2026-01-19 20:43:00,2.313273330933215,IISC
2026-01-19 20:43:30,0.21215204466986642,IISC
2026-01-19 20:44:00,1.9392873263686228,IISC
2026-01-19 20:44:30,0.08567678084033961,IISC
2026-01-19 20:45:00,0.5466995129762685,IISC
2026-01-19 20:45:30,1.4741847641721133,IISC
2026-01-19 20:46:00,1.8277715069772928,IISC
2026-01-19 20:46:30,3.94232228684078,IISC
2026-01-19 20:47:00,1.7480444905519614,IISC
2026-01-19 20:47:30,-0.9329250355867298,IISC
2026-01-19 20:48:00,5.501163869271885,IISC
2026-01-19 20:48:30,6.468597615218671,IISC
2026-01-19 20:49:00,5.72963529244543,IISC
2026-01-19 20:49:30,8.259480503156835,IISC
2026-01-19 20:50:00,9.382798400254044,IISC
2026-01-19 20:50:30,7.30632622448309,IISC
2026-01-19 20:51:00,8.63669637044186,IISC
2026-01-19 20:51:30,9.480374755520247,IISC
2026-01-19 20:52:00,11.469980209726753,IISC
2026-01-19 20:52:30,9.06627027109592,IISC
2026-01-19 20:53:00,8.64978588432528,IISC
2026-01-19 20:53:30,9.144807345530593,IISC
2026-01-19 20:54:00,7.986980720341605,IISC
2026-01-19 20:54:30,8.769971371726022,IISC
2026-01-19 20:55:00,6.546341359318372,IISC
2026-01-19 20:55:30,8.400133231415204,IISC
2026-01-19 20:56:00,2.807342803082563,IISC
2026-01-19 20:56:30,5.667043654606124,IISC
2026-01-19 20:57:00,2.9777444228229846,IISC
2026-01-19 20:57:30,3.384233188708597,IISC
2026-01-19 20:58:00,2.2371161741701315,IISC
2026-01-19 20:58:30,4.492319671779613,IISC
2026-01-19 20:59:00,5.912756223963102,IISC
2026-01-19 20:59:30,2.645508858386452,IISC
2026-01-19 21:00:00,4.805515928787036,IISC
2026-01-19 21:00:30,1.2746802271402422,IISC
2026-01-19 21:01:00,-0.011423570272091687,IISC
2026-01-19 21:01:30,0.2893971502051996,IISC
2026-01-19 21:02:00,3.7240844654777425,IISC
2026-01-19 21:02:30,7.706680109314991,IISC
2026-01-19 21:03:00,9.022506366227825,IISC
2026-01-19 21:03:30,7.77437535369162,IISC
2026-01-19 21:04:00,9.131453387217086,IISC
2026-01-19 21:04:30,8.15410334430663,IISC
2026-01-19 21:05:00,8.979139097220623,IISC
2026-01-19 21:05:30,8.03775215707191,IISC
2026-01-19 21:06:00,10.150055226442076,IISC
2026-01-19 21:06:30,8.424884309992004,IISC
2026-01-19 21:07:00,4.557793659189916,IISC
2026-01-19 21:07:30,2.0710512809363903,IISC
2026-01-19 21:08:00,3.6259263382774174,IISC
2026-01-19 21:08:30,7.030785441298849,IISC
2026-01-19 21:09:00,10.728637985099745,IISC
2026-01-19 21:09:30,12.193605315089282,IISC
2026-01-19 21:10:00,9.258381965497787,IISC
2026-01-19 21:10:30,5.734633113526974,IISC
2026-01-19 21:11:00,5.093961123373225,IISC
2026-01-19 21:11:30,4.394267338703904,IISC
2026-01-19 21:12:00,4.861681828074826,IISC
2026-01-19 21:12:30,9.22739023932533,IISC
2026-01-19 21:13:00,7.2216013977419,IISC
2026-01-19 21:13:30,5.192013449356245,IISC
2026-01-19 21:14:00,7.691871775247914,IISC
2026-01-19 21:14:30,8.564505744130583,IISC
2026-01-19 21:15:00,5.902178844738266,IISC
2026-01-19 21:15:30,9.51250355466813,IISC
2026-01-19 21:16:00,11.298626620181949,IISC
2026-01-19 21:16:30,8.385615788536194,IISC
2026-01-19 21:17:00,9.799282818055193,IISC
2026-01-19 21:17:30,12.848798534603636,IISC
2026-01-19 21:18:00,15.419102233388896,IISC
2026-01-19 21:18:30,13.162946771547855,IISC
2026-01-19 21:19:00,8.99742285701597,IISC
2026-01-19 21:19:30,7.258048034473419,IISC
2026-01-19 21:20:00,7.929862859482013,IISC
2026-01-19 21:20:30,7.8809047011730495,IISC
2026-01-19 21:21:00,10.113941022991296,IISC
2026-01-19 21:21:30,8.642646141822901,IISC
2026-01-19 21:22:00,11.162971712118537,IISC
2026-01-19 21:22:30,12.443363727054583,IISC
2026-01-19 21:23:00,6.187768135033796,IISC
2026-01-19 21:23:30,6.8308729290291,IISC
2026-01-19 21:24:00,4.042675187702408,IISC
2026-01-19 21:24:30,4.645585925669885,IISC
2026-01-19 21:25:00,2.731079884055661,IISC
2026-01-19 21:25:30,3.6502543294083716,IISC
2026-01-19 21:26:00,7.185215196107208,IISC
2026-01-19 21:26:30,7.671774746839964,IISC
2026-01-19 21:27:00,7.575520569887439,IISC
2026-01-19 21:27:30,5.318307384647034,IISC
2026-01-19 21:28:00,4.477405558955407,IISC
2026-01-19 21:28:30,8.74326349401028,IISC
2026-01-19 21:29:00,5.208302611549917,IISC
2026-01-19 21:29:30,3.0843644305489657,IISC
2026-01-19 21:30:00,4.281724003892126,IISC
2026-01-19 21:30:30,3.37841562737667,IISC
2026-01-19 21:31:00,0.492905980631886,IISC
2026-01-19 21:31:30,1.398329825899622,IISC
2026-01-19 21:32:00,4.3578811587413115,IISC
2026-01-19 21:32:30,0.39559407127341206,IISC
2026-01-19 21:33:00,-0.1893351212237687,IISC
2026-01-19 21:33:30,3.679870998330599,IISC
2026-01-19 21:34:00,4.727031762250725,IISC
2026-01-19 21:34:30,2.2032685488295107,IISC
2026-01-19 21:35:00,-0.5944488314353032,IISC
2026-01-19 21:35:30,0.6473357433210087,IISC
2026-01-19 21:36:00,7.647446775410917,IISC
2026-01-19 21:36:30,7.442245565647988,IISC
2026-01-19 21:37:00,4.27537758187376,IISC
2026-01-19 21:37:30,3.2398519374651826,IISC
2026-01-19 21:38:00,3.6472133275617167,IISC
2026-01-19 21:38:30,4.664625208964156,IISC
2026-01-19 21:39:00,10.864292901536468,IISC
2026-01-19 21:39:30,11.265307876510299,IISC
2026-01-19 21:40:00,8.554589449137108,IISC
2026-01-19 21:40:30,5.8712399984874555,IISC
2026-01-19 21:41:00,6.390400540765539,IISC
2026-01-19 21:41:30,5.805622453460692,IISC
2026-01-19 21:42:00,-0.10063623541094506,IISC
2026-01-19 21:42:30,3.92073308245743,IISC
2026-01-19 21:43:00,5.972896185080791,IISC
2026-01-19 21:43:30,8.454803194365104,IISC
2026-01-19 21:44:00,5.914078395873657,IISC
2026-01-19 21:44:30,2.2085572458301446,IISC
2026-01-19 21:45:00,7.422601857432909,IISC
2026-01-19 21:45:30,4.158497508734156,IISC
2026-01-19 21:46:00,7.166704772612792,IISC
2026-01-19 21:46:30,11.487036231953631,IISC
2026-01-19 21:47:00,11.004707642367727,IISC
2026-01-19 21:47:30,10.645681096595577,IISC
2026-01-19 21:48:00,6.88389204859969,IISC
2026-01-19 21:48:30,8.662875389342844,IISC
2026-01-19 21:49:00,7.643083601161156,IISC
2026-01-19 21:49:30,8.891346830248105,IISC
2026-01-19 21:50:00,8.629556645671194,IISC
2026-01-19 21:50:30,5.959296695606174,IISC
2026-01-19 21:51:00,3.7067111167319227,IISC
2026-01-19 21:51:30,7.123073083310344,IISC
2026-01-19 21:52:00,8.010779832463344,IISC
2026-01-19 21:52:30,9.16027674846154,IISC
2026-01-19 21:53:00,5.483314532964114,IISC
2026-01-19 21:53:30,5.348849564991539,IISC
2026-01-19 21:54:00,6.099711434959792,IISC
2026-01-19 21:54:30,6.509056101392698,IISC
2026-01-19 21:55:00,7.189710597251213,IISC
2026-01-19 21:55:30,3.7888180336037425,IISC
2026-01-19 21:56:00,1.2304139060779677,IISC
2026-01-19 21:56:30,4.5515794374682175,IISC
2026-01-19 21:57:00,2.2394960782896174,IISC
2026-01-19 21:57:30,5.734395123735636,IISC
2026-01-19 21:58:00,5.448805831469915,IISC
2026-01-19 21:58:30,2.1431097030106137,IISC
2026-01-19 21:59:00,1.5622792432883965,IISC
2026-01-19 21:59:30,5.1575311881184,IISC
2026-01-19 22:00:00,1.6426673317017595,IISC
2026-01-19 22:00:30,1.8637346063615619,IISC
2026-01-19 22:01:00,4.11354364111803,IISC
2026-01-19 22:01:30,4.57365972802717,IISC
2026-01-19 22:02:00,6.902799126671815,IISC
2026-01-19 22:02:30,3.1964846763387444,IISC
2026-01-19 22:03:00,1.129664328966533,IISC
2026-01-19 22:03:30,-0.939271471396433,IISC
2026-01-19 22:04:00,3.706314446392689,IISC
2026-01-19 22:04:30,-0.5743518093319623,IISC
2026-01-19 22:05:00,0.8091696801363573,IISC
2026-01-19 22:05:30,2.2011530721964676,IISC
2026-01-19 22:06:00,3.6714090957388072,IISC
2026-01-19 22:06:30,3.9644025680413253,IISC
2026-01-19 22:07:00,6.531533038648596,IISC
2026-01-19 22:07:30,5.231572854513395,IISC
2026-01-19 22:08:00,-0.7002226512663344,IISC
2026-01-19 22:08:30,2.9116509007466456,IISC
2026-01-19 22:09:00,3.6827419992365726,IISC
2026-01-19 22:09:30,4.083926963752128,IISC
2026-01-19 22:10:00,2.845013394405083,IISC
2026-01-19 22:10:30,8.327307966054398,IISC
2026-01-19 22:11:00,2.45334807220512,IISC
2026-01-19 22:11:30,-0.5208604896238932,IISC
2026-01-19 22:12:00,2.2738348048074344,IISC
2026-01-19 22:12:30,4.421874309651709,IISC
2026-01-19 22:13:00,6.880322192863753,IISC
2026-01-19 22:13:30,7.237308812628833,IISC
2026-01-19 22:14:00,7.973891206458185,IISC
2026-01-19 22:14:30,4.895476556648665,IISC
2026-01-19 22:15:00,4.484941941259064,IISC
2026-01-19 22:15:30,4.72531293379227,IISC
2026-01-19 22:16:00,2.779735839227446,IISC
2026-01-19 22:16:30,3.4841894427747713,IISC
2026-01-19 22:17:00,3.563916452867345,IISC
2026-01-19 22:17:30,1.851570612766276,IISC
2026-01-19 22:18:00,3.2112930127700494,IISC
2026-01-19 22:18:30,5.879966338121117,IISC
2026-01-19 22:19:00,5.083489521723404,IISC
2026-01-19 22:19:30,2.6739620189038678,IISC
2026-01-19 22:20:00,2.6454031060298795,IISC
2026-01-19 22:20:30,2.8114679882305507,IISC
2026-01-19 22:21:00,4.1357561477351785,IISC
2026-01-19 22:21:30,6.068243722998556,IISC
2026-01-19 22:22:00,5.919102645981468,IISC
2026-01-19 22:22:30,7.405224730480297,IISC
2026-01-19 22:23:00,5.885255035614297,IISC
2026-01-19 22:23:30,9.589454013254707,IISC
2026-01-19 22:24:00,12.396691028517262,IISC
2026-01-19 22:24:30,12.219652117439523,IISC
2026-01-19 22:25:00,11.779368618547144,IISC
2026-01-19 22:25:30,8.56648900963091,IISC
2026-01-19 22:26:00,6.930300319453546,IISC
2026-01-19 22:26:30,6.929110361630994,IISC
2026-01-19 22:27:00,7.664502806503654,IISC
2026-01-19 22:27:30,6.460267928192526,IISC
2026-01-19 22:28:00,6.263925282002216,IISC
2026-01-19 22:28:30,6.643521060499415,IISC
2026-01-19 22:29:00,7.303946304405057,IISC
2026-01-19 22:29:30,6.435278871547024,IISC
2026-01-19 22:30:00,8.863977853524572,IISC
2026-01-19 22:30:30,6.322233104484015,IISC
2026-01-19 22:31:00,7.564546553324064,IISC
2026-01-19 22:31:30,8.69024436606638,IISC
2026-01-19 22:32:00,9.085309565226241,IISC
2026-01-19 22:32:30,7.346784710657117,IISC
2026-01-19 22:33:00,5.320290643744239,IISC
2026-01-19 22:33:30,10.033704025908566,IISC
2026-01-19 22:34:00,12.846758613240592,IISC
2026-01-19 22:34:30,9.937317641763705,IISC
2026-01-19 22:35:00,10.15983930242207,IISC
2026-01-19 22:35:30,12.226791842210188,IISC
2026-01-19 22:36:00,8.420124476731605,IISC
2026-01-19 22:36:30,8.141674922535335,IISC
2026-01-19 22:37:00,10.633441567150747,IISC
2026-01-19 22:37:30,12.269630239596392,IISC
2026-01-19 22:38:00,10.103911391152447,IISC
2026-01-19 22:38:30,7.614524679913858,IISC
2026-01-19 22:39:00,8.487951935196241,IISC
2026-01-19 22:39:30,10.460898019783386,IISC
2026-01-19 22:40:00,7.638323796468528,IISC
2026-01-19 22:40:30,8.127395450829363,IISC
2026-01-19 22:41:00,8.567678965553634,IISC
2026-01-19 22:41:30,10.180578524266654,IISC
2026-01-19 22:42:00,8.752632024941512,IISC
2026-01-19 22:42:30,7.134292669172093,IISC
2026-01-19 22:43:00,4.936615018088018,IISC
2026-01-19 22:43:30,5.9470571465298,IISC
2026-01-19 22:44:00,5.441156101344104,IISC
2026-01-19 22:44:30,4.054008095140556,IISC
2026-01-19 22:45:00,3.937052478692828,IISC
2026-01-19 22:45:30,6.436638815744918,IISC
2026-01-19 22:46:00,6.228566606201838,IISC
2026-01-19 22:46:30,7.351884515964563,IISC
2026-01-19 22:47:00,5.838261235799078,IISC
2026-01-19 22:47:30,2.6437409337156015,IISC
2026-01-19 22:48:00,4.772061190062325,IISC
2026-01-19 22:48:30,7.841466180113474,IISC
2026-01-19 22:49:00,7.540917430744045,IISC
2026-01-19 22:49:30,2.4071098022919464,IISC
2026-01-19 22:50:00,2.585263128024841,IISC
2026-01-19 22:50:30,2.8994113548366505,IISC
2026-01-19 22:51:00,4.15328435848948,IISC
2026-01-19 22:51:30,4.422554287450136,IISC
2026-01-19 22:52:00,6.3156033489717895,IISC
2026-01-19 22:52:30,5.944337263200215,IISC
2026-01-19 22:53:00,3.5073085770980827,IISC
2026-01-19 22:53:30,2.1065610630549267,IISC
2026-01-19 22:54:00,5.743064797444528,IISC
2026-01-19 22:54:30,8.384085847830546,IISC
2026-01-19 22:55:00,7.804747542383486,IISC
2026-01-19 22:55:30,6.748067144028529,IISC
2026-01-19 22:56:00,8.176013633221263,IISC
2026-01-19 22:56:30,4.5993476563196225,IISC
2026-01-19 22:57:00,3.1129233614361276,IISC
2026-01-19 22:57:30,10.101531488806131,IISC
2026-01-19 22:58:00,7.613334722091307,IISC
2026-01-19 22:58:30,8.151194567384032,IISC
2026-01-19 22:59:00,9.518453326049173,IISC
2026-01-19 22:59:30,10.520395791221876,IISC
2026-01-19 23:00:00,8.465342794195841,IISC
2026-01-19 23:00:30,6.691119280309964,IISC
2026-01-19 23:01:00,7.281337167837587,IISC
2026-01-19 23:01:30,11.754379557468711,IISC
2026-01-19 23:02:00,12.814629814092708,IISC
2026-01-19 23:02:30,9.980156043582836,IISC
2026-01-19 23:03:00,8.028629164338184,IISC
2026-01-19 23:03:30,9.135287691816036,IISC
2026-01-19 23:04:00,8.530790341448299,IISC
2026-01-19 23:04:30,6.368641366472013,IISC
2026-01-19 23:05:00,5.0001926455513885,IISC
2026-01-19 23:05:30,7.243258592875733,IISC
2026-01-19 23:06:00,9.918278347633384,IISC
2026-01-19 23:06:30,9.769533925686552,IISC
2026-01-19 23:07:00,11.058255632081671,IISC
2026-01-19 23:07:30,8.095266656114408,IISC
2026-01-19 23:08:00,12.332697866770818,IISC
2026-01-19 23:08:30,13.103788988691942,IISC
2026-01-19 23:09:00,12.08518715389988,IISC
2026-01-19 23:09:30,11.159401847516742,IISC
2026-01-19 23:10:00,7.793017989796399,IISC
2026-01-19 23:10:30,7.7608891906485145,IISC
2026-01-19 23:11:00,8.216642114636493,IISC
2026-01-19 23:11:30,8.466532747585463,IISC
2026-01-19 23:12:00,7.64427356341664,IISC
2026-01-19 23:12:30,8.492711770919376,IISC
2026-01-19 23:13:00,10.616782179799669,IISC
2026-01-19 23:13:30,8.949654648296974,IISC
2026-01-19 23:14:00,9.762394192050035,IISC
2026-01-19 23:14:30,13.768974059454862,IISC
2026-01-19 23:15:00,12.907446351367492,IISC
2026-01-19 23:15:30,9.706466298512126,IISC
2026-01-19 23:16:00,8.415364663173117,IISC
2026-01-19 23:16:30,9.264992828498405,IISC
2026-01-19 23:17:00,10.814314770513741,IISC
2026-01-19 23:17:30,8.460582971771494,IISC
2026-01-19 23:18:00,8.273759970429879,IISC
2026-01-19 23:18:30,8.315408418859386,IISC
2026-01-19 23:19:00,7.372963729558102,IISC
2026-01-19 23:19:30,10.895231747294726,IISC
2026-01-19 23:20:00,10.786945798223137,IISC
2026-01-19 23:20:30,6.023554289469011,IISC
2026-01-19 23:21:00,9.32687050671614,IISC
2026-01-19 23:21:30,9.614839727925752,IISC
2026-01-19 23:22:00,11.020177057119819,IISC
2026-01-19 23:22:30,9.004392597311117,IISC
2026-01-19 23:23:00,7.74541977441878,IISC
2026-01-19 23:23:30,6.808924865364392,IISC
2026-01-19 23:24:00,8.316598367816079,IISC
2026-01-19 23:24:30,7.775168662354487,IISC
2026-01-19 23:25:00,5.263305000068666,IISC
2026-01-19 23:25:30,5.450524652540156,IISC
2026-01-19 23:26:00,7.829377730389226,IISC
2026-01-19 23:26:30,5.866215745916906,IISC
2026-01-19 23:27:00,5.018967486385767,IISC
2026-01-19 23:27:30,7.36820389925299,IISC
2026-01-19 23:28:00,9.389541497044577,IISC
2026-01-19 23:28:30,11.072402876893399,IISC
2026-01-19 23:29:00,8.613161698809819,IISC
2026-01-19 23:29:30,11.297701108759671,IISC
2026-01-19 23:30:00,12.659010095551222,IISC
2026-01-19 23:30:30,9.876101047777333,IISC
2026-01-19 23:31:00,6.699713401422691,IISC
2026-01-19 23:31:30,9.126164705485431,IISC
2026-01-19 23:32:00,9.932161172642415,IISC
2026-01-19 23:32:30,8.953753381564484,IISC
2026-01-19 23:33:00,3.18908050221252,IISC
2026-01-19 23:33:30,2.9098376339353575,IISC
2026-01-19 23:34:00,6.455375875918647,IISC
2026-01-19 23:34:30,7.627349741486431,IISC
2026-01-19 23:35:00,10.957109422064628,IISC
2026-01-19 23:35:30,11.42251421040733,IISC
2026-01-19 23:36:00,12.176681502024937,IISC
2026-01-19 23:36:30,10.72546477212037,IISC
2026-01-19 23:37:00,8.144583697487747,IISC
2026-01-19 23:37:30,6.857316384971954,IISC
2026-01-19 23:38:00,5.7350562183105005,IISC
2026-01-19 23:38:30,6.969436630761731,IISC
2026-01-19 23:39:00,9.699458778471062,IISC
2026-01-19 23:39:30,13.294710723301064,IISC
2026-01-19 23:40:00,8.829998024143919,IISC
2026-01-19 23:40:30,8.992889689424835,IISC
2026-01-19 23:41:00,7.317432475821475,IISC
2026-01-19 23:41:30,8.34026526043179,IISC
2026-01-19 23:42:00,7.9319783333005,IISC
2026-01-19 23:42:30,5.638802037417592,IISC
2026-01-19 23:43:00,6.807602693946383,IISC
2026-01-19 23:43:30,10.184960584976723,IISC
2026-01-19 23:44:00,10.674376018722075,IISC
2026-01-19 23:44:30,7.65950499340138,IISC
2026-01-19 23:45:00,8.791919452629896,IISC
2026-01-19 23:45:30,7.594559871405975,IISC
2026-01-19 23:46:00,9.139915289808878,IISC
2026-01-19 23:46:30,8.97702362058758,IISC
2026-01-19 23:47:00,9.09549029627649,IISC
2026-01-19 23:47:30,8.423826565764907,IISC
2026-01-19 23:48:00,6.702886614402066,IISC
2026-01-19 23:48:30,4.933290700479223,IISC
2026-01-19 23:49:00,6.400373511042186,IISC
2026-01-19 23:49:30,9.184340303043173,IISC
2026-01-19 23:50:00,11.2448141889932,IISC
2026-01-19 23:50:30,9.033083737571896,IISC
2026-01-19 23:51:00,7.75745153668689,IISC
2026-01-19 23:51:30,7.946786673672187,IISC
2026-01-19 23:52:00,10.829123111377976,IISC
2026-01-19 23:52:30,9.541855790981417,IISC
2026-01-19 23:53:00,7.7542783276478975,IISC
2026-01-19 23:53:30,6.251232426144338,IISC
2026-01-19 23:54:00,6.940877694245453,IISC
2026-01-19 23:54:30,8.927309929562012,IISC
2026-01-19 23:55:00,8.441808123056353,IISC
2026-01-19 23:55:30,6.622498506286795,IISC
2026-01-19 23:56:00,7.158771755925883,IISC
2026-01-19 23:56:30,7.754278323707516,IISC
2026-01-19 23:57:00,6.531533022887069,IISC
2026-01-19 23:57:30,5.154357971198645,IISC
2026-01-19 23:58:00,9.199783281676313,IISC
2026-01-19 23:58:30,8.944656831648357,IISC
2026-01-19 23:59:00,8.085033031252665,IISC
2026-01-19 23:59:30,10.673424063103065,IISC
2026-01-20 00:00:00,9.414927209154374,IISC
2026-01-20 00:00:30,6.917924778490486,IISC
2026-01-20 00:01:00,8.816141649242198,IISC
2026-01-20 00:01:30,9.8280797246609,IISC
2026-01-20 00:02:00,11.602541233657629,IISC
2026-01-20 00:02:30,9.453005784214737,IISC
2026-01-20 00:03:00,10.742388581244336,IISC
2026-01-20 00:03:30,6.533331201076388,IISC
2026-01-20 00:04:00,3.0339103221107755,IISC
2026-01-20 00:04:30,8.354438953873181,IISC
2026-01-20 00:05:00,8.183085367874718,IISC
2026-01-20 00:05:30,8.030771071573646,IISC
2026-01-20 00:06:00,4.558005205277067,IISC
2026-01-20 00:06:30,8.727608961015187,IISC
2026-01-20 00:07:00,10.036559923796107,IISC
2026-01-20 00:07:30,12.108986254496001,IISC
2026-01-20 00:08:00,10.998043883289892,IISC
2026-01-20 00:08:30,10.504926365239696,IISC
2026-01-20 00:09:00,14.982014608807736,IISC
2026-01-20 00:09:30,13.940565629038563,IISC
2026-01-20 00:10:00,15.845446252957535,IISC
2026-01-20 00:10:30,13.893919378145814,IISC
2026-01-20 00:11:00,12.500481605012617,IISC
2026-01-20 00:11:30,11.707971291047784,IISC
2026-01-20 00:12:00,14.435349088040333,IISC
2026-01-20 00:12:30,16.1203259558508,IISC
2026-01-20 00:13:00,16.933065504036783,IISC
2026-01-20 00:13:30,16.81050009212508,IISC
2026-01-20 00:14:00,17.731525571650938,IISC
2026-01-20 00:14:30,13.686867138150115,IISC
2026-01-20 00:15:00,11.56755654726124,IISC
2026-01-20 00:15:30,12.124455691117214,IISC
2026-01-20 00:16:00,9.974206254470078,IISC
2026-01-20 00:16:30,7.344404799444945,IISC
2026-01-20 00:17:00,6.111610995946139,IISC
2026-01-20 00:17:30,4.721743072638308,IISC
2026-01-20 00:18:00,9.358867095716398,IISC
2026-01-20 00:18:30,8.685087896452538,IISC
2026-01-20 00:19:00,8.029290242658972,IISC
2026-01-20 00:19:30,7.806107495306508,IISC
2026-01-20 00:20:00,12.683338074861032,IISC
2026-01-20 00:20:30,6.966263405961213,IISC
2026-01-20 00:21:00,2.9214727455661396,IISC
2026-01-20 00:21:30,4.216144247969684,IISC
2026-01-20 00:22:00,8.326514656406435,IISC
2026-01-20 00:22:30,8.208047992538669,IISC
2026-01-20 00:23:00,6.335851479644933,IISC
2026-01-20 00:23:30,5.597550259622847,IISC
2026-01-20 00:24:00,10.241232247260118,IISC
2026-01-20 00:24:30,7.872745006095073,IISC
2026-01-20 00:25:00,8.097408585514518,IISC
2026-01-20 00:25:30,11.751470769710064,IISC
2026-01-20 00:26:00,10.98884157156028,IISC
2026-01-20 00:26:30,12.691799977452826,IISC
2026-01-20 00:27:00,10.702194533097275,IISC
2026-01-20 00:27:30,12.73728272309307,IISC
2026-01-20 00:28:00,8.048329536296746,IISC
2026-01-20 00:28:30,3.020900135498042,IISC
2026-01-20 00:29:00,3.486569362852803,IISC
2026-01-20 00:29:30,6.267495146604014,IISC
2026-01-20 00:30:00,6.879132235041201,IISC
2026-01-20 00:30:30,9.163846613063336,IISC
2026-01-20 00:31:00,10.577513651448193,IISC
2026-01-20 00:31:30,9.7255055704778,IISC
2026-01-20 00:32:00,7.722810624552518,IISC
2026-01-20 00:32:30,6.567363915008638,IISC
2026-01-20 00:33:00,5.270312512721515,IISC
2026-01-20 00:33:30,6.3353226050686455,IISC
2026-01-20 00:34:00,6.34144237739037,IISC
2026-01-20 00:34:30,6.9574992952364,IISC
2026-01-20 00:35:00,14.033144164109807,IISC
2026-01-20 00:35:30,13.157336984316464,IISC
2026-01-20 00:36:00,11.535427756979214,IISC
2026-01-20 00:36:30,15.286167215621104,IISC
2026-01-20 00:37:00,13.07285013406782,IISC
2026-01-20 00:37:30,9.499414040784712,IISC
2026-01-20 00:38:00,8.270190110261012,IISC
2026-01-20 00:38:30,13.872840170885027,IISC
2026-01-20 00:39:00,16.41866476771788,IISC
2026-01-20 00:39:30,16.24867114263579,IISC
2026-01-20 00:40:00,16.065078024912705,IISC
2026-01-20 00:40:30,10.519205828966395,IISC
2026-01-20 00:41:00,7.769218886540518,IISC
2026-01-20 00:41:30,1.3570780414062271,IISC
2026-01-20 00:42:00,4.571544263215273,IISC
2026-01-20 00:42:30,5.234746075373533,IISC
2026-01-20 00:43:00,6.457491364372835,IISC
2026-01-20 00:43:30,6.688739364664863,IISC
2026-01-20 00:44:00,10.209817433444794,IISC
2026-01-20 00:44:30,6.5459447185320006,IISC
2026-01-20 00:45:00,7.659742979646376,IISC
2026-01-20 00:45:30,5.137037511437351,IISC
2026-01-20 00:46:00,8.147624693916375,IISC
2026-01-20 00:46:30,9.689806915593978,IISC
2026-01-20 00:47:00,13.392778154117915,IISC
2026-01-20 00:47:30,13.599490411863792,IISC
2026-01-20 00:48:00,13.861960581838437,IISC
2026-01-20 00:48:30,13.055510797415721,IISC
2026-01-20 00:49:00,5.8212618674647345,IISC
2026-01-20 00:49:30,8.57838856125885,IISC
2026-01-20 00:50:00,14.305303976074176,IISC
2026-01-20 00:50:30,14.396420543838504,IISC
2026-01-20 00:51:00,13.57093149504942,IISC
2026-01-20 00:51:30,15.076395074564102,IISC
2026-01-20 00:52:00,17.936367898208765,IISC
2026-01-20 00:52:30,15.666612953859142,IISC
2026-01-20 00:53:00,10.270335165564806,IISC
2026-01-20 00:53:30,9.22589429285503,IISC
2026-01-20 00:54:00,11.903633955640014,IISC
2026-01-20 00:54:30,12.852878379862833,IISC
2026-01-20 00:55:00,10.685119622721356,IISC
2026-01-20 00:55:30,14.578653719896797,IISC
2026-01-20 00:56:00,12.852878384929038,IISC
2026-01-20 00:56:30,7.947542187249794,IISC
2026-01-20 00:57:00,9.753554516133905,IISC
2026-01-20 00:57:30,10.853753296006246,IISC
2026-01-20 00:58:00,7.513718455594469,IISC
2026-01-20 00:58:30,6.601192648836819,IISC
2026-01-20 00:59:00,6.50191636015687,IISC
2026-01-20 00:59:30,10.419929559284714,IISC
2026-01-20 01:00:00,10.145219838333867,IISC
2026-01-20 01:00:30,7.690511834596364,IISC
2026-01-20 01:01:00,8.490161860033071,IISC
2026-01-20 01:01:30,11.934912786181197,IISC
2026-01-20 01:02:00,9.10077897069029,IISC
2026-01-20 01:02:30,6.141529878630501,IISC
2026-01-20 01:03:00,6.421679376372928,IISC
2026-01-20 01:03:30,3.5045886785698834,IISC
2026-01-20 01:04:00,5.325560436693577,IISC
2026-01-20 01:04:30,10.47296756791908,IISC
2026-01-20 01:05:00,13.143907481850466,IISC
2026-01-20 01:05:30,9.89362927767063,IISC
2026-01-20 01:06:00,9.568601446613616,IISC
2026-01-20 01:06:30,12.648886030777565,IISC
2026-01-20 01:07:00,7.328538729130048,IISC
2026-01-20 01:07:30,5.353212739241299,IISC
2026-01-20 01:08:00,1.7262286488560237,IISC
2026-01-20 01:08:30,-0.40617144852805637,IISC
2026-01-20 01:09:00,1.2788054118941916,IISC
2026-01-20 01:09:30,1.4311197058310343,IISC
2026-01-20 01:10:00,2.8352670816354775,IISC
2026-01-20 01:10:30,1.082066114574008,IISC
2026-01-20 01:11:00,-0.1951526928006877,IISC
2026-01-20 01:11:30,-2.970128696304997,IISC
2026-01-20 01:12:00,0.05235803780196813,IISC
2026-01-20 01:12:30,-1.1273977550219194,IISC
2026-01-20 01:13:00,-2.59767265587725,IISC
2026-01-20 01:13:30,-5.1072886190687115,IISC
2026-01-20 01:14:00,-7.374153678514794,IISC
2026-01-20 01:14:30,-2.9844081813097585,IISC
2026-01-20 01:15:00,-0.4176743534590518,IISC
2026-01-20 01:15:30,2.9368099570662802,IISC
2026-01-20 01:16:00,-2.782115754872549,IISC
2026-01-20 01:16:30,-6.668510126010776,IISC
2026-01-20 01:17:00,-4.63130646085958,IISC
2026-01-20 01:17:30,-3.342584750031533,IISC
2026-01-20 01:18:00,-5.977146018615157,IISC
2026-01-20 01:18:30,-4.805039948317773,IISC
2026-01-20 01:19:00,-2.952279373296016,IISC
2026-01-20 01:19:30,-6.730387801062133,IISC
2026-01-20 01:20:00,-7.815627135229728,IISC
2026-01-20 01:20:30,-9.366139043933474,IISC
2026-01-20 01:21:00,-10.928550486533446,IISC
2026-01-20 01:21:30,-15.025566971135026,IISC
2026-01-20 01:22:00,-16.001330408540888,IISC
2026-01-20 01:22:30,-11.738910132373116,IISC
2026-01-20 01:23:00,-8.647405973113106,IISC
2026-01-20 01:23:30,-4.072291852684255,IISC
2026-01-20 01:24:00,-6.373930059039717,IISC
2026-01-20 01:24:30,-5.761764104892102,IISC
2026-01-20 01:25:00,-8.363006625371149,IISC
2026-01-20 01:25:30,-5.9604866534287275,IISC
2026-01-20 01:26:00,-5.069210044106859,IISC
2026-01-20 01:26:30,-10.368251492315142,IISC
2026-01-20 01:27:00,-8.993343001624364,IISC
2026-01-20 01:27:30,-8.9375850944618,IISC
2026-01-20 01:28:00,-9.86507034059144,IISC
2026-01-20 01:28:30,-6.134730119644492,IISC
2026-01-20 01:29:00,-5.889939302768648,IISC
2026-01-20 01:29:30,-5.494194125177081,IISC
2026-01-20 01:30:00,-7.713630964486747,IISC
2026-01-20 01:30:30,-10.871432630740058,IISC
2026-01-20 01:31:00,-11.235558993007519,IISC
2026-01-20 01:31:30,-15.124333275357921,IISC
2026-01-20 01:32:00,-19.240389040791037,IISC
2026-01-20 01:32:30,-10.58161238077532,IISC
2026-01-20 01:33:00,-5.478554711426353,IISC
2026-01-20 01:33:30,-8.00316411392463,IISC
2026-01-20 01:34:00,-7.426273724752252,IISC
2026-01-20 01:34:30,-6.628527621192599,IISC
2026-01-20 01:35:00,-8.23639537548107,IISC
2026-01-20 01:35:30,-8.160449786026907,IISC
2026-01-20 01:36:00,-8.83845992279533,IISC
2026-01-20 01:36:30,-1.4892953053589675,IISC
2026-01-20 01:37:00,-1.275632204825389,IISC
2026-01-20 01:37:30,-8.71893551470047,IISC
2026-01-20 01:38:00,-6.062955033386136,IISC
2026-01-20 01:38:30,-11.610156953082932,IISC
2026-01-20 01:39:00,-7.6756883772319595,IISC
2026-01-20 01:39:30,-6.853191204158383,IISC
2026-01-20 01:40:00,-7.616772366201977,IISC
2026-01-20 01:40:30,-7.607252723323473,IISC
2026-01-20 01:41:00,-7.844186066820528,IISC
2026-01-20 01:41:30,-7.996500364697752,IISC
2026-01-20 01:42:00,-10.542476068974587,IISC
2026-01-20 01:42:30,-6.941935434532167,IISC
2026-01-20 01:43:00,-10.592189756059774,IISC
2026-01-20 01:43:30,-13.089509521418899,IISC
2026-01-20 01:44:00,-10.61228678998426,IISC
2026-01-20 01:44:30,-12.168219603373526,IISC
2026-01-20 01:45:00,-12.733051773767365,IISC
2026-01-20 01:45:30,-13.387791679393453,IISC
2026-01-20 01:46:00,-5.9381419356788605,IISC
2026-01-20 01:46:30,-7.013861636115263,IISC
2026-01-20 01:47:00,-9.921583785536813,IISC
2026-01-20 01:47:30,-10.212461769385143,IISC
2026-01-20 01:48:00,-10.535071902729127,IISC
2026-01-20 01:48:30,-12.101582091402847,IISC
2026-01-20 01:49:00,-14.412739932756049,IISC
2026-01-20 01:49:30,-16.874096603234197,IISC
2026-01-20 01:50:00,-18.5083020244634,IISC
2026-01-20 01:50:30,-19.97750030771903,IISC
2026-01-20 01:51:00,-20.487330097474878,IISC
2026-01-20 01:51:30,-22.57393012555655,IISC
2026-01-20 01:52:00,-19.458150879025048,IISC
2026-01-20 01:52:30,-22.499676913468438,IISC
2026-01-20 01:53:00,-22.799545671234032,IISC
2026-01-20 01:53:30,-17.711296338316366,IISC
2026-01-20 01:54:00,-24.49721539539492,IISC
2026-01-20 01:54:30,-21.137839053775263,IISC
2026-01-20 01:55:00,-16.552755746413123,IISC
2026-01-20 01:55:30,-16.11675608681607,IISC
2026-01-20 01:56:00,-19.73041267914163,IISC
2026-01-20 01:56:30,-23.854322153791383,IISC
2026-01-20 01:57:00,-23.6001476806605,IISC
2026-01-20 01:57:30,-26.433193519515022,IISC
2026-01-20 01:58:00,-23.191966521647302,IISC
2026-01-20 01:58:30,-17.54827244377698,IISC
2026-01-20 01:59:00,-16.9068864851358,IISC
2026-01-20 01:59:30,-18.698959317597726,IISC
2026-01-20 02:00:00,-19.89724442009488,IISC
2026-01-20 02:00:30,-20.39424913744211,IISC
2026-01-20 02:01:00,-22.107784934380636,IISC
2026-01-20 02:01:30,-22.978303421113726,IISC
2026-01-20 02:02:00,-24.649529681451003,IISC
2026-01-20 02:02:30,-25.01444934745585,IISC
2026-01-20 02:03:00,-20.748591416341366,IISC
2026-01-20 02:03:30,-14.391585174306378,IISC
2026-01-20 02:04:00,-16.869865642087348,IISC
2026-01-20 02:04:30,-18.66802048464571,IISC
2026-01-20 02:05:00,-25.85344723866121,IISC
2026-01-20 02:05:30,-21.107905063555098,IISC
2026-01-20 02:06:00,-23.270239157069916,IISC
2026-01-20 02:06:30,-24.567026116404595,IISC
2026-01-20 02:07:00,-24.29518741437289,IISC
2026-01-20 02:07:30,-28.693262605499747,IISC
2026-01-20 02:08:00,-26.049974983983667,IISC
2026-01-20 02:08:30,-24.45173266157582,IISC
2026-01-20 02:09:00,-21.40121584927479,IISC
2026-01-20 02:09:30,-20.039906858542857,IISC
2026-01-20 02:10:00,-26.36941191222904,IISC
2026-01-20 02:10:30,-25.894619708394625,IISC
2026-01-20 02:11:00,-24.53926047919278,IISC
2026-01-20 02:11:30,-25.880340232255723,IISC
2026-01-20 02:12:00,-26.054073724146846,IISC
2026-01-20 02:12:30,-26.100481986134845,IISC
2026-01-20 02:13:00,-26.782326435382984,IISC
2026-01-20 02:13:30,-28.621997496521313,IISC
2026-01-20 02:14:00,-28.360207311944407,IISC
2026-01-20 02:14:30,-29.93451831060525,IISC
2026-01-20 02:15:00,-25.653058753605944,IISC
2026-01-20 02:15:30,-25.607840440574638,IISC
2026-01-20 02:16:00,-27.130983381420705,IISC
2026-01-20 02:16:30,-27.520098791467813,IISC
2026-01-20 02:17:00,-23.922863580996758,IISC
2026-01-20 02:17:30,-21.764624461104667,IISC
2026-01-20 02:18:00,-18.503466657745832,IISC
2026-01-20 02:18:30,-18.062843156972086,IISC
2026-01-20 02:19:00,-19.954532281895155,IISC
2026-01-20 02:19:30,-24.676275351718903,IISC
2026-01-20 02:20:00,-25.324971036704703,IISC
2026-01-20 02:20:30,-21.712946399201304,IISC
2026-01-20 02:21:00,-20.804500442769047,IISC
2026-01-20 02:21:30,-23.649513827041723,IISC
2026-01-20 02:22:00,-24.260130952897562,IISC
2026-01-20 02:22:30,-21.23832416429197,IISC
2026-01-20 02:23:00,-23.780068936130448,IISC
2026-01-20 02:23:30,-23.76102965149926,IISC
2026-01-20 02:24:00,-20.76506190651086,IISC
2026-01-20 02:24:30,-21.47495530584803,IISC
2026-01-20 02:25:00,-20.518911137837815,IISC
2026-01-20 02:25:30,-17.55558218025401,IISC
2026-01-20 02:26:00,-21.050651191177277,IISC
2026-01-20 02:26:30,-23.23336941808797,IISC
2026-01-20 02:27:00,-20.30267922764394,IISC
2026-01-20 02:27:30,-20.3597970916699,IISC
2026-01-20 02:28:00,-24.54708018936118,IISC
2026-01-20 02:28:30,-24.472282997567426,IISC
2026-01-20 02:29:00,-25.077460306102047,IISC
2026-01-20 02:29:30,-25.15769731015081,IISC
2026-01-20 02:30:00,-25.983186389337124,IISC
2026-01-20 02:30:30,-28.535810724891167,IISC
2026-01-20 02:31:00,-26.198058337601395,IISC
2026-01-20 02:31:30,-25.439206764756644,IISC
2026-01-20 02:32:00,-24.018060019351307,IISC
2026-01-20 02:32:30,-22.586033669700758,IISC
2026-01-20 02:33:00,-22.188928555510604,IISC
2026-01-20 02:33:30,-24.866668208163183,IISC
2026-01-20 02:34:00,-26.969149436091318,IISC
2026-01-20 02:34:30,-25.222974869761376,IISC
2026-01-20 02:35:00,-22.241966569211172,IISC
2026-01-20 02:35:30,-28.79828089993202,IISC
2026-01-20 02:36:00,-29.514974043056583,IISC
2026-01-20 02:36:30,-29.665928388573697,IISC
2026-01-20 02:37:00,-26.71891881202667,IISC
2026-01-20 02:37:30,-29.187226323603785,IISC
2026-01-20 02:38:00,-29.717606450477064,IISC
2026-01-20 02:38:30,-28.20806300037216,IISC
2026-01-20 02:39:00,-28.271980608185522,IISC
2026-01-20 02:39:30,-28.78060155696562,IISC
2026-01-20 02:40:00,-28.665005887248896,IISC
2026-01-20 02:40:30,-27.09290479632644,IISC
2026-01-20 02:41:00,-26.192618530412584,IISC
2026-01-20 02:41:30,-30.345902909166885,IISC
2026-01-20 02:42:00,-32.007760631255074,IISC
2026-01-20 02:42:30,-33.79745356896999,IISC
2026-01-20 02:43:00,-32.31238921575129,IISC
2026-01-20 02:43:30,-30.288785050207117,IISC
2026-01-20 02:44:00,-28.277420415374333,IISC
2026-01-20 02:44:30,-29.336820712257488,IISC
2026-01-20 02:45:00,-27.69128237120608,IISC
2026-01-20 02:45:30,-28.065098365964133,IISC
2026-01-20 02:46:00,-27.29281731281803,IISC
2026-01-20 02:46:30,-29.69584725718527,IISC
2026-01-20 02:47:00,-30.571654441411543,IISC
2026-01-20 02:47:30,-28.349497708639884,IISC
2026-01-20 02:48:00,-29.259303627001742,IISC
2026-01-20 02:48:30,-29.327301075008098,IISC
2026-01-20 02:49:00,-31.964242264936306,IISC
2026-01-20 02:49:30,-34.031364806931656,IISC
2026-01-20 02:50:00,-31.90440450238214,IISC
2026-01-20 02:50:30,-33.26707345222913,IISC
2026-01-20 02:51:00,-34.1333609890736,IISC
2026-01-20 02:51:30,-31.526338667756963,IISC
2026-01-20 02:52:00,-32.44158437810902,IISC
2026-01-20 02:52:30,-32.7870114303958,IISC
2026-01-20 02:53:00,-31.27202820856553,IISC
2026-01-20 02:53:30,-29.321861288084108,IISC
2026-01-20 02:54:00,-28.81324033930401,IISC
2026-01-20 02:54:30,-27.87759539252357,IISC
2026-01-20 02:55:00,-31.889445073142554,IISC
2026-01-20 02:55:30,-32.521821361892954,IISC
2026-01-20 02:56:00,-32.86860837104315,IISC
2026-01-20 02:56:30,-28.849958951702977,IISC
2026-01-20 02:57:00,-30.495497297820584,IISC
2026-01-20 02:57:30,-31.3019470771771,IISC
2026-01-20 02:58:00,-31.38218407615966,IISC
2026-01-20 02:58:30,-30.422060052757836,IISC
2026-01-20 02:59:00,-28.35901736108789,IISC
2026-01-20 02:59:30,-31.42978229787003,IISC
2026-01-20 03:00:00,-32.35590758207006,IISC
2026-01-20 03:00:30,-34.284315339656914,IISC
2026-01-20 03:01:00,-34.931651067779306,IISC
2026-01-20 03:01:30,-34.82285516211479,IISC
2026-01-20 03:02:00,-31.431142249667236,IISC
2026-01-20 03:02:30,-32.487822648022195,IISC
2026-01-20 03:03:00,-33.66825841674468,IISC
2026-01-20 03:03:30,-35.52594878726734,IISC
2026-01-20 03:04:00,-36.713184309909636,IISC
2026-01-20 03:04:30,-36.245361849184924,IISC
2026-01-20 03:05:00,-39.82610767134576,IISC
2026-01-20 03:05:30,-39.0835754896702,IISC
2026-01-20 03:06:00,-37.03141239211305,IISC
2026-01-20 03:06:30,-33.99192628587208,IISC
2026-01-20 03:07:00,-33.986486488815686,IISC
2026-01-20 03:07:30,-34.31831404846148,IISC
2026-01-20 03:08:00,-32.833249700308976,IISC
2026-01-20 03:08:30,-34.617502840967504,IISC
2026-01-20 03:09:00,-33.570342084928136,IISC
2026-01-20 03:09:30,-35.07988550970201,IISC
2026-01-20 03:10:00,-36.427595020177016,IISC
2026-01-20 03:10:30,-38.01601550226866,IISC
2026-01-20 03:11:00,-37.495155017710964,IISC
2026-01-20 03:11:30,-36.01961030174165,IISC
2026-01-20 03:12:00,-37.36731980715045,IISC
2026-01-20 03:12:30,-35.237639604072726,IISC
2026-01-20 03:13:00,-34.59846356646872,IISC
2026-01-20 03:13:30,-33.9456880058265,IISC
2026-01-20 03:14:00,-37.28844275996509,IISC
2026-01-20 03:14:30,-36.56358992125593,IISC
2026-01-20 03:15:00,-38.65927138513185,IISC
2026-01-20 03:15:30,-39.929463805284904,IISC
2026-01-20 03:16:00,-40.97934446491867,IISC
2026-01-20 03:16:30,-40.77127225537559,IISC
2026-01-20 03:17:00,-38.03233487823923,IISC
2026-01-20 03:17:30,-38.95982013956749,IISC
2026-01-20 03:18:00,-36.18552409169696,IISC
2026-01-20 03:18:30,-35.97201209016368,IISC
2026-01-20 03:19:00,-34.97652938589528,IISC
2026-01-20 03:19:30,-34.19455868822636,IISC
2026-01-20 03:20:00,-35.55994752646913,IISC
2026-01-20 03:20:30,-37.32516138249646,IISC
2026-01-20 03:21:00,-36.94981546159811,IISC
2026-01-20 03:21:30,-37.374119545871636,IISC
2026-01-20 03:22:00,-40.9331061950055,IISC
2026-01-20 03:22:30,-41.57636209306731,IISC
2026-01-20 03:23:00,-39.675153325828646,IISC
2026-01-20 03:23:30,-38.33560351600445,IISC
2026-01-20 03:24:00,-41.7449957663522,IISC
2026-01-20 03:24:30,-40.51968167951373,IISC
2026-01-20 03:25:00,-40.04097962467624,IISC
2026-01-20 03:25:30,-38.62527267632729,IISC
2026-01-20 03:26:00,-39.98250180885306,IISC
2026-01-20 03:26:30,-39.31612679103328,IISC
2026-01-20 03:27:00,-38.9489405454547,IISC
2026-01-20 03:27:30,-38.98837906651426,IISC
2026-01-20 03:28:00,-39.83562732379376,IISC
2026-01-20 03:28:30,-39.11757422380578,IISC
2026-01-20 03:29:00,-39.46368126296795,IISC
2026-01-20 03:29:30,-39.85738649175453,IISC
2026-01-20 03:30:00,-38.94758058352509,IISC
2026-01-20 03:30:30,-38.38456168444583,IISC
2026-01-20 03:31:00,-36.41535548946563,IISC
2026-01-20 03:31:30,-36.48743277766498,IISC
2026-01-20 03:32:00,-35.02004776234646,IISC
2026-01-20 03:32:30,-34.43662962177261,IISC
2026-01-20 03:33:00,-40.42176535782961,IISC
2026-01-20 03:33:30,-43.9059547949049,IISC
2026-01-20 03:34:00,-42.668401172288846,IISC
2026-01-20 03:34:30,-41.37644958924123,IISC
2026-01-20 03:35:00,-39.12573391432418,IISC
2026-01-20 03:35:30,-41.99250649188865,IISC
2026-01-20 03:36:00,-41.804833513707756,IISC
2026-01-20 03:36:30,-43.451731811622565,IISC
2026-01-20 03:37:00,-44.52201170261851,IISC
2026-01-20 03:37:30,-43.12806394249516,IISC
2026-01-20 03:38:00,-41.75315546193679,IISC
2026-01-20 03:38:30,-40.829750066132554,IISC
2026-01-20 03:39:00,-43.43133258026039,IISC
2026-01-20 03:39:30,-44.56960991926268,IISC
2026-01-20 03:40:00,-44.143945878125756,IISC
2026-01-20 03:40:30,-41.493405205688966,IISC
2026-01-20 03:41:00,-38.12753130646138,IISC
2026-01-20 03:41:30,-39.282128051831485,IISC
2026-01-20 03:42:00,-42.19513889930913,IISC
2026-01-20 03:42:30,-43.012468272778435,IISC
2026-01-20 03:43:00,-42.010185834855044,IISC
2026-01-20 03:43:30,-40.814790611561946,IISC
2026-01-20 03:44:00,-41.54236336399793,IISC
2026-01-20 03:44:30,-38.61711297061028,IISC
2026-01-20 03:45:00,-41.67291845788803,IISC
2026-01-20 03:45:30,-43.60676601253128,IISC
2026-01-20 03:46:00,-43.22054047725531,IISC
2026-01-20 03:46:30,-39.21141071036313,IISC
2026-01-20 03:47:00,-39.23044999499432,IISC
2026-01-20 03:47:30,-41.18605670746593,IISC
2026-01-20 03:48:00,-39.30524719185428,IISC
2026-01-20 03:48:30,-43.24093970861749,IISC
2026-01-20 03:49:00,-44.44721452095718,IISC
2026-01-20 03:49:30,-46.48441817407614,IISC
2026-01-20 03:50:00,-44.995273970532025,IISC
2026-01-20 03:50:30,-38.76942725779219,IISC
2026-01-20 03:51:00,-38.581754304942315,IISC
2026-01-20 03:51:30,-42.03330496474542,IISC
2026-01-20 03:52:00,-42.45080931536397,IISC
2026-01-20 03:52:30,-46.20698857486191,IISC
2026-01-20 03:53:00,-44.95855534293445,IISC
2026-01-20 03:53:30,-45.07959081983999,IISC
2026-01-20 03:54:00,-43.92363412267268,IISC
2026-01-20 03:54:30,-45.779964581927764,IISC
2026-01-20 03:55:00,-43.805318559493955,IISC
2026-01-20 03:55:30,-41.24589446495389,IISC
2026-01-20 03:56:00,-40.86646868866393,IISC
2026-01-20 03:56:30,-41.30981207783346,IISC
2026-01-20 03:57:00,-40.65023679366867,IISC
2026-01-20 03:57:30,-41.01470313058663,IISC
2026-01-20 03:58:00,-40.62167786672188,IISC
2026-01-20 03:58:30,-41.05822151210402,IISC
2026-01-20 03:59:00,-44.37241731396482,IISC
2026-01-20 03:59:30,-46.873363597747904,IISC
2026-01-20 04:00:00,-44.53017139820311,IISC
2026-01-20 04:00:30,-45.35430052052602,IISC
2026-01-20 04:01:00,-43.45037185982536,IISC
2026-01-20 04:01:30,-43.16070272483355,IISC
2026-01-20 04:02:00,-49.2855732205459,IISC
2026-01-20 04:02:30,-55.924334449755115,IISC
2026-01-20 04:03:00,-51.08359585098645,IISC
2026-01-20 04:03:30,-48.22770285740236,IISC
2026-01-20 04:04:00,-49.63542011110739,IISC
2026-01-20 04:04:30,-55.66373422300075,IISC
2026-01-20 04:05:00,-51.035997622310035,IISC
2026-01-20 04:05:30,-46.339243614198,IISC
2026-01-20 04:06:00,-45.47295607925335,IISC
2026-01-20 04:06:30,-50.937231335818865,IISC
2026-01-20 04:07:00,-52.285450800353686,IISC
2026-01-20 04:07:30,-48.62871782794328,IISC
2026-01-20 04:08:00,-51.216870843404756,IISC
2026-01-20 04:08:30,-51.63930501042229,IISC
2026-01-20 04:09:00,-45.440827271239606,IISC
2026-01-20 04:09:30,-47.6374849787406,IISC
2026-01-20 04:10:00,-49.7270466728279,IISC
2026-01-20 04:10:30,-51.33467641959332,IISC
2026-01-20 04:11:00,-50.611183544080326,IISC
2026-01-20 04:11:30,-48.400246387038,IISC
2026-01-20 04:12:00,-49.64374978926768,IISC
2026-01-20 04:12:30,-44.54717076843728,IISC
2026-01-20 04:13:00,-46.311874641907394,IISC
2026-01-20 04:13:30,-48.52162184556009,IISC
2026-01-20 04:14:00,-50.50527751508676,IISC
2026-01-20 04:14:30,-52.47227380612822,IISC
2026-01-20 04:15:00,-53.77765489100856,IISC
2026-01-20 04:15:30,-53.57060264657993,IISC
2026-01-20 04:16:00,-50.36367281347767,IISC
2026-01-20 04:16:30,-51.49770032211199,IISC
2026-01-20 04:17:00,-52.392546782736865,IISC
2026-01-20 04:17:30,-47.26820214193382,IISC
2026-01-20 04:18:00,-48.509986720630515,IISC
2026-01-20 04:18:30,-48.83682780724058,IISC
2026-01-20 04:19:00,-48.648947062164424,IISC
2026-01-20 04:19:30,-50.739698731806,IISC
2026-01-20 04:20:00,-48.66441648282709,IISC
2026-01-20 04:20:30,-51.2992422061843,IISC
2026-01-20 04:21:00,-50.01937904809282,IISC
2026-01-20 04:21:30,-48.57556648443372,IISC
2026-01-20 04:22:00,-44.400674032778575,IISC
2026-01-20 04:22:30,-47.09367534137983,IISC
2026-01-20 04:23:00,-43.56400316429341,IISC
2026-01-20 04:23:30,-44.41442463680393,IISC
2026-01-20 04:24:00,-46.92126402139927,IISC
2026-01-20 04:24:30,-48.624222439112955,IISC
2026-01-20 04:25:00,-53.129129189865,IISC
2026-01-20 04:25:30,-54.351723377541994,IISC
2026-01-20 04:26:00,-49.81221348377653,IISC
2026-01-20 04:26:30,-47.53157894531411,IISC
2026-01-20 04:27:00,-52.107807461610946,IISC
2026-01-20 04:27:30,-50.29941522848069,IISC
2026-01-20 04:28:00,-49.303422539121954,IISC
2026-01-20 04:28:30,-49.32722164681076,IISC
2026-01-20 04:29:00,-46.283315707361304,IISC
2026-01-20 04:29:30,-48.00994101030249,IISC
2026-01-20 04:30:00,-50.28989558806492,IISC
2026-01-20 04:30:30,-48.71320465602726,IISC
2026-01-20 04:31:00,-51.283508348479764,IISC
2026-01-20 04:31:30,-48.55256067801956,IISC
2026-01-20 04:32:00,-48.023030524185906,IISC
2026-01-20 04:32:30,-48.33598880647396,IISC
2026-01-20 04:33:00,-42.94039097444668,IISC
2026-01-20 04:33:30,-42.762237648713786,IISC
2026-01-20 04:34:00,-44.03650990399361,IISC
2026-01-20 04:34:30,-40.122576565323584,IISC
2026-01-20 04:35:00,-37.714106806168225,IISC
2026-01-20 04:35:30,-43.19742133723252,IISC
2026-01-20 04:36:00,-52.54299115012968,IISC
2026-01-20 04:36:30,-50.82673545747751,IISC
2026-01-20 04:37:00,-46.51977685494272,IISC
2026-01-20 04:37:30,-44.183384404251534,IISC
2026-01-20 04:38:00,-44.28130072593566,IISC
2026-01-20 04:38:30,-45.24958443985587,IISC
2026-01-20 04:39:00,-47.00663861549723,IISC
2026-01-20 04:39:30,-42.97574964518086,IISC
2026-01-20 04:40:00,-43.17838205766754,IISC
2026-01-20 04:40:30,-44.51521196389733,IISC
2026-01-20 04:41:00,-49.65853922959881,IISC
2026-01-20 04:41:30,-50.12092190846574,IISC
2026-01-20 04:42:00,-50.00804613727721,IISC
2026-01-20 04:42:30,-50.600983920166655,IISC
2026-01-20 04:43:00,-44.91911683707349,IISC
2026-01-20 04:43:30,-44.50841221504373,IISC
2026-01-20 04:44:00,-43.49661012467233,IISC
2026-01-20 04:44:30,-45.61949059409507,IISC
2026-01-20 04:45:00,-41.70011743810382,IISC
2026-01-20 04:45:30,-39.953942881906286,IISC
2026-01-20 04:46:00,-39.294367597741484,IISC
2026-01-20 04:46:30,-45.28902297611406,IISC
2026-01-20 04:47:00,-43.98347189535925,IISC
2026-01-20 04:47:30,-44.29490021351046,IISC
2026-01-20 04:48:00,-45.94043856469427,IISC
2026-01-20 04:48:30,-46.228577767213025,IISC
2026-01-20 04:49:00,-46.56414518163561,IISC
2026-01-20 04:49:30,-44.50195246427184,IISC
2026-01-20 04:50:00,-44.05928905416729,IISC
2026-01-20 04:50:30,-48.4133358964885,IISC
2026-01-20 04:51:00,-47.93684375002266,IISC
2026-01-20 04:51:30,-44.31393951334025,IISC
2026-01-20 04:52:00,-45.634450028400856,IISC
2026-01-20 04:52:30,-46.51025720756092,IISC
2026-01-20 04:53:00,-50.988399406932416,IISC
2026-01-20 04:53:30,-48.12536668857768,IISC
2026-01-20 04:54:00,-45.421787994841004,IISC
2026-01-20 04:54:30,-44.35677789806095,IISC
2026-01-20 04:55:00,-43.727291495480635,IISC
2026-01-20 04:55:30,-44.44602455300222,IISC
2026-01-20 04:56:00,-46.671241177317576,IISC
2026-01-20 04:56:30,-47.491120459140085,IISC
2026-01-20 04:57:00,-47.01037846520782,IISC
2026-01-20 04:57:30,-44.716144437904056,IISC
2026-01-20 04:58:00,-46.97110994128928,IISC
2026-01-20 04:58:30,-49.62828037303794,IISC
2026-01-20 04:59:00,-46.06912374259494,IISC
2026-01-20 04:59:30,-48.346698400279344,IISC
2026-01-20 05:00:00,-46.411830895086986,IISC
2026-01-20 05:00:30,-44.392476561810625,IISC
2026-01-20 05:01:00,-45.225709785692565,IISC
2026-01-20 05:01:30,-42.624731688956594,IISC
2026-01-20 05:02:00,-46.49605329302477,IISC
2026-01-20 05:02:30,-46.77000747562991,IISC
2026-01-20 05:03:00,-44.203934749249726,IISC
2026-01-20 05:03:30,-41.48554771711156,IISC
2026-01-20 05:04:00,-44.66299309981253,IISC
2026-01-20 05:04:30,-47.53475215829349,IISC
2026-01-20 05:05:00,-47.809764073304564,IISC
2026-01-20 05:05:30,-41.49506735999007,IISC
2026-01-20 05:06:00,-44.21133890761442,IISC
2026-01-20 05:06:30,-43.75756923878326,IISC
2026-01-20 05:07:00,-48.53960339349313,IISC
2026-01-20 05:07:30,-46.68750390270273,IISC
2026-01-20 05:08:00,-44.06285891433615,IISC
2026-01-20 05:08:30,-42.64271324624804,IISC
2026-01-20 05:09:00,-49.489452232293246,IISC
2026-01-20 05:09:30,-46.39345269799426,IISC
2026-01-20 05:10:00,-51.14785343598342,IISC
2026-01-20 05:10:30,-46.51178714826656,IISC
2026-01-20 05:11:00,-47.68984300767671,IISC
2026-01-20 05:11:30,-50.98244963111845,IISC
2026-01-20 05:12:00,-50.111402273749455,IISC
2026-01-20 05:12:30,-47.47565104291034,IISC
2026-01-20 05:13:00,-43.38696424533491,IISC
2026-01-20 05:13:30,-43.62733522456932,IISC
2026-01-20 05:14:00,-51.50008024662295,IISC
2026-01-20 05:14:30,-48.90478747979323,IISC
2026-01-20 05:15:00,-46.96397020765275,IISC
2026-01-20 05:15:30,-47.21624075624682,IISC
2026-01-20 05:16:00,-48.218183208120735,IISC
2026-01-20 05:16:30,-47.890945476291364,IISC
2026-01-20 05:17:00,-45.59671144455468,IISC
2026-01-20 05:17:30,-47.62082558695659,IISC
2026-01-20 05:18:00,-48.585879439422925,IISC
2026-01-20 05:18:30,-50.064994011761456,IISC
2026-01-20 05:19:00,-46.84722235500428,IISC
2026-01-20 05:19:30,-47.22271940811473,IISC
2026-01-20 05:20:00,-49.073761150737646,IISC
2026-01-20 05:20:30,-43.46907117107259,IISC
2026-01-20 05:21:00,-45.507464785180474,IISC
2026-01-20 05:21:30,-46.12029182257436,IISC
2026-01-20 05:22:00,-45.07789088009349,IISC
2026-01-20 05:22:30,-46.07864337414485,IISC
2026-01-20 05:23:00,-49.99835650668644,IISC
2026-01-20 05:23:30,-51.83564765661261,IISC
2026-01-20 05:24:00,-51.093115473670494,IISC
2026-01-20 05:24:30,-51.22877040389856,IISC
2026-01-20 05:25:00,-48.282440801983576,IISC
2026-01-20 05:25:30,-48.60610867364409,IISC
2026-01-20 05:26:00,-49.57235246620125,IISC
2026-01-20 05:26:30,-51.52506929440259,IISC
2026-01-20 05:27:00,-50.642122385405656,IISC
2026-01-20 05:27:30,-50.63815586277832,IISC
2026-01-20 05:28:00,-49.426939920838045,IISC
2026-01-20 05:28:30,-47.67151768735333,IISC
2026-01-20 05:29:00,-46.75572800894791,IISC
2026-01-20 05:29:30,-52.69312953115453,IISC
2026-01-20 05:30:00,-52.1352784281332,IISC
2026-01-20 05:30:30,-54.63323283214781,IISC
2026-01-20 05:31:00,-53.01013365674046,IISC
2026-01-20 05:31:30,-53.6270065329993,IISC
2026-01-20 05:32:00,-52.77584465568538,IISC
2026-01-20 05:32:30,-53.314233366196,IISC
2026-01-20 05:33:00,-52.169760704738536,IISC
2026-01-20 05:33:30,-51.222027314988786,IISC
2026-01-20 05:34:00,-54.605731647739404,IISC
2026-01-20 05:34:30,-53.91608637175753,IISC
2026-01-20 05:35:00,-53.3512541974233,IISC
2026-01-20 05:35:30,-55.81895729386019,IISC
2026-01-20 05:36:00,-57.75884905113056,IISC
2026-01-20 05:36:30,-54.75698820138953,IISC
2026-01-20 05:37:00,-55.47381733575344,IISC
2026-01-20 05:37:30,-54.634184794859515,IISC
2026-01-20 05:38:00,-51.801138956005005,IISC
2026-01-20 05:38:30,-53.42519009412405,IISC
2026-01-20 05:39:00,-52.794037748818994,IISC
2026-01-20 05:39:30,-52.49512096085779,IISC
2026-01-20 05:40:00,-55.5737735836135,IISC
2026-01-20 05:40:30,-56.32582541317748,IISC
2026-01-20 05:41:00,-54.21004142327313,IISC
2026-01-20 05:41:30,-52.41948304833091,IISC
2026-01-20 05:42:00,-49.4407001229883,IISC
2026-01-20 05:42:30,-53.126532922685094,IISC
2026-01-20 05:43:00,-56.274938588218646,IISC
2026-01-20 05:43:30,-54.6739076670357,IISC
2026-01-20 05:44:00,-52.42121389929675,IISC
2026-01-20 05:44:30,-50.68604255537666,IISC
2026-01-20 05:45:00,-50.75873800901059,IISC
2026-01-20 05:45:30,-53.67001801427311,IISC
2026-01-20 05:46:00,-57.90452843266387,IISC
2026-01-20 05:46:30,-58.85562733246506,IISC
2026-01-20 05:47:00,-57.85372815782959,IISC
2026-01-20 05:47:30,-56.23634076578511,IISC
2026-01-20 05:48:00,-57.81365911320348,IISC
2026-01-20 05:48:30,-57.90106674685192,IISC
2026-01-20 05:49:00,-55.85088175224907,IISC
2026-01-20 05:49:30,-57.01747076713082,IISC
2026-01-20 05:50:00,-51.125676992007726,IISC
2026-01-20 05:50:30,-54.023110237902756,IISC
2026-01-20 05:51:00,-52.49390935937859,IISC
2026-01-20 05:51:30,-55.208738548929794,IISC
2026-01-20 05:52:00,-56.273207737252804,IISC
2026-01-20 05:52:30,-58.56917262116431,IISC
2026-01-20 05:53:00,-57.949530380458576,IISC
2026-01-20 05:53:30,-59.74441585541185,IISC
2026-01-20 05:54:00,-59.29699261361409,IISC
2026-01-20 05:54:30,-56.58822139115951,IISC
2026-01-20 05:55:00,-54.75612277035425,IISC
2026-01-20 05:55:30,-56.85217514307066,IISC
2026-01-20 05:56:00,-58.56224924309254,IISC
2026-01-20 05:56:30,-60.89802353802097,IISC
2026-01-20 05:57:00,-57.68618242622426,IISC
2026-01-20 05:57:30,-59.02559623833565,IISC
2026-01-20 05:58:00,-59.77669609454888,IISC
2026-01-20 05:58:30,-60.6620229271702,IISC
2026-01-20 05:59:00,-59.51205001385762,IISC
2026-01-20 05:59:30,-55.3419173938867,IISC
2026-01-20 06:00:00,-51.426170784465,IISC
2026-01-20 06:00:30,-52.152836887733805,IISC
2026-01-20 06:01:00,-54.20590662319991,IISC
2026-01-20 06:01:30,-51.62925650971413,IISC
2026-01-20 06:02:00,-47.87005514749535,IISC
2026-01-20 06:02:30,-50.33670049182439,IISC
2026-01-20 06:03:00,-51.59540888358543,IISC
2026-01-20 06:03:30,-53.07518455000627,IISC
2026-01-20 06:04:00,-55.98607991240719,IISC
2026-01-20 06:04:30,-54.594096520347094,IISC
2026-01-20 06:05:00,-53.23172978538806,IISC
2026-01-20 06:05:30,-50.596904070404165,IISC
2026-01-20 06:06:00,-53.668575645095245,IISC
2026-01-20 06:06:30,-56.92270703348089,IISC
2026-01-20 06:07:00,-56.642829531670735,IISC
2026-01-20 06:07:30,-55.66801804811071,IISC
2026-01-20 06:08:00,-56.78467221331872,IISC
2026-01-20 06:08:30,-52.4289065430316,IISC
2026-01-20 06:09:00,-52.98950775227858,IISC
2026-01-20 06:09:30,-54.39947270163014,IISC
2026-01-20 06:10:00,-54.583519137181874,IISC
2026-01-20 06:10:30,-53.135475620256685,IISC
2026-01-20 06:11:00,-53.71300064256801,IISC
2026-01-20 06:11:30,-56.376385290127814,IISC
2026-01-20 06:12:00,-54.027148877260586,IISC
2026-01-20 06:12:30,-54.47880306945869,IISC
2026-01-20 06:13:00,-54.041957213691894,IISC
2026-01-20 06:13:30,-56.54139243598215,IISC
2026-01-20 06:14:00,-56.381673979740235,IISC
2026-01-20 06:14:30,-57.7821192783325,IISC
2026-01-20 06:15:00,-55.62644894783592,IISC
2026-01-20 06:15:30,-55.373649523680456,IISC
2026-01-20 06:16:00,-55.2414322597277,IISC
2026-01-20 06:16:30,-54.81833700798627,IISC
2026-01-20 06:17:00,-56.70745732606359,IISC
2026-01-20 06:17:30,-55.097579872323045,IISC
2026-01-20 06:18:00,-53.775407197332214,IISC
2026-01-20 06:18:30,-51.50550115229356,IISC
2026-01-20 06:19:00,-52.83507799352985,IISC
2026-01-20 06:19:30,-58.67908122888922,IISC
2026-01-20 06:20:00,-58.54580622464977,IISC
2026-01-20 06:20:30,-56.686302563673536,IISC
2026-01-20 06:21:00,-56.48744779563087,IISC
2026-01-20 06:21:30,-58.79966337333042,IISC
2026-01-20 06:22:00,-59.177275899133534,IISC
2026-01-20 06:22:30,-55.734338240359605,IISC
2026-01-20 06:23:00,-55.95329002656521,IISC
2026-01-20 06:23:30,-58.39878062032535,IISC
2026-01-20 06:24:00,-54.736891175345804,IISC
2026-01-20 06:24:30,-54.31379591178322,IISC
2026-01-20 06:25:00,-55.714241218256255,IISC
2026-01-20 06:25:30,-56.47581267611933,IISC
2026-01-20 06:26:00,-56.97083412944389,IISC
2026-01-20 06:26:30,-59.77807116046795,IISC
2026-01-20 06:27:00,-57.5388395088767,IISC
2026-01-20 06:27:30,-59.69027888610723,IISC
2026-01-20 06:28:00,-56.28224659374871,IISC
2026-01-20 06:28:30,-56.553027559434085,IISC
2026-01-20 06:29:00,-59.47344257653466,IISC
2026-01-20 06:29:30,-58.730910400488206,IISC
2026-01-20 06:30:00,-54.82997212749782,IISC
2026-01-20 06:30:30,-54.28735245189998,IISC
2026-01-20 06:31:00,-54.90507153417952,IISC
2026-01-20 06:31:30,-55.867613236718284,IISC
2026-01-20 06:32:00,-57.05651090746965,IISC
2026-01-20 06:32:30,-57.42037283712817,IISC
2026-01-20 06:33:00,-56.57524005817047,IISC
2026-01-20 06:33:30,-59.743165801933316,IISC
2026-01-20 06:34:00,-59.79076400844508,IISC
2026-01-20 06:34:30,-59.96211760390045,IISC
2026-01-20 06:35:00,-60.12183604832123,IISC
2026-01-20 06:35:30,-60.13241343148645,IISC
2026-01-20 06:36:00,-59.43324852444722,IISC
2026-01-20 06:36:30,-59.58238959752392,IISC
2026-01-20 06:37:00,-60.41694499331642,IISC
2026-01-20 06:37:30,-59.51469436890881,IISC
2026-01-20 06:38:00,-60.219147965560474,IISC
2026-01-20 06:38:30,-59.58979376376937,IISC
2026-01-20 06:39:00,-58.002128816645985,IISC
2026-01-20 06:39:30,-59.32959017730885,IISC
2026-01-20 06:40:00,-61.35515873230689,IISC
2026-01-20 06:40:30,-60.137702128979626,IISC
2026-01-20 06:41:00,-56.9168894890926,IISC
2026-01-20 06:41:30,-58.464360384128554,IISC
2026-01-20 06:42:00,-60.646474174508384,IISC
2026-01-20 06:42:30,-60.70359203177942,IISC
2026-01-20 06:43:00,-56.9475638864804,IISC
2026-01-20 06:43:30,-58.110018101288915,IISC
2026-01-20 06:44:00,-60.28049677609758,IISC
2026-01-20 06:44:30,-60.589356325118125,IISC
2026-01-20 06:45:00,-61.56459088745515,IISC
2026-01-20 06:45:30,-64.25759219211602,IISC
2026-01-20 06:46:00,-66.06156459876459,IISC
2026-01-20 06:46:30,-63.065732852502244,IISC
2026-01-20 06:47:00,-60.00897540403266,IISC
2026-01-20 06:47:30,-59.49015484311782,IISC
2026-01-20 06:48:00,-61.35410099241422,IISC
2026-01-20 06:48:30,-60.80957739572741,IISC
2026-01-20 06:49:00,-62.88390767312876,IISC
2026-01-20 06:49:30,-62.11091263553668,IISC
2026-01-20 06:50:00,-61.5549654614851,IISC
2026-01-20 06:50:30,-62.64782050925187,IISC
2026-01-20 06:51:00,-63.390352693967145,IISC
2026-01-20 06:51:30,-62.91437052600556,IISC
2026-01-20 06:52:00,-62.491698365650336,IISC
2026-01-20 06:52:30,-61.47214456725999,IISC
2026-01-20 06:53:00,-61.09992651219064,IISC
2026-01-20 06:53:30,-61.64540207513549,IISC
2026-01-20 06:54:00,-61.79771636789023,IISC
2026-01-20 06:54:30,-60.54969113923365,IISC
2026-01-20 06:55:00,-60.03563039187729,IISC
2026-01-20 06:55:30,-59.58059144612919,IISC
2026-01-20 06:56:00,-64.49367935993332,IISC
2026-01-20 06:56:30,-64.75832542998556,IISC
2026-01-20 06:57:00,-63.458894129785065,IISC
2026-01-20 06:57:30,-65.06866580240424,IISC
2026-01-20 06:58:00,-61.13038937570648,IISC
2026-01-20 06:58:30,-61.53307028365261,IISC
2026-01-20 06:59:00,-60.77245078259066,IISC
2026-01-20 06:59:30,-61.68062475575616,IISC
2026-01-20 07:00:00,-63.694981279476586,IISC
2026-01-20 07:00:30,-62.67627367489177,IISC
2026-01-20 07:01:00,-67.63801753037187,IISC
2026-01-20 07:01:30,-63.506492339843156,IISC
2026-01-20 07:02:00,-65.64174832654444,IISC
2026-01-20 07:02:30,-66.99734553312543,IISC
2026-01-20 07:03:00,-66.41474336413651,IISC
2026-01-20 07:03:30,-67.20106590097043,IISC
2026-01-20 07:04:00,-63.91964485889603,IISC
2026-01-20 07:04:30,-63.09143589891323,IISC
2026-01-20 07:05:00,-65.54179207868438,IISC
2026-01-20 07:05:30,-65.58082261369819,IISC
2026-01-20 07:06:00,-63.87775842865445,IISC
2026-01-20 07:06:30,-63.729251993839206,IISC
2026-01-20 07:07:00,-64.4260898797344,IISC
2026-01-20 07:07:30,-64.26806380716314,IISC
2026-01-20 07:08:00,-64.68978400126034,IISC
2026-01-20 07:08:30,-64.41276238403891,IISC
2026-01-20 07:09:00,-68.47098631100583,IISC
2026-01-20 07:09:30,-65.47801046351762,IISC
2026-01-20 07:10:00,-63.67974983707965,IISC
2026-01-20 07:10:30,-63.68450967191619,IISC
2026-01-20 07:11:00,-64.18048308519418,IISC
2026-01-20 07:11:30,-64.86399346830119,IISC
2026-01-20 07:12:00,-63.44937448139001,IISC
2026-01-20 07:12:30,-64.11194164937623,IISC
2026-01-20 07:13:00,-63.12570661327585,IISC
2026-01-20 07:13:30,-64.02816878534676,IISC
2026-01-20 07:14:00,-66.10916281236902,IISC
2026-01-20 07:14:30,-67.75320521353619,IISC
2026-01-20 07:15:00,-65.55131171998673,IISC
2026-01-20 07:15:30,-62.409829430590584,IISC
2026-01-20 07:16:00,-61.09231081049707,IISC
2026-01-20 07:16:30,-64.70025560527438,IISC
2026-01-20 07:17:00,-62.90389892199151,IISC
2026-01-20 07:17:30,-63.21614321628724,IISC
2026-01-20 07:18:00,-63.95581950577473,IISC
2026-01-20 07:18:30,-63.09333983142932,IISC
2026-01-20 07:19:00,-62.21562871114062,IISC
2026-01-20 07:19:30,-64.388011314525,IISC
2026-01-20 07:20:00,-64.41942613011348,IISC
2026-01-20 07:20:30,-66.44044640345483,IISC
2026-01-20 07:21:00,-65.27619402818871,IISC
2026-01-20 07:21:30,-67.66562448802088,IISC
2026-01-20 07:22:00,-67.4028823398457,IISC
2026-01-20 07:22:30,-67.46571197811537,IISC
2026-01-20 07:23:00,-69.50767547012383,IISC
2026-01-20 07:23:30,-66.46995729361993,IISC
2026-01-20 07:24:00,-64.56222078156587,IISC
2026-01-20 07:24:30,-69.2620686755836,IISC
2026-01-20 07:25:00,-69.65047012512255,IISC
2026-01-20 07:25:30,-67.97215699895374,IISC
2026-01-20 07:26:00,-70.93942981421631,IISC
2026-01-20 07:26:30,-71.80857325591438,IISC
2026-01-20 07:27:00,-72.17031969633064,IISC
2026-01-20 07:27:30,-71.19170036547017,IISC
2026-01-20 07:28:00,-73.08896527351017,IISC
2026-01-20 07:28:30,-70.03220781085523,IISC
2026-01-20 07:29:00,-69.0612042029664,IISC
2026-01-20 07:29:30,-65.19369045053308,IISC
2026-01-20 07:30:00,-64.51568029406275,IISC
2026-01-20 07:30:30,-63.43044096650937,IISC
2026-01-20 07:31:00,-62.382222466242915,IISC
2026-01-20 07:31:30,-61.016682530125664,IISC
2026-01-20 07:32:00,-61.30438729311384,IISC
2026-01-20 07:32:30,-64.95252614982957,IISC
2026-01-20 07:33:00,-64.75367138572727,IISC
2026-01-20 07:33:30,-63.356399300114376,IISC
2026-01-20 07:34:00,-61.15841942907613,IISC
2026-01-20 07:34:30,-60.90456228433589,IISC
2026-01-20 07:35:00,-65.39466069914916,IISC
2026-01-20 07:35:30,-63.861998124783,IISC
2026-01-20 07:36:00,-60.67080214987782,IISC
2026-01-20 07:36:30,-62.59482783437055,IISC
2026-01-20 07:37:00,-64.55164339682449,IISC
2026-01-20 07:37:30,-66.35402920052971,IISC
2026-01-20 07:38:00,-66.66500421042176,IISC
2026-01-20 07:38:30,-66.50211253726007,IISC
2026-01-20 07:39:00,-65.97535893443988,IISC
2026-01-20 07:39:30,-65.87910476536811,IISC
2026-01-20 07:40:00,-63.085618334429014,IISC
2026-01-20 07:40:30,-62.72492962169023,IISC
2026-01-20 07:41:00,-62.37058735067175,IISC
2026-01-20 07:41:30,-62.23519686979926,IISC
2026-01-20 07:42:00,-63.40505525479361,IISC
2026-01-20 07:42:30,-66.014495250181,IISC
2026-01-20 07:43:00,-63.53938799143902,IISC
2026-01-20 07:43:30,-63.36909215597226,IISC
2026-01-20 07:44:00,-65.74794524564248,IISC
2026-01-20 07:44:30,-65.86535417316391,IISC
2026-01-20 07:45:00,-65.03926068390359,IISC
2026-01-20 07:45:30,-63.87363324823494,IISC
2026-01-20 07:46:00,-64.47548625379646,IISC
2026-01-20 07:46:30,-64.54952792019145,IISC
2026-01-20 07:47:00,-64.4638511382253,IISC
2026-01-20 07:47:30,-67.18964232872814,IISC
2026-01-20 07:48:00,-68.48960250104221,IISC
2026-01-20 07:48:30,-66.48518871631495,IISC
2026-01-20 07:49:00,-65.13551485297533,IISC
2026-01-20 07:49:30,-65.315330335261,IISC
2026-01-20 07:50:00,-69.77263887211306,IISC
2026-01-20 07:50:30,-68.82807871504458,IISC
2026-01-20 07:51:00,-68.58056798838233,IISC
2026-01-20 07:51:30,-67.29541613673804,IISC
2026-01-20 07:52:00,-64.02488980976584,IISC
2026-01-20 07:52:30,-64.88800411449193,IISC
2026-01-20 07:53:00,-63.26543382459541,IISC
2026-01-20 07:53:30,-64.3750011314586,IISC
2026-01-20 07:54:00,-67.27955007184116,IISC
2026-01-20 07:54:30,-67.66985544168101,IISC
2026-01-20 07:55:00,-66.65865778052263,IISC
2026-01-20 07:55:30,-67.48369353343662,IISC
2026-01-20 07:56:00,-68.88308109568257,IISC
2026-01-20 07:56:30,-70.41257045312899,IISC
2026-01-20 07:57:00,-66.82683814329673,IISC
2026-01-20 07:57:30,-64.89858150553792,IISC
2026-01-20 07:58:00,-68.02948641019269,IISC
2026-01-20 07:58:30,-65.73207916498407,IISC
2026-01-20 07:59:00,-67.15262149750083,IISC
2026-01-20 07:59:30,-65.64217142581144,IISC
2026-01-20 08:00:00,-65.82516012107646,IISC
2026-01-20 08:00:30,-67.12300482857862,IISC
2026-01-20 08:01:00,-69.16232396395974,IISC
2026-01-20 08:01:30,-68.36478939939454,IISC
2026-01-20 08:02:00,-66.12450001539735,IISC
2026-01-20 08:02:30,-68.26959297849027,IISC
2026-01-20 08:03:00,-68.5149882245791,IISC
2026-01-20 08:03:30,-68.7603834785487,IISC
2026-01-20 08:04:00,-70.97634487929572,IISC
2026-01-20 08:04:30,-70.51199783912051,IISC
2026-01-20 08:05:00,-67.49003995151462,IISC
2026-01-20 08:05:30,-66.76337385218618,IISC
2026-01-20 08:06:00,-67.22560542360912,IISC
2026-01-20 08:06:30,-68.20295547440034,IISC
2026-01-20 08:07:00,-69.42464302705332,IISC
2026-01-20 08:07:30,-69.56637992600379,IISC
2026-01-20 08:08:00,-68.3520965356559,IISC
2026-01-20 08:08:30,-68.9698156297566,IISC
2026-01-20 08:09:00,-72.43285029487232,IISC
2026-01-20 08:09:30,-70.5564228326529,IISC
2026-01-20 08:10:00,-67.72168461328,IISC
2026-01-20 08:10:30,-69.24800076168742,IISC
2026-01-20 08:11:00,-71.85849849342112,IISC
2026-01-20 08:11:30,-68.81221263438619,IISC
2026-01-20 08:12:00,-68.90423586201301,IISC
2026-01-20 08:12:30,-69.92812638296965,IISC
2026-01-20 08:13:00,-68.6461477561259,IISC
2026-01-20 08:13:30,-70.51411331181316,IISC
2026-01-20 08:14:00,-71.29895502052048,IISC
2026-01-20 08:14:30,-71.3137633530114,IISC
2026-01-20 08:15:00,-70.95307464421302,IISC
2026-01-20 08:15:30,-67.76082092114036,IISC
2026-01-20 08:16:00,-69.59282339770817,IISC
2026-01-20 08:16:30,-68.65884060804339,IISC
2026-01-20 08:17:00,-69.93341507258208,IISC
2026-01-20 08:17:30,-71.13606333947804,IISC
2026-01-20 08:18:00,-72.73747889456716,IISC
2026-01-20 08:18:30,-70.83778118938424,IISC
2026-01-20 08:19:00,-71.73368539571385,IISC
2026-01-20 08:19:30,-70.95413237661896,IISC
2026-01-20 08:20:00,-70.35651033614467,IISC
2026-01-20 08:20:30,-70.4792079572189,IISC
2026-01-20 08:21:00,-70.99221095995412,IISC
2026-01-20 08:21:30,-72.37467469731459,IISC
2026-01-20 08:22:00,-73.14999676708378,IISC
2026-01-20 08:22:30,-71.5781978769765,IISC
2026-01-20 08:23:00,-72.12187528892066,IISC
2026-01-20 08:23:30,-70.2391013968021,IISC
2026-01-20 08:24:00,-70.96999845333697,IISC
2026-01-20 08:24:30,-70.31420080742417,IISC
2026-01-20 08:25:00,-72.17053123571912,IISC
2026-01-20 08:25:30,-73.04845390051884,IISC
2026-01-20 08:26:00,-68.4187340476266,IISC
2026-01-20 08:26:30,-72.45083185216377,IISC
2026-01-20 08:27:00,-74.50707480454962,IISC
2026-01-20 08:27:30,-74.49861289801746,IISC
2026-01-20 08:28:00,-73.99830275508049,IISC
2026-01-20 08:28:30,-76.32638441343843,IISC
2026-01-20 08:29:00,-63.17592272522406,IISC
2026-01-20 08:29:30,-62.73801913311093,IISC
2026-01-20 08:30:00,-72.98075865220183,IISC
2026-01-20 08:30:30,-71.60252586416706,IISC
2026-01-20 08:31:00,-72.44765863918441,IISC
2026-01-20 08:31:30,-73.80896762597597,IISC
2026-01-20 08:32:00,-72.07956576808094,IISC
2026-01-20 08:32:30,-69.04279955980526,IISC
2026-01-20 08:33:00,-75.74885937930593,IISC
2026-01-20 08:33:30,-64.59910939959175,IISC
2026-01-20 08:34:00,-63.75781092572554,IISC
2026-01-20 08:34:30,-61.1375291155491,IISC
2026-01-20 08:35:00,-64.28734108399212,IISC
2026-01-20 08:35:30,-63.72449215988925,IISC
2026-01-20 08:36:00,-63.89227588039933,IISC
2026-01-20 08:36:30,-62.745158866747445,IISC
2026-01-20 08:37:00,-62.867724278659146,IISC
2026-01-20 08:37:30,-65.78073513246954,IISC
2026-01-20 08:38:00,-66.78505748225686,IISC
2026-01-20 08:38:30,-66.70176060756248,IISC
2026-01-20 08:39:00,-64.98346500051329,IISC
2026-01-20 08:39:30,-64.69192591913482,IISC
2026-01-20 08:40:00,-64.8049716817649,IISC
2026-01-20 08:40:30,-62.952211111176084,IISC
2026-01-20 08:41:00,-64.05648973187468,IISC
2026-01-20 08:41:30,-64.75380360621841,IISC
2026-01-20 08:42:00,-64.64075783028954,IISC
2026-01-20 08:42:30,-65.25715474558402,IISC
2026-01-20 08:43:00,-64.79664200360462,IISC
2026-01-20 08:43:30,-62.17398027335015,IISC
2026-01-20 08:44:00,-64.63943566330447,IISC
2026-01-20 08:44:30,-64.91233211350364,IISC
2026-01-20 08:45:00,-62.608578430515145,IISC
2026-01-20 08:45:30,-63.423036804204294,IISC
2026-01-20 08:46:00,-65.621016659481,IISC
2026-01-20 08:46:30,-65.334369621018,IISC
2026-01-20 08:47:00,-63.85670944305135,IISC
2026-01-20 08:47:30,-66.06103573216757,IISC
2026-01-20 08:48:00,-66.80039469129426,IISC
2026-01-20 08:48:30,-67.77351378093861,IISC
2026-01-20 08:49:00,-67.33878340968562,IISC
2026-01-20 08:49:30,-67.95967569312339,IISC
2026-01-20 08:50:00,-69.23425016160246,IISC
2026-01-20 08:50:30,-70.44112937782411,IISC
2026-01-20 08:51:00,-72.57035625237788,IISC
2026-01-20 08:51:30,-70.82403058929928,IISC
2026-01-20 08:52:00,-69.14963111598263,IISC
2026-01-20 08:52:30,-67.77880247449141,IISC
2026-01-20 08:53:00,-66.65548457148364,IISC
2026-01-20 08:53:30,-66.89664887218716,IISC
2026-01-20 08:54:00,-69.49762696104237,IISC
2026-01-20 08:54:30,-71.13712108370513,IISC
2026-01-20 08:55:00,-73.05585807858544,IISC
2026-01-20 08:55:30,-72.14303005131073,IISC
2026-01-20 08:56:00,-73.76454262062242,IISC
2026-01-20 08:56:30,-73.2367313011578,IISC
2026-01-20 08:57:00,-73.2853872440159,IISC
2026-01-20 08:57:30,-71.9367711170226,IISC
2026-01-20 08:58:00,-70.31948948915584,IISC
2026-01-20 08:58:30,-71.5327151431574,IISC
2026-01-20 08:59:00,-72.69411162555997,IISC
2026-01-20 08:59:30,-70.50036271566857,IISC
2026-01-20 09:00:00,-68.84394478782222,IISC
2026-01-20 09:00:30,-69.9810132830342,IISC
2026-01-20 09:01:00,-68.8756769333775,IISC
2026-01-20 09:01:30,-69.70388590321124,IISC
2026-01-20 09:02:00,-72.28159375304334,IISC
2026-01-20 09:02:30,-74.13580871652641,IISC
2026-01-20 09:03:00,-73.20394140743504,IISC
2026-01-20 09:03:30,-70.38295378814715,IISC
2026-01-20 09:04:00,-70.41045496861518,IISC
2026-01-20 09:04:30,-72.25290260785708,IISC
2026-01-20 09:05:00,-70.44536033700078,IISC
2026-01-20 09:05:30,-70.10741299806722,IISC
2026-01-20 09:06:00,-69.92415986576034,IISC
2026-01-20 09:06:30,-72.42306623071349,IISC
2026-01-20 09:07:00,-70.55245631495103,IISC
2026-01-20 09:07:30,-72.92522741225655,IISC
2026-01-20 09:08:00,-72.06250973304782,IISC
2026-01-20 09:08:30,-71.40803425609029,IISC
2026-01-20 09:09:00,-73.7415368250443,IISC
2026-01-20 09:09:30,-75.03501834499792,IISC
2026-01-20 09:10:00,-72.88357897269287,IISC
2026-01-20 09:10:30,-73.16321849357756,IISC
2026-01-20 09:11:00,-74.63638329010213,IISC
2026-01-20 09:11:30,-73.08468143687462,IISC
2026-01-20 09:12:00,-73.29768345268428,IISC
2026-01-20 09:12:30,-73.01566402502036,IISC
2026-01-20 09:13:00,-74.15683126729118,IISC
2026-01-20 09:13:30,-74.82320629587666,IISC
2026-01-20 09:14:00,-73.62373124442281,IISC
2026-01-20 09:14:30,-73.93549955115658,IISC
2026-01-20 09:15:00,-74.31152547391787,IISC
2026-01-20 09:15:30,-74.1877701041836,IISC
2026-01-20 09:16:00,-75.41699403914022,IISC
2026-01-20 09:16:30,-74.11994264571895,IISC
2026-01-20 09:17:00,-76.07265947835323,IISC
2026-01-20 09:17:30,-75.47530184832323,IISC
2026-01-20 09:18:00,-74.10566318731178,IISC
2026-01-20 09:18:30,-72.92998722581501,IISC
2026-01-20 09:19:00,-75.10998554596493,IISC
2026-01-20 09:19:30,-75.30632816999059,IISC
2026-01-20 09:20:00,-75.14092438729027,IISC
2026-01-20 09:20:30,-75.03858822289851,IISC
2026-01-20 09:21:00,-74.89460362337603,IISC
2026-01-20 09:21:30,-76.10716817984743,IISC
2026-01-20 09:22:00,-72.52421244171562,IISC
2026-01-20 09:22:30,-70.5250873382275,IISC
2026-01-20 09:23:00,-72.57181064379446,IISC
2026-01-20 09:23:30,-86.18767712084406,IISC
2026-01-20 09:24:00,-84.61799371525059,IISC
2026-01-20 09:24:30,-82.88647636890138,IISC
2026-01-20 09:25:00,-83.6607406905031,IISC
2026-01-20 09:25:30,-86.61183010893184,IISC
2026-01-20 09:26:00,-88.1064141078436,IISC
2026-01-20 09:26:30,-89.433875484268,IISC
2026-01-20 09:27:00,-89.16944094848175,IISC
2026-01-20 09:27:30,-86.13055925569226,IISC
2026-01-20 09:28:00,-83.58035259420896,IISC
2026-01-20 09:28:30,-82.82935851163035,IISC
2026-01-20 09:29:00,-85.9253580538101,IISC
2026-01-20 09:29:30,-85.11195742828842,IISC
2026-01-20 09:30:00,-87.44003907482521,IISC
2026-01-20 09:30:30,-88.3835415034281,IISC
2026-01-20 09:31:00,-86.17286878047237,IISC
2026-01-20 09:31:30,-85.3404288613129,IISC
2026-01-20 09:32:00,-85.71698363500818,IISC
2026-01-20 09:32:30,-85.90949198497285,IISC
2026-01-20 09:33:00,-88.27459447061771,IISC
2026-01-20 09:33:30,-86.51557593197931,IISC
2026-01-20 09:34:00,-88.87010105416088,IISC
2026-01-20 09:34:30,-87.61139266634021,IISC
2026-01-20 09:35:00,-86.08507652581355,IISC
2026-01-20 09:35:30,-84.68886216866619,IISC
2026-01-20 09:36:00,-85.78467887544441,IISC
2026-01-20 09:36:30,-86.80433845101577,IISC
2026-01-20 09:37:00,-86.37595452148302,IISC
2026-01-20 09:37:30,-87.2094521769888,IISC
2026-01-20 09:38:00,-90.61325350820047,IISC
2026-01-20 09:38:30,-91.17385472138784,IISC
2026-01-20 09:39:00,-88.30844209280603,IISC
2026-01-20 09:39:30,-84.8380032456833,IISC
2026-01-20 09:40:00,-87.548986111576,IISC
2026-01-20 09:40:30,-85.8079491184079,IISC
2026-01-20 09:41:00,-88.47450698682785,IISC
2026-01-20 09:41:30,-90.33612611655636,IISC
2026-01-20 09:42:00,-91.19289401108524,IISC
2026-01-20 09:42:30,-89.84110467111256,IISC
2026-01-20 09:43:00,-88.54854865322285,IISC
2026-01-20 09:43:30,-89.1271314118805,IISC
2026-01-20 09:44:00,-93.15827724897753,IISC
2026-01-20 09:44:30,-94.71378697255673,IISC
2026-01-20 09:45:00,-93.4962246003233,IISC
2026-01-20 09:45:30,-89.45323208738256,IISC
2026-01-20 09:46:00,-89.17906635829625,IISC
2026-01-20 09:46:30,-90.21861140554934,IISC
2026-01-20 09:47:00,-89.93682997122309,IISC
2026-01-20 09:47:30,-91.54279378235645,IISC
2026-01-20 09:48:00,-89.4627517286849,IISC
2026-01-20 09:48:30,-90.16149354000352,IISC
2026-01-20 09:49:00,-89.53414905973061,IISC
2026-01-20 09:49:30,-87.24277091878876,IISC
2026-01-20 09:50:00,-87.5064650403147,IISC
2026-01-20 09:50:30,-89.69788691921109,IISC
2026-01-20 09:51:00,-91.38762360855931,IISC
2026-01-20 09:51:30,-90.98113483912736,IISC
2026-01-20 09:52:00,-91.281955563151,IISC
2026-01-20 09:52:30,-91.23150145077243,IISC
2026-01-20 09:53:00,-89.57984333727264,IISC
2026-01-20 09:53:30,-91.12678538226116,IISC
2026-01-20 09:54:00,-90.7431437533734,IISC
2026-01-20 09:54:30,-91.66570296567339,IISC
2026-01-20 09:55:00,-90.56988625101442,IISC
2026-01-20 09:55:30,-88.08208613247417,IISC
2026-01-20 09:56:00,-88.60143555722777,IISC
2026-01-20 09:56:30,-89.2022308225026,IISC
2026-01-20 09:57:00,-86.43095689424025,IISC
2026-01-20 09:57:30,-88.05246945961159,IISC
2026-01-20 09:58:00,-86.8064539237084,IISC
2026-01-20 09:58:30,-85.45466458373573,IISC
2026-01-20 09:59:00,-87.13329501425886,IISC
2026-01-20 09:59:30,-91.56944878872088,IISC
2026-01-20 10:00:00,-92.57958871353293,IISC
2026-01-20 10:00:30,-92.0993755966397,IISC
2026-01-20 10:01:00,-90.7707507181151,IISC
2026-01-20 10:01:30,-89.36374742935116,IISC
2026-01-20 10:02:00,-91.0563400245662,IISC
2026-01-20 10:02:30,-90.8364362551589,IISC
2026-01-20 10:03:00,-87.85583594774717,IISC
2026-01-20 10:03:30,-87.72541682573225,IISC
2026-01-20 10:04:00,-88.87348581362143,IISC
2026-01-20 10:04:30,-92.61089776060929,IISC
2026-01-20 10:05:00,-91.49900343378417,IISC
2026-01-20 10:05:30,-92.29294168295068,IISC
2026-01-20 10:06:00,-90.3271353426391,IISC
2026-01-20 10:06:30,-90.34522265898576,IISC
2026-01-20 10:07:00,-89.00126057388651,IISC
2026-01-20 10:07:30,-89.1171886862846,IISC
2026-01-20 10:08:00,-88.03977660769408,IISC
2026-01-20 10:08:30,-89.59042072359016,IISC
2026-01-20 10:09:00,-85.65563482841145,IISC
2026-01-20 10:09:30,-87.36388193967794,IISC
2026-01-20 10:10:00,-87.7594759991302,IISC
2026-01-20 10:10:30,-85.40600862511613,IISC
2026-01-20 10:11:00,-83.56871746681665,IISC
2026-01-20 10:11:30,-89.93101241028519,IISC
2026-01-20 10:12:00,-90.20708206164261,IISC
2026-01-20 10:12:30,-90.24833385401678,IISC
2026-01-20 10:13:00,-88.71672901599693,IISC
2026-01-20 10:13:30,-88.37719506564821,IISC
2026-01-20 10:14:00,-88.7431724679994,IISC
2026-01-20 10:14:30,-86.21200508833272,IISC
2026-01-20 10:15:00,-86.72606583529506,IISC
2026-01-20 10:15:30,-89.43916416994003,IISC
2026-01-20 10:16:00,-89.87812549839948,IISC
2026-01-20 10:16:30,-90.67142911363898,IISC
2026-01-20 10:17:00,-92.12899226950229,IISC
2026-01-20 10:17:30,-89.82841180737393,IISC
2026-01-20 10:18:00,-88.72836414338923,IISC
2026-01-20 10:18:30,-90.59527196273018,IISC
2026-01-20 10:19:00,-88.68856674390932,IISC
2026-01-20 10:19:30,-88.06741001505637,IISC
2026-01-20 10:20:00,-89.45370807228475,IISC
2026-01-20 10:20:30,-87.9972026498125,IISC
2026-01-20 10:21:00,-89.93326009952861,IISC
2026-01-20 10:21:30,-94.01917033180672,IISC
2026-01-20 10:22:00,-91.82013273230291,IISC
2026-01-20 10:22:30,-87.53100455428456,IISC
2026-01-20 10:23:00,-90.29170111908358,IISC
2026-01-20 10:23:30,-90.69893030592817,IISC
2026-01-20 10:24:00,-95.02864917140231,IISC
2026-01-20 10:24:30,-93.52335557572987,IISC
2026-01-20 10:25:00,-89.52510539535118,IISC
2026-01-20 10:25:30,-87.996012687557,IISC
2026-01-20 10:26:00,-87.06136882449692,IISC
2026-01-20 10:26:30,-88.62470580807202,IISC
2026-01-20 10:27:00,-87.35965097853108,IISC
2026-01-20 10:27:30,-84.71213240768931,IISC
2026-01-20 10:28:00,-86.56211642578704,IISC
2026-01-20 10:28:30,-84.35144369495055,IISC
2026-01-20 10:29:00,-83.81834367799274,IISC
2026-01-20 10:29:30,-86.55471225560119,IISC
2026-01-20 10:30:00,-85.96026341628513,IISC
2026-01-20 10:30:30,-87.37340157861607,IISC
2026-01-20 10:31:00,-86.44153426952471,IISC
2026-01-20 10:31:30,-84.82002170021299,IISC
2026-01-20 10:32:00,-85.71275268962285,IISC
2026-01-20 10:32:30,-88.0207373140563,IISC
2026-01-20 10:33:00,-86.92174739823909,IISC
2026-01-20 10:33:30,-87.07974702602256,IISC
2026-01-20 10:34:00,-90.68293201167431,IISC
2026-01-20 10:34:30,-90.87689473778659,IISC
2026-01-20 10:35:00,-91.55040950887444,IISC
2026-01-20 10:35:30,-91.06490770138367,IISC
2026-01-20 10:36:00,-89.88209201511627,IISC
2026-01-20 10:36:30,-86.81081709007739,IISC
2026-01-20 10:37:00,-82.91014326496494,IISC
2026-01-20 10:37:30,-84.27978193927517,IISC
2026-01-20 10:38:00,-97.21988595353078,IISC
2026-01-20 10:38:30,-99.06986997162852,IISC
2026-01-20 10:39:00,-93.09153398386222,IISC
2026-01-20 10:39:30,-92.69699764499475,IISC
2026-01-20 10:40:00,-92.44948692621324,IISC
2026-01-20 10:40:30,-91.57791069525304,IISC
2026-01-20 10:41:00,-91.649836885015,IISC
2026-01-20 10:41:30,-91.19818270266785,IISC
2026-01-20 10:42:00,-91.52423048997345,IISC
2026-01-20 10:42:30,-93.9041413076167,IISC
2026-01-20 10:43:00,-93.29726404603677,IISC
2026-01-20 10:43:30,-88.88966921252397,IISC
2026-01-20 10:44:00,-87.34629704188967,IISC
2026-01-20 10:44:30,-86.98838489050786,IISC
2026-01-20 10:45:00,-90.71744071050875,IISC
2026-01-20 10:45:30,-89.13146815178447,IISC
2026-01-20 10:46:00,-87.82537307713865,IISC
2026-01-20 10:46:30,-90.94210429347454,IISC
2026-01-20 10:47:00,-94.28445105903424,IISC
2026-01-20 10:47:30,-94.05788354000603,IISC
2026-01-20 10:48:00,-90.82025286423564,IISC
2026-01-20 10:48:30,-92.17204220578445,IISC
2026-01-20 10:49:00,-92.6975265234129,IISC
2026-01-20 10:49:30,-94.68808392969207,IISC
2026-01-20 10:50:00,-91.75888969382427,IISC
2026-01-20 10:50:30,-91.88169309286755,IISC
2026-01-20 10:51:00,-89.81593049405686,IISC
2026-01-20 10:51:30,-88.81731992497268,IISC
2026-01-20 10:52:00,-89.29330208229521,IISC
2026-01-20 10:52:30,-89.83687370208496,IISC
2026-01-20 10:53:00,-88.24042952161491,IISC
2026-01-20 10:53:30,-91.02492519124598,IISC
2026-01-20 10:54:00,-87.90248219154724,IISC
2026-01-20 10:54:30,-85.0380215264652,IISC
2026-01-20 10:55:00,-85.90621300190519,IISC
2026-01-20 10:55:30,-88.8877652720286,IISC
2026-01-20 10:56:00,-89.83972960440542,IISC
2026-01-20 10:56:30,-83.48198295244454,IISC
2026-01-20 10:57:00,-80.79532805404051,IISC
2026-01-20 10:57:30,-80.01894827944804,IISC
2026-01-20 10:58:00,-86.86674501287264,IISC
2026-01-20 10:58:30,-81.96127281849382,IISC
2026-01-20 10:59:00,-82.14404996412534,IISC
2026-01-20 10:59:30,-82.54197105851298,IISC
2026-01-20 11:00:00,-85.44451029944348,IISC
2026-01-20 11:00:30,-86.25082407804744,IISC
2026-01-20 11:01:00,-87.93484897694012,IISC
2026-01-20 11:01:30,-86.60114695528429,IISC
2026-01-20 11:02:00,-74.79477958723972,IISC
2026-01-20 11:02:30,-71.3476109791401,IISC
2026-01-20 11:03:00,-71.22385560595801,IISC
2026-01-20 11:03:30,-81.92414621244976,IISC
2026-01-20 11:04:00,-81.56525565662226,IISC
2026-01-20 11:04:30,-83.63673004234218,IISC
2026-01-20 11:05:00,-78.56751998139018,IISC
2026-01-20 11:05:30,-76.55982721438336,IISC
2026-01-20 11:06:00,-79.1291789352583,IISC
2026-01-20 11:06:30,-81.55288012363846,IISC
2026-01-20 11:07:00,-78.40483986062027,IISC
2026-01-20 11:07:30,-78.00078389463583,IISC
2026-01-20 11:08:00,-76.4554284644118,IISC
2026-01-20 11:08:30,-82.99605804154939,IISC
2026-01-20 11:09:00,-80.96647009316375,IISC
2026-01-20 11:09:30,-81.24920349729436,IISC
2026-01-20 11:10:00,-80.973133846331,IISC
2026-01-20 11:10:30,-78.65986053464937,IISC
2026-01-20 11:11:00,-77.90780870508539,IISC
2026-01-20 11:11:30,-78.02014050366097,IISC
2026-01-20 11:12:00,-78.48565105696946,IISC
2026-01-20 11:12:30,-79.21009590406001,IISC
2026-01-20 11:13:00,-75.32703342103105,IISC
2026-01-20 11:13:30,-78.86167696997828,IISC
2026-01-20 11:14:00,-78.46661176727207,IISC
2026-01-20 11:14:30,-77.14909314008587,IISC
2026-01-20 11:15:00,-77.72598352216558,IISC
2026-01-20 11:15:30,-78.75981677541674,IISC
2026-01-20 11:16:00,-79.26816573586389,IISC
2026-01-20 11:16:30,-78.77980803491853,IISC
2026-01-20 11:17:00,-77.87353798363009,IISC
2026-01-20 11:17:30,-75.53170574449504,IISC
2026-01-20 11:18:00,-74.86152285353718,IISC
2026-01-20 11:18:30,-74.03712175149386,IISC
2026-01-20 11:19:00,-77.48799243641159,IISC
2026-01-20 11:19:30,-75.54788913896466,IISC
2026-01-20 11:20:00,-75.27086752528957,IISC
2026-01-20 11:20:30,-76.65978347997515,IISC
2026-01-20 11:21:00,-72.00277397181799,IISC
2026-01-20 11:21:30,-70.96608482333902,IISC
2026-01-20 11:22:00,-72.97568152286193,IISC
2026-01-20 11:22:30,-72.63392631712304,IISC
2026-01-20 11:23:00,-73.40406546303367,IISC
2026-01-20 11:23:30,-77.2452415406455,IISC
2026-01-20 11:24:00,-74.59116498593667,IISC
2026-01-20 11:24:30,-74.7187282091775,IISC
2026-01-20 11:25:00,-75.35844823661952,IISC
2026-01-20 11:25:30,-74.22254323877928,IISC
2026-01-20 11:26:00,-72.82844436614575,IISC
2026-01-20 11:26:30,-73.4525098783244,IISC
2026-01-20 11:27:00,-76.3253266731517,IISC
2026-01-20 11:27:30,-73.83329560134537,IISC
2026-01-20 11:28:00,-70.060343642982,IISC
2026-01-20 11:28:30,-69.69753946149096,IISC
2026-01-20 11:29:00,-67.47523162690443,IISC
2026-01-20 11:29:30,-67.70793401713541,IISC
2026-01-20 11:30:00,-70.0402466169383,IISC
2026-01-20 11:30:30,-73.99724502267453,IISC
2026-01-20 11:31:00,-72.6856497190278,IISC
2026-01-20 11:31:30,-72.39371398701198,IISC
2026-01-20 11:32:00,-72.36832827923661,IISC
2026-01-20 11:32:30,-68.47384221687265,IISC
2026-01-20 11:33:00,-67.75130127747377,IISC
2026-01-20 11:33:30,-68.73277650001569,IISC
2026-01-20 11:34:00,-68.84701222046832,IISC
2026-01-20 11:34:30,-68.41386845255269,IISC
2026-01-20 11:35:00,-71.72860824273167,IISC
2026-01-20 11:35:30,-67.34481251158816,IISC
2026-01-20 11:36:00,-69.75994601625517,IISC
2026-01-20 11:36:30,-68.57739476752218,IISC
2026-01-20 11:37:00,-68.9550072933253,IISC
2026-01-20 11:37:30,-69.77792756172546,IISC
2026-01-20 11:38:00,-69.11578348985392,IISC
2026-01-20 11:38:30,-69.96197400121758,IISC
2026-01-20 11:39:00,-66.56134587510454,IISC
2026-01-20 11:39:30,-69.69542399273868,IISC
2026-01-20 11:40:00,-70.20948472393948,IISC
2026-01-20 11:40:30,-67.57994771038915,IISC
2026-01-20 11:41:00,-67.3927280500369,IISC
2026-01-20 11:41:30,-68.04112153758498,IISC
2026-01-20 11:42:00,-70.43160974676675,IISC
2026-01-20 11:42:30,-68.35421202805047,IISC
2026-01-20 11:43:00,-68.56893286493037,IISC
2026-01-20 11:43:30,-69.83927638014335,IISC
2026-01-20 11:44:00,-68.09083522467019,IISC
2026-01-20 11:44:30,-68.9539495490982,IISC
2026-01-20 11:45:00,-65.81564047425758,IISC
2026-01-20 11:45:30,-66.00180239432312,IISC
2026-01-20 11:46:00,-65.36821724320632,IISC
2026-01-20 11:46:30,-68.49489119459501,IISC
2026-01-20 11:47:00,-71.5105026483614,IISC
2026-01-20 11:47:30,-69.68378886534637,IISC
2026-01-20 11:48:00,-72.32813422714916,IISC
2026-01-20 11:48:30,-70.45382222186085,IISC
2026-01-20 11:49:00,-64.92819818234089,IISC
2026-01-20 11:49:30,-63.560542757769454,IISC
2026-01-20 11:50:00,-67.44349948134918,IISC
2026-01-20 11:50:30,-71.8140734880676,IISC
2026-01-20 11:51:00,-65.86165208708589,IISC
2026-01-20 11:51:30,-64.51343261368521,IISC
2026-01-20 11:52:00,-64.68121631646358,IISC
2026-01-20 11:52:30,-62.767768025479555,IISC
2026-01-20 11:53:00,-62.58808475777447,IISC
2026-01-20 11:53:30,-70.43160973100524,IISC
2026-01-20 11:54:00,-68.84288704359513,IISC
2026-01-20 11:54:30,-65.69717380644943,IISC
2026-01-20 11:55:00,-65.15455413873237,IISC
2026-01-20 11:55:30,-66.40268514732819,IISC
2026-01-20 11:56:00,-70.05505495336959,IISC
2026-01-20 11:56:30,-69.2215573018042,IISC
2026-01-20 11:57:00,-69.68484660957347,IISC
2026-01-20 11:57:30,-71.05355977443163,IISC
2026-01-20 11:58:00,-66.63750301419219,IISC
2026-01-20 11:58:30,-68.63874358594006,IISC
2026-01-20 11:59:00,-67.26817938296836,IISC
2026-01-20 11:59:30,-65.72123736103106,IISC
2026-01-20 12:00:00,-66.37928269815745,IISC
2026-01-20 12:00:30,-66.26028714641461,IISC
2026-01-20 12:01:00,-62.81655618981388,IISC
2026-01-20 12:01:30,-61.59447198849377,IISC
2026-01-20 12:02:00,-61.3755201924372,IISC
2026-01-20 12:02:30,-63.71259261712717,IISC
2026-01-20 12:03:00,-65.56178333198005,IISC
2026-01-20 12:03:30,-63.055737237823315,IISC
2026-01-20 12:04:00,-62.26679679289322,IISC
2026-01-20 12:04:30,-66.32216482906529,IISC
2026-01-20 12:05:00,-66.9742604036765,IISC
2026-01-20 12:05:30,-67.06231709636228,IISC
2026-01-20 12:06:00,-66.18531995431346,IISC
2026-01-20 12:06:30,-64.85494981278762,IISC
2026-01-20 12:07:00,-67.85244749468202,IISC
2026-01-20 12:07:30,-64.87398910248501,IISC
2026-01-20 12:08:00,-65.39875943389433,IISC
2026-01-20 12:08:30,-64.25402233145462,IISC
2026-01-20 12:09:00,-68.09757831850543,IISC
2026-01-20 12:09:30,-65.9794576854391,IISC
2026-01-20 12:10:00,-63.974382806137,IISC
2026-01-20 12:10:30,-66.06037463562251,IISC
2026-01-20 12:11:00,-65.50704537853298,IISC
2026-01-20 12:11:30,-64.25164242467537,IISC
2026-01-20 12:12:00,-66.28884608096071,IISC
2026-01-20 12:12:30,-66.26385701988228,IISC
2026-01-20 12:13:00,-79.75980242539346,IISC
2026-01-20 12:13:30,-79.98933159870467,IISC
2026-01-20 12:14:00,-79.8116315851713,IISC
2026-01-20 12:14:30,-76.974777885225,IISC
2026-01-20 12:15:00,-78.38262736188388,IISC
2026-01-20 12:15:30,-78.33502915143173,IISC
2026-01-20 12:16:00,-80.11520243669867,IISC
2026-01-20 12:16:30,-77.10805289340482,IISC
2026-01-20 12:17:00,-77.6887511365763,IISC
2026-01-20 12:17:30,-73.67146167241079,IISC
2026-01-20 12:18:00,-78.14252079358631,IISC
2026-01-20 12:18:30,-81.2332316540344,IISC
2026-01-20 12:19:00,-82.42212932478577,IISC
2026-01-20 12:19:30,-81.73988822293012,IISC
2026-01-20 12:20:00,-78.60157915991064,IISC
2026-01-20 12:20:30,-79.19708571981151,IISC
2026-01-20 12:21:00,-80.05596910279458,IISC
2026-01-20 12:21:30,-78.8385125034077,IISC
2026-01-20 12:22:00,-81.0237995107073,IISC
2026-01-20 12:22:30,-78.76023987586585,IISC
2026-01-20 12:23:00,-80.87465842580944,IISC
2026-01-20 12:23:30,-75.15017959066417,IISC
2026-01-20 12:24:00,-67.26222960272146,IISC
2026-01-20 12:24:30,-74.33572122879615,IISC
2026-01-20 12:25:00,-76.44511550991513,IISC
2026-01-20 12:25:30,-79.37359577995525,IISC
2026-01-20 12:26:00,-83.40397475948183,IISC
2026-01-20 12:26:30,-80.20061479098135,IISC
2026-01-20 12:27:00,-78.37099223055118,IISC
2026-01-20 12:27:30,-76.14022249337287,IISC
2026-01-20 12:28:00,-78.1351166352216,IISC
2026-01-20 12:28:30,-73.3276967648556,IISC
2026-01-20 12:29:00,-73.41125808595027,IISC
2026-01-20 12:29:30,-67.36575573380163,IISC
2026-01-20 12:30:00,-67.90361557276161,IISC
2026-01-20 12:30:30,-66.1248022342257,IISC
2026-01-20 12:31:00,-66.931252008516,IISC
2026-01-20 12:31:30,-67.58946734088359,IISC
2026-01-20 12:32:00,-66.71909996384612,IISC
2026-01-20 12:32:30,-66.45662979387149,IISC
2026-01-20 12:33:00,-64.62613838836599,IISC
2026-01-20 12:33:30,-70.99885959123134,IISC
2026-01-20 12:34:00,-74.45313015969506,IISC
2026-01-20 12:34:30,-70.95398127818157,IISC
2026-01-20 12:35:00,-68.7617434190877,IISC
2026-01-20 12:35:30,-68.29800078842355,IISC
2026-01-20 12:36:00,-68.88685873112001,IISC
2026-01-20 12:36:30,-68.43535565649829,IISC
2026-01-20 12:37:00,-65.96432823626057,IISC
2026-01-20 12:37:30,-64.73901415955451,IISC
2026-01-20 12:38:00,-66.50150812211987,IISC
2026-01-20 12:38:30,-69.44035799801608,IISC
2026-01-20 12:39:00,-70.48479885552726,IISC
2026-01-20 12:39:30,-66.12185567453152,IISC
2026-01-20 12:40:00,-64.87478240031184,IISC
2026-01-20 12:40:30,-66.74357905059992,IISC
2026-01-20 12:41:00,-68.09944822626228,IISC
2026-01-20 12:41:30,-67.32450393945729,IISC
2026-01-20 12:42:00,-67.03732803085093,IISC
2026-01-20 12:42:30,-65.24922170525481,IISC
2026-01-20 12:43:00,-64.49716987450871,IISC
2026-01-20 12:43:30,-64.80497168915312,IISC
2026-01-20 12:44:00,-68.94941639220238,IISC
2026-01-20 12:44:30,-65.65969965683055,IISC
2026-01-20 12:45:00,-65.9398491596392,IISC
2026-01-20 12:45:30,-70.7282297358045,IISC
2026-01-20 12:46:00,-68.90861792441181,IISC
2026-01-20 12:46:30,-70.38688253384313,IISC
2026-01-20 12:47:00,-67.62618596848117,IISC
2026-01-20 12:47:30,-64.11207765772811,IISC
2026-01-20 12:48:00,-63.482421237108674,IISC
2026-01-20 12:48:30,-64.80565166082988,IISC
2026-01-20 12:49:00,-64.04136029599495,IISC
2026-01-20 12:49:30,-68.48550377072998,IISC
2026-01-20 12:50:00,-70.16334090490392,IISC
2026-01-20 12:50:30,-70.65360253038611,IISC
2026-01-20 12:51:00,-66.98734991755991,IISC
2026-01-20 12:51:30,-70.06100473607924,IISC
2026-01-20 12:52:00,-68.78894239930347,IISC
2026-01-20 12:52:30,-66.01277641581197,IISC
2026-01-20 12:53:00,-65.9401891526547,IISC
2026-01-20 12:53:30,-64.77046297583777,IISC
2026-01-20 12:54:00,-62.59284457133296,IISC
2026-01-20 12:54:30,-64.57531029190295,IISC
2026-01-20 12:55:00,-65.39756948493763,IISC
2026-01-20 12:55:30,-66.32930456713474,IISC
2026-01-20 12:56:00,-66.2924159588613,IISC
2026-01-20 12:56:30,-65.23930542257503,IISC
2026-01-20 12:57:00,-68.31296022779556,IISC
2026-01-20 12:57:30,-64.78712235432299,IISC
2026-01-20 12:58:00,-64.83353061187806,IISC
2026-01-20 12:58:30,-67.66324458656115,IISC
2026-01-20 12:59:00,-66.03895544357881,IISC
2026-01-20 12:59:30,-65.96160834913134,IISC
2026-01-20 13:00:00,-65.32379224179316,IISC
2026-01-20 13:00:30,-65.4625070515327,IISC
2026-01-20 13:01:00,-63.948883766301,IISC
2026-01-20 13:01:30,-62.752128606409315,IISC
2026-01-20 13:02:00,-61.426178289226115,IISC
2026-01-20 13:02:30,-64.6315781904886,IISC
2026-01-20 13:03:00,-67.55002882489022,IISC
2026-01-20 13:03:30,-69.34108171630217,IISC
2026-01-20 13:04:00,-66.2983657258094,IISC
2026-01-20 13:04:30,-62.578565108492846,IISC
2026-01-20 13:05:00,-59.2645392930074,IISC
2026-01-20 13:05:30,-63.40320420387384,IISC
2026-01-20 13:06:00,-63.156883435526666,IISC
2026-01-20 13:06:30,-63.79469954286484,IISC
2026-01-20 13:07:00,-65.54818384250544,IISC
2026-01-20 13:07:30,-61.585292330327825,IISC
2026-01-20 13:08:00,-60.08798843626533,IISC
2026-01-20 13:08:30,-64.72269477345154,IISC
2026-01-20 13:09:00,-66.20231931948142,IISC
2026-01-20 13:09:30,-65.25171494346141,IISC
2026-01-20 13:10:00,-63.452502363430895,IISC
2026-01-20 13:10:30,-61.72536708679835,IISC
2026-01-20 13:11:00,-58.060304405197144,IISC
2026-01-20 13:11:30,-59.488250904522296,IISC
2026-01-20 13:12:00,-61.631530600241,IISC
2026-01-20 13:12:30,-63.32466714780417,IISC
2026-01-20 13:13:00,-60.60340911870041,IISC
2026-01-20 13:13:30,-60.71084510296496,IISC
2026-01-20 13:14:00,-59.4624118659713,IISC
2026-01-20 13:14:30,-62.68549110006775,IISC
2026-01-20 13:15:00,-62.42710079561713,IISC
2026-01-20 13:15:30,-62.71269008028354,IISC
2026-01-20 13:16:00,-58.968750376828005,IISC
2026-01-20 13:16:30,-62.59301456530761,IISC
2026-01-20 13:17:00,-63.08395617618752,IISC
2026-01-20 13:17:30,-65.51418510836984,IISC
2026-01-20 13:18:00,-59.889435874104045,IISC
2026-01-20 13:18:30,-70.91658268165142,IISC
2026-01-20 13:19:00,-68.56047096726407,IISC
2026-01-20 13:19:30,-69.43508819366778,IISC
2026-01-20 13:20:00,-74.21989889889855,IISC
2026-01-20 13:20:30,-68.55571113597387,IISC
2026-01-20 13:21:00,-66.6482126163709,IISC
2026-01-20 13:21:30,-62.384942360830735,IISC
2026-01-20 13:22:00,-61.69408825625716,IISC
2026-01-20 13:22:30,-60.01455118613637,IISC
2026-01-20 13:23:00,-60.76116320800492,IISC
2026-01-20 13:23:30,-60.17502517903527,IISC
2026-01-20 13:24:00,-62.561735739832635,IISC
2026-01-20 13:24:30,-62.695010757581954,IISC
2026-01-20 13:25:00,-58.63284296179061,IISC
2026-01-20 13:25:30,-57.35449086631778,IISC
2026-01-20 13:26:00,-56.73163421481677,IISC
2026-01-20 13:26:30,-57.93654904496202,IISC
2026-01-20 13:27:00,-60.14238640682931,IISC
2026-01-20 13:27:30,-61.00867393354137,IISC
2026-01-20 13:28:00,-59.83503791367248,IISC
2026-01-20 13:28:30,-55.942863758161835,IISC
2026-01-20 13:29:00,-53.04481234498998,IISC
2026-01-20 13:29:30,-55.55391831929145,IISC
2026-01-20 13:30:00,-59.86495679748267,IISC
2026-01-20 13:30:30,-60.57757008521562,IISC
2026-01-20 13:31:00,-58.25341718043443,IISC
2026-01-20 13:31:30,-55.413843578019545,IISC
2026-01-20 13:32:00,-55.258809392309445,IISC
2026-01-20 13:32:30,-54.92562187580024,IISC
2026-01-20 13:33:00,-57.57752250510044,IISC
2026-01-20 13:33:30,-57.53944393077187,IISC
2026-01-20 13:34:00,-58.8069164321319,IISC
2026-01-20 13:34:30,-54.528516746411476,IISC
2026-01-20 13:35:00,-56.25021223105383,IISC
2026-01-20 13:35:30,-52.00309138094081,IISC
2026-01-20 13:36:00,-49.049282065672585,IISC
2026-01-20 13:36:30,-51.28639823275004,IISC
2026-01-20 13:37:00,-55.793269364441926,IISC
2026-01-20 13:37:30,-60.037670336291576,IISC
2026-01-20 13:38:00,-60.56261065090983,IISC
2026-01-20 13:38:30,-57.86855160202187,IISC
2026-01-20 13:39:00,-58.529486837983875,IISC
2026-01-20 13:39:30,-57.20897630772466,IISC
2026-01-20 13:40:00,-55.642315018924805,IISC
2026-01-20 13:40:30,-51.33586638628174,IISC
2026-01-20 13:41:00,-51.88324588085608,IISC
2026-01-20 13:41:30,-49.354590627967234,IISC
2026-01-20 13:42:00,-48.9119272222956,IISC
2026-01-20 13:42:30,-50.40651120643095,IISC
2026-01-20 13:43:00,-48.443084788857135,IISC
2026-01-20 13:43:30,-48.92263681166806,IISC
2026-01-20 13:44:00,-48.67036627193985,IISC
2026-01-20 13:44:30,-47.83263766267543,IISC
2026-01-20 13:45:00,-50.2768060741815,IISC
2026-01-20 13:45:30,-48.48830308858965,IISC
2026-01-20 13:46:00,-46.93422131971704,IISC
2026-01-20 13:46:30,-46.80927600545902,IISC
2026-01-20 13:47:00,-45.42654780839949,IISC
2026-01-20 13:47:30,-48.36097784538774,IISC
2026-01-20 13:48:00,-48.4597441584765,IISC
2026-01-20 13:48:30,-46.573664826484304,IISC
2026-01-20 13:49:00,-44.224692850166406,IISC
2026-01-20 13:49:30,-43.83200756221871,IISC
2026-01-20 13:50:00,-41.76624497138729,IISC
2026-01-20 13:50:30,-45.89896010643976,IISC
2026-01-20 13:51:00,-42.20176864785532,IISC
2026-01-20 13:51:30,-44.11283704535887,IISC
2026-01-20 13:52:00,-44.61618817585861,IISC
2026-01-20 13:52:30,-44.00098124055134,IISC
2026-01-20 13:53:00,-46.54867576540587,IISC
2026-01-20 13:53:30,-45.407508536433824,IISC
2026-01-20 13:54:00,-48.14559593166469,IISC
2026-01-20 13:54:30,-45.521744248020596,IISC
2026-01-20 13:55:00,-45.463436434404656,IISC
2026-01-20 13:55:30,-40.7464531832056,IISC
2026-01-20 13:56:00,-41.61036081580393,IISC
2026-01-20 13:56:30,-42.145840758750346,IISC
2026-01-20 13:57:00,-43.441702185483194,IISC
2026-01-20 13:57:30,-41.760295191140386,IISC
2026-01-20 13:58:00,-42.54209589356811,IISC
2026-01-20 13:58:30,-40.15266543107619,IISC
2026-01-20 13:59:00,-46.70019675462023,IISC
2026-01-20 13:59:30,-44.769824636287986,IISC
2026-01-20 14:00:00,-38.30109481387698,IISC
2026-01-20 14:00:30,-46.70760092480607,IISC
2026-01-20 14:01:00,-42.01759000166342,IISC
2026-01-20 14:01:30,-42.708293013991614,IISC
2026-01-20 14:02:00,-42.30741024128466,IISC
2026-01-20 14:02:30,-45.56101277489442,IISC
2026-01-20 14:03:00,-43.86545852736658,IISC
2026-01-20 14:03:30,-45.02156633197788,IISC
2026-01-20 14:04:00,-44.86396333266709,IISC
2026-01-20 14:04:30,-44.12354664113445,IISC
2026-01-20 14:05:00,-41.843063197169045,IISC
2026-01-20 14:05:30,-39.42824702837939,IISC
2026-01-20 14:06:00,-38.972361886855566,IISC
2026-01-20 14:06:30,-43.22489231794015,IISC
2026-01-20 14:07:00,-47.692460909566805,IISC
2026-01-20 14:07:30,-43.05648117439249,IISC
2026-01-20 14:08:00,-38.045254408660384,IISC
2026-01-20 14:08:30,-38.20804030542916,IISC
2026-01-20 14:09:00,-39.26323987464428,IISC
2026-01-20 14:09:30,-41.283519728208766,IISC
2026-01-20 14:10:00,-39.84605358262765,IISC
2026-01-20 14:10:30,-35.154984919198284,IISC
2026-01-20 14:11:00,-44.11748868979935,IISC
2026-01-20 14:11:30,-36.46880148059943,IISC
2026-01-20 14:12:00,-35.14081123166746,IISC
2026-01-20 14:12:30,-40.08055414040891,IISC
2026-01-20 14:13:00,-38.26473507328415,IISC
2026-01-20 14:13:30,-39.8555732373273,IISC
2026-01-20 14:14:00,-32.51910147476372,IISC
2026-01-20 14:14:30,-35.57279149708884,IISC
2026-01-20 14:15:00,-35.15710040371209,IISC
2026-01-20 14:15:30,-35.300952783236,IISC
2026-01-20 14:16:00,-35.8192444834644,IISC
2026-01-20 14:16:30,-36.2539748547174,IISC
2026-01-20 14:17:00,-32.83219197409506,IISC
2026-01-20 14:17:30,-29.115300120894865,IISC
2026-01-20 14:18:00,-27.766684001782334,IISC
2026-01-20 14:18:30,-30.031301369029727,IISC
2026-01-20 14:19:00,-34.207251545210056,IISC
2026-01-20 14:19:30,-32.58150802263227,IISC
2026-01-20 14:20:00,-30.46814721297539,IISC
2026-01-20 14:20:30,-31.23923831371696,IISC
2026-01-20 14:21:00,-32.93690803787785,IISC
2026-01-20 14:21:30,-35.50509624877183,IISC
2026-01-20 14:22:00,-34.410337282280324,IISC
2026-01-20 14:22:30,-33.156917568310554,IISC
2026-01-20 14:23:00,-33.43087175485607,IISC
2026-01-20 14:23:30,-31.02028652357096,IISC
2026-01-20 14:24:00,-32.75920802434448,IISC
2026-01-20 14:24:30,-31.579829996471616,IISC
2026-01-20 14:25:00,-31.844264544079003,IISC
2026-01-20 14:25:30,-29.543684074069873,IISC
2026-01-20 14:26:00,-31.756578039412524,IISC
2026-01-20 14:26:30,-32.711398274109804,IISC
2026-01-20 14:27:00,-28.763602202563344,IISC
2026-01-20 14:27:30,-30.293408876185204,IISC
2026-01-20 14:28:00,-34.702907636007986,IISC
2026-01-20 14:28:30,-35.43116035522339,IISC
2026-01-20 14:29:00,-35.57395500667577,IISC
2026-01-20 14:29:30,-35.32454035064971,IISC
2026-01-20 14:30:00,-37.16849525462972,IISC
2026-01-20 14:30:30,-37.860573319873744,IISC
2026-01-20 14:31:00,-35.96140448286398,IISC
2026-01-20 14:31:30,-35.530164643918106,IISC
2026-01-20 14:32:00,-35.34167570428468,IISC
2026-01-20 14:32:30,-33.426323479898,IISC
2026-01-20 14:33:00,-33.41870777820442,IISC
2026-01-20 14:33:30,-32.868472376876674,IISC
2026-01-20 14:34:00,-31.618543219250352,IISC
2026-01-20 14:34:30,-31.494787850402684,IISC
2026-01-20 14:35:00,-29.209121499916403,IISC
2026-01-20 14:35:30,-28.847375063046492,IISC
2026-01-20 14:36:00,-31.476700537602362,IISC
2026-01-20 14:36:30,-32.67141576929162,IISC
2026-01-20 14:37:00,-30.47904190995181,IISC
2026-01-20 14:37:30,-30.269292440992345,IISC
2026-01-20 14:38:00,-30.9748037818711,IISC
2026-01-20 14:38:30,-33.66145865978515,IISC
2026-01-20 14:39:00,-33.35873400679178,IISC
2026-01-20 14:39:30,-34.20883815879243,IISC
2026-01-20 14:40:00,-31.748010360821866,IISC
2026-01-20 14:40:30,-31.999328949364003,IISC
2026-01-20 14:41:00,-32.635241118866574,IISC
2026-01-20 14:41:30,-33.58149366433416,IISC
2026-01-20 14:42:00,-32.69902273048698,IISC
2026-01-20 14:42:30,-33.707152955058895,IISC
2026-01-20 14:43:00,-30.526640134195294,IISC
2026-01-20 14:43:30,-31.8413028732464,IISC
2026-01-20 14:44:00,-32.8551448740885,IISC
2026-01-20 14:44:30,-32.442944321293666,IISC
2026-01-20 14:45:00,-29.546116867272396,IISC
2026-01-20 14:45:30,-32.70526338793359,IISC
2026-01-20 14:46:00,-30.39516327504596,IISC
2026-01-20 14:46:30,-27.114059564908523,IISC
2026-01-20 14:47:00,-28.236319723689213,IISC
2026-01-20 14:47:30,-30.082072788520854,IISC
2026-01-20 14:48:00,-34.13648886148869,IISC
2026-01-20 14:48:30,-33.585301518727306,IISC
2026-01-20 14:49:00,-34.43635763343965,IISC
2026-01-20 14:49:30,-37.62448615954318,IISC
2026-01-20 14:50:00,-35.9214219851385,IISC
2026-01-20 14:50:30,-34.08032297993262,IISC
2026-01-20 14:51:00,-31.4433817824051,IISC
2026-01-20 14:51:30,-32.416289326356356,IISC
2026-01-20 14:52:00,-30.84935603959776,IISC
2026-01-20 14:52:30,-32.78660345600229,IISC
2026-01-20 14:53:00,-31.86510198359497,IISC
2026-01-20 14:53:30,-29.85550528407206,IISC
2026-01-20 14:54:00,-32.23732003157162,IISC
2026-01-20 14:54:30,-30.856019789218674,IISC
2026-01-20 14:55:00,-31.405303210103,IISC
2026-01-20 14:55:30,-29.820282599905063,IISC
2026-01-20 14:56:00,-31.609023574401657,IISC
2026-01-20 14:56:30,-30.92456122149025,IISC
2026-01-20 14:57:00,-32.0935734138612,IISC
2026-01-20 14:57:30,-32.559083974262386,IISC
2026-01-20 14:58:00,-34.86854944218992,IISC
2026-01-20 14:58:30,-32.478167016099704,IISC
2026-01-20 14:59:00,-28.379960570129224,IISC
2026-01-20 14:59:30,-28.53513075101905,IISC
2026-01-20 15:00:00,-29.12630060214496,IISC
2026-01-20 15:00:30,-29.45568025362199,IISC
2026-01-20 15:01:00,-32.96842863537578,IISC
2026-01-20 15:01:30,-32.21352092122305,IISC
2026-01-20 15:02:00,-31.753722154823777,IISC
2026-01-20 15:02:30,-35.83288930400417,IISC
2026-01-20 15:03:00,-36.948591502954145,IISC
2026-01-20 15:03:30,-32.33188181539657,IISC
2026-01-20 15:04:00,-31.91195978057487,IISC
2026-01-20 15:04:30,-32.16370145262246,IISC
2026-01-20 15:05:00,-31.142323057951096,IISC
2026-01-20 15:05:30,-31.994463353502038,IISC
2026-01-20 15:06:00,-32.086486573248095,IISC
2026-01-20 15:06:30,-33.78732949856722,IISC
2026-01-20 15:07:00,-33.496451514718885,IISC
2026-01-20 15:07:30,-31.783973465947838,IISC
2026-01-20 15:08:00,-34.456877752445756,IISC
2026-01-20 15:08:30,-34.25484976748334,IISC
2026-01-20 15:09:00,-33.753085236577625,IISC
2026-01-20 15:09:30,-32.55836999868227,IISC
2026-01-20 15:10:00,-30.27603552300645,IISC
2026-01-20 15:10:30,-30.867443359490764,IISC
2026-01-20 15:11:00,-31.1470828892413,IISC
2026-01-20 15:11:30,-29.800053360364387,IISC
2026-01-20 15:12:00,-30.48427772969056,IISC
2026-01-20 15:12:30,-25.40792793864839,IISC
2026-01-20 15:13:00,-29.14081805211665,IISC
2026-01-20 15:13:30,-31.963392293163224,IISC
2026-01-20 15:14:00,-33.537703303152654,IISC
2026-01-20 15:14:30,-33.746077714073834,IISC
2026-01-20 15:15:00,-32.66824255670628,IISC
2026-01-20 15:15:30,-35.54211708393952,IISC
2026-01-20 15:16:00,-35.095751589234595,IISC
2026-01-20 15:16:30,-35.14863849323953,IISC
2026-01-20 15:17:00,-34.608134306095884,IISC
2026-01-20 15:17:30,-33.85079379361814,IISC
2026-01-20 15:18:00,-33.77040569338363,IISC
2026-01-20 15:18:30,-30.8901847283705,IISC
2026-01-20 15:19:00,-31.441266298679366,IISC
2026-01-20 15:19:30,-31.89080501030405,IISC
2026-01-20 15:20:00,-35.089405155395085,IISC
2026-01-20 15:20:30,-37.346618368218145,IISC
2026-01-20 15:21:00,-37.26834573673593,IISC
2026-01-20 15:21:30,-35.00372837342891,IISC
2026-01-20 15:22:00,-36.751111784675,IISC
2026-01-20 15:22:30,-35.527308759329365,IISC
2026-01-20 15:23:00,-38.02568624921367,IISC
2026-01-20 15:23:30,-37.49364396072143,IISC
2026-01-20 15:24:00,-38.6296547195871,IISC
2026-01-20 15:24:30,-37.684036826172296,IISC
2026-01-20 15:25:00,-36.83255761731546,IISC
2026-01-20 15:25:30,-37.373061812339856,IISC
2026-01-20 15:26:00,-36.576584984121006,IISC
2026-01-20 15:26:30,-36.315323669194896,IISC
2026-01-20 15:27:00,-38.64869401716525,IISC
2026-01-20 15:27:30,-37.09910763367512,IISC
2026-01-20 15:28:00,-36.38619212261053,IISC
2026-01-20 15:28:30,-38.65186723014463,IISC
2026-01-20 15:29:00,-38.928994621788746,IISC
2026-01-20 15:29:30,-39.928557163435585,IISC
2026-01-20 15:30:00,-37.290558231531925,IISC
2026-01-20 15:30:30,-34.60919204244222,IISC
2026-01-20 15:31:00,-39.209295234293,IISC
2026-01-20 15:31:30,-39.456805949134136,IISC
2026-01-20 15:32:00,-41.23274830083687,IISC
2026-01-20 15:32:30,-38.47310948026493,IISC
2026-01-20 15:33:00,-34.69077009458871,IISC
2026-01-20 15:33:30,-34.52417633633411,IISC
2026-01-20 15:34:00,-37.658518897413245,IISC
2026-01-20 15:34:30,-36.64586683843515,IISC
2026-01-20 15:35:00,-36.457853879270985,IISC
2026-01-20 15:35:30,-37.65494902837852,IISC
2026-01-20 15:36:00,-32.946295459772685,IISC
2026-01-20 15:36:30,-33.77212451297623,IISC
2026-01-20 15:37:00,-35.63559469066924,IISC
2026-01-20 15:37:30,-34.79905604366029,IISC
2026-01-20 15:38:00,-34.87878305375287,IISC
2026-01-20 15:38:30,-32.76423228972127,IISC
2026-01-20 15:39:00,-36.475703215578754,IISC
2026-01-20 15:39:30,-37.84891175892372,IISC
2026-01-20 15:40:00,-39.15072297920227,IISC
2026-01-20 15:40:30,-39.53745850020185,IISC
2026-01-20 15:41:00,-35.99734114615745,IISC
2026-01-20 15:41:30,-34.53964575699677,IISC
2026-01-20 15:42:00,-35.97949180098382,IISC
2026-01-20 15:42:30,-33.060531184658245,IISC
2026-01-20 15:43:00,-34.592003794798735,IISC
2026-01-20 15:43:30,-34.67768059400407,IISC
2026-01-20 15:44:00,-33.722146395252295,IISC
2026-01-20 15:44:30,-34.44563929292994,IISC
2026-01-20 15:45:00,-33.311611779862695,IISC
2026-01-20 15:45:30,-37.80461897849425,IISC
2026-01-20 15:46:00,-40.69647506301893,IISC
2026-01-20 15:46:30,-40.287130395600926,IISC
2026-01-20 15:47:00,-40.80753756458161,IISC
2026-01-20 15:47:30,-40.1401047912765,IISC
2026-01-20 15:48:00,-38.07011125062682,IISC
2026-01-20 15:48:30,-41.42102568965469,IISC
2026-01-20 15:49:00,-43.16523587610025,IISC
2026-01-20 15:49:30,-39.98038633897497,IISC
2026-01-20 15:50:00,-40.177125630384566,IISC
2026-01-20 15:50:30,-38.07539994812,IISC
2026-01-20 15:51:00,-37.5793207426876,IISC
2026-01-20 15:51:30,-38.30492912143122,IISC
2026-01-20 15:52:00,-39.06967379621403,IISC
2026-01-20 15:52:30,-41.327944733562305,IISC
2026-01-20 15:53:00,-40.38021135563369,IISC
2026-01-20 15:53:30,-40.317804808750246,IISC
2026-01-20 15:54:00,-37.104396327227924,IISC
2026-01-20 15:54:30,-35.99059806315826,IISC
2026-01-20 15:55:00,-36.505716526765,IISC
2026-01-20 15:55:30,-38.7195624666405,IISC
2026-01-20 15:56:00,-38.822163061671006,IISC
2026-01-20 15:56:30,-35.66058375962843,IISC
2026-01-20 15:57:00,-38.80312377197362,IISC
2026-01-20 15:57:30,-38.245695775706004,IISC
2026-01-20 15:58:00,-35.17825515822138,IISC
2026-01-20 15:58:30,-41.84478203252317,IISC
2026-01-20 15:59:00,-34.777976823734,IISC
2026-01-20 15:59:30,-39.28637790056446,IISC
2026-01-20 16:00:00,-39.59100647366172,IISC
2026-01-20 16:00:30,-37.98456667142006,IISC
2026-01-20 16:01:00,-36.43524472940474,IISC
2026-01-20 16:01:30,-35.369044679235046,IISC
2026-01-20 16:02:00,-38.974609571666036,IISC
2026-01-20 16:02:30,-35.43806209552223,IISC
2026-01-20 16:03:00,-31.818217731385264,IISC
2026-01-20 16:03:30,-32.301339636529704,IISC
2026-01-20 16:04:00,-36.31267932635888,IISC
2026-01-20 16:04:30,-35.1227239153208,IISC
2026-01-20 16:05:00,-32.43342467999132,IISC
2026-01-20 16:05:30,-36.07230832495981,IISC
2026-01-20 16:06:00,-35.28098798654926,IISC
2026-01-20 16:06:30,-37.13612846835026,IISC
2026-01-20 16:07:00,-37.237274679352396,IISC
2026-01-20 16:07:30,-37.865571132976015,IISC
2026-01-20 16:08:00,-37.78465416949382,IISC
2026-01-20 16:08:30,-34.85022411920678,IISC
2026-01-20 16:09:00,-35.00848819043524,IISC
2026-01-20 16:09:30,-37.800123594589415,IISC
2026-01-20 16:10:00,-34.03629461763117,IISC
2026-01-20 16:10:30,-39.56499745823453,IISC
2026-01-20 16:11:00,-37.84058206999776,IISC
2026-01-20 16:11:30,-38.132971118716384,IISC
2026-01-20 16:12:00,-37.4393971105484,IISC
2026-01-20 16:12:30,-35.18868144576376,IISC
2026-01-20 16:13:00,-38.14793055808837,IISC
2026-01-20 16:13:30,-37.14700806689598,IISC
2026-01-20 16:14:00,-38.093532597656804,IISC
2026-01-20 16:14:30,-33.9742469479719,IISC
2026-01-20 16:15:00,-33.08756016963282,IISC
2026-01-20 16:15:30,-34.012325507101856,IISC
2026-01-20 16:16:00,-35.974731988691886,IISC
2026-01-20 16:16:30,-34.26799593835531,IISC
2026-01-20 16:17:00,-33.87633061615535,IISC
2026-01-20 16:17:30,-34.71133932752485,IISC
2026-01-20 16:18:00,-38.79798618980517,IISC
2026-01-20 16:18:30,-38.77486706498099,IISC
2026-01-20 16:19:00,-36.442384471907104,IISC
2026-01-20 16:19:30,-33.15453765759093,IISC
2026-01-20 16:20:00,-31.460041167096417,IISC
2026-01-20 16:20:30,-34.93471096945542,IISC
2026-01-20 16:21:00,-36.31267931749302,IISC
2026-01-20 16:21:30,-30.51181668898978,IISC
2026-01-20 16:22:00,-29.984156455578493,IISC
2026-01-20 16:22:30,-32.42526499200603,IISC
2026-01-20 16:23:00,-33.333710948438274,IISC
2026-01-20 16:23:30,-34.04088444924725,IISC
2026-01-20 16:24:00,-34.90581203429452,IISC
2026-01-20 16:24:30,-34.93029112611452,IISC
2026-01-20 16:25:00,-32.92028642281411,IISC
2026-01-20 16:25:30,-31.357704984339666,IISC
2026-01-20 16:26:00,-33.11203925132041,IISC
2026-01-20 16:26:30,-31.442021833647626,IISC
2026-01-20 16:27:00,-34.28975512658091,IISC
2026-01-20 16:27:30,-33.2983522827703,IISC
2026-01-20 16:28:00,-30.107911820879824,IISC
2026-01-20 16:28:30,-29.743445483961853,IISC
2026-01-20 16:29:00,-30.562134804162152,IISC
2026-01-20 16:29:30,-36.45547396805881,IISC
2026-01-20 16:30:00,-37.27178338527953,IISC
2026-01-20 16:30:30,-31.373174414501467,IISC
2026-01-20 16:31:00,-34.53845580804008,IISC
2026-01-20 16:31:30,-31.425532452303433,IISC
2026-01-20 16:32:00,-28.86236849792038,IISC
2026-01-20 16:32:30,-34.31593414294878,IISC
2026-01-20 16:33:00,-31.439301940185626,IISC
2026-01-20 16:33:30,-25.64727897936593,IISC
2026-01-20 16:34:00,-24.511721518627002,IISC
2026-01-20 16:34:30,-27.47505048127702,IISC
2026-01-20 16:35:00,-31.775209345090616,IISC
2026-01-20 16:35:30,-32.41166549429882,IISC
2026-01-20 16:36:00,-31.76568970784123,IISC
2026-01-20 16:36:30,-33.001883393858684,IISC
2026-01-20 16:37:00,-26.875312959666385,IISC
2026-01-20 16:37:30,-25.628239679536126,IISC
2026-01-20 16:38:00,-31.68681265558967,IISC
2026-01-20 16:38:30,-32.06623844707825,IISC
2026-01-20 16:39:00,-26.264695833810546,IISC
2026-01-20 16:39:30,-24.031659506926097,IISC
2026-01-20 16:40:00,-27.779679070839432,IISC
2026-01-20 16:40:30,-30.587973842713147,IISC
2026-01-20 16:41:00,-31.969682056926498,IISC
2026-01-20 16:41:30,-28.520851290585387,IISC
2026-01-20 16:42:00,-25.885270052454377,IISC
2026-01-20 16:42:30,-28.118306374272624,IISC
2026-01-20 16:43:00,-30.143270486547795,IISC
2026-01-20 16:43:30,-32.53814076319456,IISC
2026-01-20 16:44:00,-32.41846524821863,IISC
2026-01-20 16:44:30,-31.40258331765425,IISC
2026-01-20 16:45:00,-29.340900557516683,IISC
2026-01-20 16:45:30,-25.307291714003128,IISC
2026-01-20 16:46:00,-28.620127569132922,IISC
2026-01-20 16:46:30,-29.08251025813226,IISC
2026-01-20 16:47:00,-23.770549288748647,IISC
2026-01-20 16:47:30,-25.002663114308298,IISC
2026-01-20 16:48:00,-28.048948979535275,IISC
2026-01-20 16:48:30,-25.753015006785528,IISC
2026-01-20 16:49:00,-22.57226418815132,IISC
2026-01-20 16:49:30,-28.1699844412422,IISC
2026-01-20 16:50:00,-29.587051336322137,IISC
2026-01-20 16:50:30,-28.270620671586936,IISC
2026-01-20 16:51:00,-30.219427645337362,IISC
2026-01-20 16:51:30,-35.009168168233664,IISC
2026-01-20 16:52:00,-18.14036025236024,IISC
2026-01-20 16:52:30,-30.298304692522716,IISC
2026-01-20 16:53:00,-29.15866738842442,IISC
2026-01-20 16:53:30,-25.178266535487648,IISC
2026-01-20 16:54:00,-26.036224387839077,IISC
2026-01-20 16:54:30,-26.00409560198998,IISC
2026-01-20 16:55:00,-20.52673083154105,IISC
2026-01-20 16:55:30,-18.63351179250991,IISC
2026-01-20 16:56:00,-21.990375996515702,IISC
2026-01-20 16:56:30,-24.204883013726885,IISC
2026-01-20 16:57:00,-32.89750728213958,IISC
2026-01-20 16:57:30,-30.786526391575638,IISC
2026-01-20 16:58:00,-26.58598378919267,IISC
2026-01-20 16:58:30,-22.323563499726113,IISC
2026-01-20 16:59:00,-24.249251358784765,IISC
2026-01-20 16:59:30,-28.412055374788455,IISC
2026-01-20 17:00:00,-24.869388106691382,IISC
2026-01-20 17:00:30,-26.822274930767197,IISC
2026-01-20 17:01:00,-23.399283202977077,IISC
2026-01-20 17:01:30,-27.04802647821047,IISC
2026-01-20 17:02:00,-26.301414466474334,IISC
2026-01-20 17:02:30,-24.632756985400135,IISC
2026-01-20 17:03:00,-26.702599410725067,IISC
2026-01-20 17:03:30,-28.365817099809078,IISC
2026-01-20 17:04:00,-28.56164977357457,IISC
2026-01-20 17:04:30,-28.11014667868803,IISC
2026-01-20 17:05:00,-27.74568034683626,IISC
2026-01-20 17:05:30,-23.46354079304026,IISC
2026-01-20 17:06:00,-21.415627534083676,IISC
2026-01-20 17:06:30,-26.31335178736396,IISC
2026-01-20 17:07:00,-31.456471289195832,IISC
2026-01-20 17:07:30,-29.613230359022776,IISC
2026-01-20 17:08:00,-28.336408199822667,IISC
2026-01-20 17:08:30,-21.893989616803765,IISC
2026-01-20 17:09:00,-24.10611671393692,IISC
2026-01-20 17:09:30,-22.84986379147261,IISC
2026-01-20 17:10:00,-21.170326726418022,IISC
2026-01-20 17:10:30,-21.76734434950046,IISC
2026-01-20 17:11:00,-25.62823967953613,IISC
2026-01-20 17:11:30,-27.363534661885687,IISC
2026-01-20 17:12:00,-31.456471293628766,IISC
2026-01-20 17:12:30,-30.822225055325315,IISC
2026-01-20 17:13:00,-32.88917761284515,IISC
2026-01-20 17:13:30,-30.03923439950797,IISC
2026-01-20 17:14:00,-29.85003149138711,IISC
2026-01-20 17:14:30,-30.87696300877239,IISC
2026-01-20 17:15:00,-30.6413518342306,IISC
2026-01-20 17:15:30,-25.99338601261752,IISC
2026-01-20 17:16:00,-21.340660337549586,IISC
2026-01-20 17:16:30,-23.275527838309024,IISC
2026-01-20 17:17:00,-25.512644009819397,IISC
2026-01-20 17:17:30,-24.417885025103622,IISC
2026-01-20 17:18:00,-27.396343430599416,IISC
2026-01-20 17:18:30,-30.088022563842284,IISC
2026-01-20 17:19:00,-28.680305314570184,IISC
2026-01-20 17:19:30,-25.725646030061995,IISC
2026-01-20 17:20:00,-28.59581848205326,IISC
2026-01-20 17:20:30,-25.017622557479946,IISC
2026-01-20 17:21:00,-23.765789477089985,IISC
2026-01-20 17:21:30,-25.15803730569942,IISC
2026-01-20 17:22:00,-27.070295638860873,IISC
2026-01-20 17:22:30,-26.695459691653884,IISC
2026-01-20 17:23:00,-22.880462639149158,IISC
2026-01-20 17:23:30,-25.589991113132726,IISC
2026-01-20 17:24:00,-24.198933237912918,IISC
2026-01-20 17:24:30,-22.67103049680715,IISC
2026-01-20 17:25:00,-26.207577968518027,IISC
2026-01-20 17:25:30,-25.58472130308495,IISC
2026-01-20 17:26:00,-25.522163657201197,IISC
2026-01-20 17:26:30,-28.81596023783221,IISC
2026-01-20 17:27:00,-26.717558870361877,IISC
2026-01-20 17:27:30,-22.439159179575256,IISC
2026-01-20 17:28:00,-22.690749755437107,IISC
2026-01-20 17:28:30,-22.18620865698241,IISC
2026-01-20 17:29:00,-19.959972078951555,IISC
2026-01-20 17:29:30,-22.47859770063483,IISC
2026-01-20 17:30:00,-26.480927728805813,IISC
2026-01-20 17:30:30,-24.211172769257576,IISC
2026-01-20 17:31:00,-23.950062576411153,IISC
2026-01-20 17:31:30,-22.980418895495127,IISC
2026-01-20 17:32:00,-23.62095488996253,IISC
2026-01-20 17:32:30,-21.814942561078425,IISC
2026-01-20 17:33:00,-21.710226495606896,IISC
2026-01-20 17:33:30,-25.882550158992387,IISC
2026-01-20 17:34:00,-26.42380986984605,IISC
2026-01-20 17:34:30,-26.15725986981082,IISC
2026-01-20 17:35:00,-22.867543129372795,IISC
2026-01-20 17:35:30,-21.01393258384451,IISC
2026-01-20 17:36:00,-22.353482388602504,IISC
2026-01-20 17:36:30,-24.203013088871593,IISC
2026-01-20 17:37:00,-21.530713223143007,IISC
2026-01-20 17:37:30,-21.276402743686752,IISC
2026-01-20 17:38:00,-21.952297429153155,IISC
2026-01-20 17:38:30,-22.430999489056862,IISC
2026-01-20 17:39:00,-21.828542053719413,IISC
2026-01-20 17:39:30,-21.118648659448446,IISC
2026-01-20 17:40:00,-21.09688947122286,IISC
2026-01-20 17:40:30,-22.149490034451027,IISC
2026-01-20 17:41:00,-22.2106877488024,IISC
2026-01-20 17:41:30,-24.398845747438475,IISC
2026-01-20 17:42:00,-24.35260747752529,IISC
2026-01-20 17:42:30,-19.69478201551491,IISC
2026-01-20 17:43:00,-17.809892649577854,IISC
2026-01-20 17:43:30,-18.862493202673615,IISC
2026-01-20 17:44:00,-18.86657304793281,IISC
2026-01-20 17:44:30,-19.346635064699928,IISC
2026-01-20 17:45:00,-19.08416488965907,IISC
2026-01-20 17:45:30,-17.12039848160287,IISC
2026-01-20 17:46:00,-19.31671618088974,IISC
2026-01-20 17:46:30,-20.984013705100534,IISC
2026-01-20 17:47:00,-25.085620011819056,IISC
2026-01-20 17:47:30,-24.06157839073628,IISC
2026-01-20 17:48:00,-20.384276173357488,IISC
2026-01-20 17:48:30,-18.821694724750632,IISC
2026-01-20 17:49:00,-16.742332646977694,IISC
2026-01-20 17:49:30,-17.642618912891553,IISC
2026-01-20 17:50:00,-19.885174877025396,IISC
2026-01-20 17:50:30,-23.05385614055788,IISC
2026-01-20 17:51:00,-22.311323963948528,IISC
2026-01-20 17:51:30,-18.70609906516631,IISC
2026-01-20 17:52:00,-19.84981620629122,IISC
2026-01-20 17:52:30,-20.529790731950612,IISC
2026-01-20 17:53:00,-17.12991812391846,IISC
2026-01-20 17:53:30,-17.7133362543599,IISC
2026-01-20 17:54:00,-16.313948697180155,IISC
2026-01-20 17:54:30,-19.262318220458173,IISC
2026-01-20 17:55:00,-18.953609785636555,IISC
2026-01-20 17:55:30,-20.80042058231124,IISC
2026-01-20 17:56:00,-24.012620222294906,IISC
2026-01-20 17:56:30,-24.66267585907791,IISC
2026-01-20 17:57:00,-21.552472401236184,IISC
2026-01-20 17:57:30,-21.540232855326188,IISC
2026-01-20 17:58:00,-19.712461358481306,IISC
2026-01-20 17:58:30,-19.365674344264907,IISC
2026-01-20 17:59:00,-20.406035361583076,IISC
2026-01-20 17:59:30,-18.859773304145417,IISC
2026-01-20 18:00:00,-20.476752718250044,IISC
2026-01-20 18:00:30,-20.839859103370816,IISC
2026-01-20 18:01:00,-21.1934458512422,IISC
2026-01-20 18:01:30,-18.70337916663811,IISC
2026-01-20 18:02:00,-18.453148537507257,IISC
2026-01-20 18:02:30,-17.347509975777136,IISC
2026-01-20 18:03:00,-14.358341969509926,IISC
2026-01-20 18:03:30,-15.009757563156333,IISC
2026-01-20 18:04:00,-15.100874146119278,IISC
2026-01-20 18:04:30,-13.71100622112271,IISC
2026-01-20 18:05:00,-15.847486183186438,IISC
2026-01-20 18:05:30,-14.256345802566596,IISC
2026-01-20 18:06:00,-16.2214721573538,IISC
2026-01-20 18:06:30,-20.497151944546026,IISC
2026-01-20 18:07:00,-20.333958063251323,IISC
2026-01-20 18:07:30,-19.044726373665704,IISC
2026-01-20 18:08:00,-15.483019836136055,IISC
2026-01-20 18:08:30,-11.691481905903942,IISC
2026-01-20 18:09:00,-11.340615056560756,IISC
2026-01-20 18:09:30,-11.223659445179234,IISC
2026-01-20 18:10:00,-15.314386152718754,IISC
2026-01-20 18:10:30,-12.7549620581787,IISC
2026-01-20 18:11:00,-14.51609605881443,IISC
2026-01-20 18:11:30,-16.64985611221755,IISC
2026-01-20 18:12:00,-14.49433687058884,IISC
2026-01-20 18:12:30,-18.015244940327914,IISC
2026-01-20 18:13:00,-18.2137975024892,IISC
2026-01-20 18:13:30,-21.00033309120352,IISC
2026-01-20 18:14:00,-18.721058499472097,IISC
2026-01-20 18:14:30,-13.602210305325785,IISC
2026-01-20 18:15:00,-12.884157220536427,IISC
2026-01-20 18:15:30,-13.139827631525065,IISC
2026-01-20 18:16:00,-11.22229949338203,IISC
2026-01-20 18:16:30,-19.46925712839324,IISC
2026-01-20 18:17:00,-24.611451117817747,IISC
2026-01-20 18:17:30,-23.623674798623146,IISC
2026-01-20 18:18:00,-23.612795204510352,IISC
2026-01-20 18:18:30,-21.50079433426661,IISC
2026-01-20 18:19:00,-21.377038979097698,IISC
2026-01-20 18:19:30,-24.695314636350094,IISC
2026-01-20 18:20:00,-25.73159580334286,IISC
2026-01-20 18:20:30,-27.574326759824555,IISC
2026-01-20 18:21:00,-29.97327687159811,IISC
2026-01-20 18:21:30,-26.437409362487042,IISC
2026-01-20 18:22:00,-24.137735529261022,IISC
2026-01-20 18:22:30,-22.25420610498876,IISC
2026-01-20 18:23:00,-18.02476459277592,IISC
2026-01-20 18:23:30,-17.101359186839268,IISC
2026-01-20 18:24:00,-22.630911987816734,IISC
2026-01-20 18:24:30,-25.69759708440589,IISC
2026-01-20 18:25:00,-31.19315116138017,IISC
2026-01-20 18:25:30,-27.423372414307444,IISC
2026-01-20 18:26:00,-27.39889332248745,IISC
2026-01-20 18:26:30,-26.125981024071024,IISC
2026-01-20 18:27:00,-26.441489207746237,IISC
2026-01-20 18:27:30,-23.89702455764438,IISC
2026-01-20 18:28:00,-25.641839156978506,IISC
2026-01-20 18:28:30,-23.406082941698266,IISC
2026-01-20 18:29:00,-24.37300671901989,IISC
2026-01-20 18:29:30,-26.85899356343099,IISC
2026-01-20 18:30:00,-24.86394831976739,IISC
2026-01-20 18:30:30,-24.632756980333927,IISC
2026-01-20 18:31:00,-25.761514692219254,IISC
2026-01-20 18:31:30,-26.221177462425572,IISC
2026-01-20 18:32:00,-25.550722584147973,IISC
2026-01-20 18:32:30,-27.04938643000767,IISC
2026-01-20 18:33:00,-23.62231485189215,IISC
2026-01-20 18:33:30,-22.679870161324313,IISC
2026-01-20 18:34:00,-23.737910511476464,IISC
2026-01-20 18:34:30,-23.02937705380409,IISC
2026-01-20 18:35:00,-23.75015006245267,IISC
2026-01-20 18:35:30,-25.53848303317177,IISC
2026-01-20 18:36:00,-26.68492008295729,IISC
2026-01-20 18:36:30,-27.237059398056164,IISC
2026-01-20 18:37:00,-24.922426130524354,IISC
2026-01-20 18:37:30,-23.37480412128949,IISC
2026-01-20 18:38:00,-26.14366036197121,IISC
2026-01-20 18:38:30,-26.759717284883443,IISC
2026-01-20 18:39:00,-26.891632330570758,IISC
2026-01-20 18:39:30,-27.57840659495134,IISC
2026-01-20 18:40:00,-18.776816401568453,IISC
2026-01-20 18:40:30,-13.414537352475913,IISC
2026-01-20 18:41:00,-12.009709988107355,IISC
2026-01-20 18:41:30,-11.997470432064947,IISC
2026-01-20 18:42:00,-10.168338983422862,IISC
2026-01-20 18:42:30,-9.416287159431716,IISC
2026-01-20 18:43:00,-14.393700665575125,IISC
2026-01-20 18:43:30,-21.695267051168702,IISC
2026-01-20 18:44:00,-25.59832080079215,IISC
2026-01-20 18:44:30,-23.006257923913704,IISC
2026-01-20 18:45:00,-26.244296597382164,IISC
2026-01-20 18:45:30,-25.002153141250208,IISC
2026-01-20 18:46:00,-24.62969709638953,IISC
2026-01-20 18:46:30,-21.191915906736902,IISC
2026-01-20 18:47:00,-21.79522331258087,IISC
2026-01-20 18:47:30,-18.79296580826213,IISC
2026-01-20 18:48:00,-21.369219276528604,IISC
2026-01-20 18:48:30,-21.936828000891182,IISC
2026-01-20 18:49:00,-19.83060692831865,IISC
2026-01-20 18:49:30,-18.239636533440883,IISC
2026-01-20 18:50:00,-20.89085719380851,IISC
2026-01-20 18:50:30,-21.089579746778064,IISC
2026-01-20 18:51:00,-22.630572015066043,IISC
2026-01-20 18:51:30,-18.21702739244048,IISC
2026-01-20 18:52:00,-15.906133982218575,IISC
2026-01-20 18:52:30,-21.9594371596233,IISC
2026-01-20 18:53:00,-21.791653447979073,IISC
2026-01-20 18:53:30,-21.68693737237514,IISC
2026-01-20 18:54:00,-23.911983986883964,IISC
2026-01-20 18:54:30,-21.55927215008979,IISC
2026-01-20 18:55:00,-24.06293834253348,IISC
2026-01-20 18:55:30,-23.77054929381485,IISC
2026-01-20 18:56:00,-23.166731916812616,IISC
2026-01-20 18:56:30,-19.409362714690737,IISC
2026-01-20 18:57:00,-17.57207155589872,IISC
2026-01-20 18:57:30,-13.752314680969645,IISC
2026-01-20 18:58:00,-14.900621652444077,IISC
2026-01-20 18:58:30,-18.337212884274155,IISC
2026-01-20 18:59:00,-20.37203664264611,IISC
2026-01-20 18:59:30,-13.65473834343516,IISC
2026-01-20 19:00:00,-12.488582026787101,IISC
2026-01-20 19:00:30,-16.72244338170757,IISC
2026-01-20 19:01:00,-14.969639068731263,IISC
2026-01-20 19:01:30,-15.170741537345915,IISC
2026-01-20 19:02:00,-13.256103284106429,IISC
2026-01-20 19:02:30,-12.220842066396216,IISC
2026-01-20 19:03:00,-13.07166019840992,IISC
2026-01-20 19:03:30,-12.421944539443807,IISC
2026-01-20 19:04:00,-14.77448638479643,IISC
2026-01-20 19:04:30,-18.381241235049977,IISC
2026-01-20 19:05:00,-18.533555521598608,IISC
2026-01-20 19:05:30,-19.286797307211963,IISC
2026-01-20 19:06:00,-17.38643851237966,IISC
2026-01-20 19:06:30,-15.049366083256764,IISC
2026-01-20 19:07:00,-11.172491356967235,IISC
2026-01-20 19:07:30,-12.011409915188347,IISC
2026-01-20 19:08:00,-18.593053293037094,IISC
2026-01-20 19:08:30,-17.218654796302502,IISC
2026-01-20 19:09:00,-20.781381297680053,IISC
2026-01-20 19:09:30,-16.716493618559117,IISC
2026-01-20 19:10:00,-14.478017489552055,IISC
2026-01-20 19:10:30,-17.306711492787947,IISC
2026-01-20 19:11:00,-15.46534050330207,IISC
2026-01-20 19:11:30,-19.741020290494294,IISC
2026-01-20 19:12:00,-20.73378307596968,IISC
2026-01-20 19:12:30,-16.80693022309035,IISC
2026-01-20 19:13:00,-8.63074659462789,IISC
2026-01-20 19:13:30,-4.210062247231662,IISC
2026-01-20 19:14:00,-4.162464027421111,IISC
2026-01-20 19:14:30,-13.572291431648008,IISC
2026-01-20 19:15:00,-15.117193547420882,IISC
2026-01-20 19:15:30,-12.507451337708456,IISC
2026-01-20 19:16:00,-11.743159972873514,IISC
2026-01-20 19:16:30,-12.706003889737328,IISC
2026-01-20 19:17:00,-14.46305805524627,IISC
2026-01-20 19:17:30,-14.973038930492548,IISC
2026-01-20 19:18:00,-15.02335705579733,IISC
2026-01-20 19:18:30,-15.523818308992832,IISC
2026-01-20 19:19:00,-15.152552218155055,IISC
2026-01-20 19:19:30,-16.240511452117396,IISC
2026-01-20 19:20:00,-14.918640985259598,IISC
2026-01-20 19:20:30,-12.812079917138464,IISC
2026-01-20 19:21:00,-14.646651172969358,IISC
2026-01-20 19:21:30,-16.27043033086138,IISC
2026-01-20 19:22:00,-13.657968222620756,IISC
2026-01-20 19:22:30,-17.381508684581696,IISC
2026-01-20 19:23:00,-13.594050619873599,IISC
2026-01-20 19:23:30,-10.853753296006245,IISC
2026-01-20 19:24:00,-9.261252973721612,IISC
2026-01-20 19:24:30,-11.132542857150085,IISC
2026-01-20 19:25:00,-13.466215399180665,IISC
2026-01-20 19:25:30,-16.075957613959293,IISC
2026-01-20 19:26:00,-14.150269780231666,IISC
2026-01-20 19:26:30,-9.949387184833196,IISC
2026-01-20 19:27:00,-8.029139143095756,IISC
2026-01-20 19:27:30,-9.008302451128763,IISC
2026-01-20 19:28:00,-9.96026677894599,IISC
2026-01-20 19:28:30,-6.885421996904645,IISC
2026-01-20 19:29:00,-7.652433250135375,IISC
2026-01-20 19:29:30,-12.410894952622911,IISC
2026-01-20 19:30:00,-8.275289916835005,IISC
2026-01-20 19:30:30,-5.458835449376703,IISC
2026-01-20 19:31:00,-6.670550058772785,IISC
2026-01-20 19:31:30,-7.705471263835945,IISC
2026-01-20 19:32:00,-7.986980723507983,IISC
2026-01-20 19:32:30,-6.612072248015819,IISC
2026-01-20 19:33:00,-7.875464893984243,IISC
2026-01-20 19:33:30,-9.17421624108407,IISC
2026-01-20 19:34:00,-9.822911915937462,IISC
2026-01-20 19:34:30,-8.105296286686709,IISC
2026-01-20 19:35:00,-8.313368481031175,IISC
2026-01-20 19:35:30,-8.81518968602388,IISC
2026-01-20 19:36:00,-6.640631174962599,IISC
2026-01-20 19:36:30,-10.020104546566362,IISC
2026-01-20 19:37:00,-9.958906817016379,IISC
2026-01-20 19:37:30,-7.187330682872661,IISC
2026-01-20 19:38:00,-6.3169633007689905,IISC
2026-01-20 19:38:30,-7.281167169430008,IISC
2026-01-20 19:39:00,-10.649760936788566,IISC
2026-01-20 19:39:30,-7.5980352795714,IISC
2026-01-20 19:40:00,-10.248575972273011,IISC
2026-01-20 19:40:30,-11.2726176085544,IISC
2026-01-20 19:41:00,-13.300301619357768,IISC
2026-01-20 19:41:30,-9.699156570900954,IISC
2026-01-20 19:42:00,-10.965269110331374,IISC
2026-01-20 19:42:30,-7.244448551964837,IISC
2026-01-20 19:43:00,0.6486956951182103,IISC
2026-01-20 19:43:30,-3.078924632366745,IISC
2026-01-20 19:44:00,-6.541354886282649,IISC
2026-01-20 19:44:30,-6.899021484479434,IISC
2026-01-20 19:45:00,-7.855065662622058,IISC
2026-01-20 19:45:30,-5.373158643205338,IISC
2026-01-20 19:46:00,-9.397247874800525,IISC
2026-01-20 19:46:30,-5.672120791432742,IISC
2026-01-20 19:47:00,-4.486925205774294,IISC
2026-01-20 19:47:30,-5.968816338977227,IISC
2026-01-20 19:48:00,-7.447534274962313,IISC
2026-01-20 19:48:30,-5.289748452071138,IISC
2026-01-20 19:49:00,-1.5818473952483805,IISC
2026-01-20 19:49:30,-3.923679637929761,IISC
2026-01-20 19:50:00,-2.6591536844427544,IISC
2026-01-20 19:50:30,-2.8019483453520464,IISC
2026-01-20 19:51:00,-1.8214250855218364,IISC
2026-01-20 19:51:30,-2.2609152821544694,IISC
2026-01-20 19:52:00,-4.967667190840703,IISC
2026-01-20 19:52:30,-6.033867236577457,IISC
2026-01-20 19:53:00,-2.4513081436649506,IISC
2026-01-20 19:53:30,-2.535398319141426,IISC
2026-01-20 19:54:00,-0.12216875487125926,IISC
2026-01-20 19:54:30,2.4642276561855065,IISC
2026-01-20 19:55:00,0.7302926408317644,IISC
2026-01-20 19:55:30,-3.8894542620486563,IISC
2026-01-20 19:56:00,-4.962454051572804,IISC
2026-01-20 19:56:30,-5.751224493029126,IISC
2026-01-20 19:57:00,-7.271647522048208,IISC
2026-01-20 19:57:30,-4.841418579733471,IISC
2026-01-20 19:58:00,-3.941132313819613,IISC
2026-01-20 19:58:30,-4.792460426490712,IISC
2026-01-20 19:59:00,-7.47699982293068,IISC
2026-01-20 19:59:30,-6.697749028856158,IISC
2026-01-20 20:00:00,0.9630705687417421,IISC
2026-01-20 20:00:30,-0.6854143049840742,IISC
2026-01-20 20:01:00,-0.4061714367069116,IISC
2026-01-20 20:01:30,-1.134424158286548,IISC
2026-01-20 20:02:00,1.4723715001753825,IISC
2026-01-20 20:02:30,4.299705541481661,IISC
2026-01-20 20:03:00,1.205821479875336,IISC
2026-01-20 20:03:30,1.8833027622619285,IISC
2026-01-20 20:04:00,0.2268848363857671,IISC
2026-01-20 20:04:30,1.4168402415132768,IISC
2026-01-20 20:05:00,0.8869134395050379,IISC
2026-01-20 20:05:30,-3.2636510466316353,IISC
2026-01-20 20:06:00,-1.1137982581590877,IISC
2026-01-20 20:06:30,0.5045410933884946,IISC
2026-01-20 20:07:00,1.2661125546290333,IISC
2026-01-20 20:07:30,0.3059885312272123,IISC
2026-01-20 20:08:00,1.4524255810127278,IISC
2026-01-20 20:08:30,-0.5834181355076448,IISC
2026-01-20 20:09:00,1.3205105150605991,IISC
2026-01-20 20:09:30,2.018164373553979,IISC
2026-01-20 20:10:00,-0.25975026131403806,IISC
2026-01-20 20:10:30,-2.3703911848267754,IISC
2026-01-20 20:11:00,-1.8277715171097022,IISC
2026-01-20 20:11:30,0.16591377982289604,IISC
2026-01-20 20:12:00,0.47598216644171526,IISC
2026-01-20 20:12:30,-6.152409457544681,IISC
2026-01-20 20:13:00,-1.2933115399110215,IISC
2026-01-20 20:13:30,-1.3057777419207823,IISC
2026-01-20 20:14:00,-0.1031294651738673,IISC
2026-01-20 20:14:30,2.6480474409851342,IISC
2026-01-20 20:15:00,3.912573394472141,IISC
2026-01-20 20:15:30,-0.19039286742105302,IISC
2026-01-20 20:16:00,-4.6034275066450245,IISC
2026-01-20 20:16:30,1.7722402567588607,IISC
2026-01-20 20:17:00,4.891510049782854,IISC
2026-01-20 20:17:30,1.2502464950798216,IISC
2026-01-20 20:18:00,0.25861697997084815,IISC
2026-01-20 20:18:30,0.6949339675644873,IISC
2026-01-20 20:19:00,0.7948902177887898,IISC
2026-01-20 20:19:30,1.2216875546231614,IISC
2026-01-20 20:20:00,3.063738528451314,IISC
2026-01-20 20:20:30,6.298830628715717,IISC
2026-01-20 20:21:00,3.141482285849804,IISC
2026-01-20 20:21:30,3.5920787377612022,IISC
2026-01-20 20:22:00,3.3112492590539695,IISC
2026-01-20 20:22:30,5.272522417926803,IISC
2026-01-20 20:23:00,5.66418776545779,IISC
2026-01-20 20:23:30,5.998735218565577,IISC
2026-01-20 20:24:00,3.889454262048656,IISC
2026-01-20 20:24:30,-0.14279465056578988,IISC
2026-01-20 20:25:00,0.7330125336604836,IISC
2026-01-20 20:25:30,-2.337072424689962,IISC
2026-01-20 20:26:00,-1.6790270875635627,IISC
2026-01-20 20:26:30,1.0911891068151864,IISC
2026-01-20 20:27:00,4.094636582255267,IISC
2026-01-20 20:27:30,5.123947993121,IISC
2026-01-20 20:28:00,0.8401085160436641,IISC
2026-01-20 20:28:30,1.5207630163351074,IISC
2026-01-20 20:29:00,0.3391372923231709,IISC
2026-01-20 20:29:30,4.338577434957337,IISC
2026-01-20 20:30:00,0.8055998101165356,IISC
2026-01-20 20:30:30,2.095511483200064,IISC
2026-01-20 20:31:00,1.141167242270838,IISC
2026-01-20 20:31:30,0.2510805996373808,IISC
2026-01-20 20:32:00,-1.0662000501696831,IISC
2026-01-20 20:32:30,-0.04164843956365072,IISC
2026-01-20 20:33:00,5.120378132952134,IISC
2026-01-20 20:33:30,6.873182461127058,IISC
2026-01-20 20:34:00,4.423914229114928,IISC
2026-01-20 20:34:30,3.519548117941875,IISC
2026-01-20 20:35:00,-1.9455771034306812,IISC
2026-01-20 20:35:30,1.726625298508255,IISC
2026-01-20 20:36:00,1.9765159403230848,IISC
2026-01-20 20:36:30,-0.3165281380239826,IISC
2026-01-20 20:37:00,1.3886779595747067,IISC
2026-01-20 20:37:30,3.3663838577203418,IISC
2026-01-20 20:38:00,10.785755858132303,IISC
2026-01-20 20:38:30,8.539120038606853,IISC
2026-01-20 20:39:00,8.759431768728906,IISC
2026-01-20 20:39:30,7.6170745794012005,IISC
2026-01-20 20:40:00,8.196412867116546,IISC
2026-01-20 20:40:30,5.432146457417626,IISC
2026-01-20 20:41:00,8.880637236442718,IISC
2026-01-20 20:41:30,8.140484964712783,IISC
2026-01-20 20:42:00,9.205495065925772,IISC
2026-01-20 20:42:30,9.065080326572158,IISC
2026-01-20 20:43:00,4.80860980848664,IISC
2026-01-20 20:43:30,1.93724740310575,IISC
2026-01-20 20:44:00,6.910071076366533,IISC
2026-01-20 20:44:30,7.826336742333903,IISC
2026-01-20 20:45:00,6.344842249917343,IISC
2026-01-20 20:45:30,11.380733541486695,IISC
2026-01-20 20:46:00,10.55728440392825,IISC
2026-01-20 20:46:30,9.852830800380925,IISC
2026-01-20 20:47:00,12.076857462440808,IISC
2026-01-20 20:47:30,10.194348012782127,IISC
2026-01-20 20:48:00,11.47355007432855,IISC
2026-01-20 20:48:30,9.078169827156792,IISC
2026-01-20 20:49:00,10.362131711127562,IISC
2026-01-20 20:49:30,10.550144683590513,IISC
2026-01-20 20:50:00,11.12727304393593,IISC
2026-01-20 20:50:30,6.829815184802005,IISC
2026-01-20 20:51:00,4.1734116136775965,IISC
2026-01-20 20:51:30,5.5965982827257745,IISC
2026-01-20 20:52:00,3.0072553236271133,IISC
2026-01-20 20:52:30,5.546144177439889,IISC
2026-01-20 20:53:00,3.6469753439764787,IISC
2026-01-20 20:53:30,6.005942950931855,IISC
2026-01-20 20:54:00,5.520441141667925,IISC
2026-01-20 20:54:30,7.2311210354979085,IISC
2026-01-20 20:55:00,6.96097472816994,IISC
2026-01-20 20:55:30,9.57464567288302,IISC
2026-01-20 20:56:00,6.862605058822844,IISC
2026-01-20 20:56:30,7.459169386593099,IISC
2026-01-20 20:57:00,6.671154472787176,IISC
2026-01-20 20:57:30,4.00036565898192,IISC
2026-01-20 20:58:00,7.446476530735219,IISC
2026-01-20 20:58:30,11.386551115526352,IISC
2026-01-20 20:59:00,10.667289170622247,IISC
2026-01-20 20:59:30,9.006640297390572,IISC
2026-01-20 21:00:00,10.248424872146884,IISC
2026-01-20 21:00:30,9.786193296783557,IISC
2026-01-20 21:01:00,10.868259423178706,IISC
2026-01-20 21:01:30,10.538245119648883,IISC
2026-01-20 21:02:00,11.5050177833345,IISC
2026-01-20 21:02:30,7.012803887947788,IISC
2026-01-20 21:03:00,5.545721081325205,IISC
2026-01-20 21:03:30,3.683044219190737,IISC
2026-01-20 21:04:00,5.213591309043099,IISC
2026-01-20 21:04:30,8.485175388123173,IISC
2026-01-20 21:05:00,14.14724766456386,IISC
2026-01-20 21:05:30,13.09268273833865,IISC
2026-01-20 21:06:00,9.45723673354044,IISC
2026-01-20 21:06:30,3.8164249903661718,IISC
2026-01-20 21:07:00,1.776365437966468,IISC
2026-01-20 21:07:30,3.4908531932822724,IISC
2026-01-20 21:08:00,3.66411070470413,IISC
2026-01-20 21:08:30,6.325802961106538,IISC
2026-01-20 21:09:00,7.427225687463951,IISC
2026-01-20 21:09:30,7.331077293997012,IISC
2026-01-20 21:10:00,7.9603257067859845,IISC
2026-01-20 21:10:30,5.623993716747815,IISC
2026-01-20 21:11:00,6.633075893392394,IISC
2026-01-20 21:11:30,8.977023625020509,IISC
2026-01-20 21:12:00,11.874565049302383,IISC
2026-01-20 21:12:30,10.002765189016165,IISC
2026-01-20 21:13:00,13.065710413730088,IISC
2026-01-20 21:13:30,14.520175909139832,IISC
2026-01-20 21:14:00,17.862930663278423,IISC
2026-01-20 21:14:30,8.639076281654033,IISC
2026-01-20 21:15:00,8.123825590660495,IISC
2026-01-20 21:15:30,4.538489941316513,IISC
2026-01-20 21:16:00,5.2822120687823855,IISC
2026-01-20 21:16:30,4.092256657744304,IISC
2026-01-20 21:17:00,4.348361511922425,IISC
2026-01-20 21:17:30,8.281031930468096,IISC
2026-01-20 21:18:00,8.218625371763505,IISC
2026-01-20 21:18:30,8.396325381356489,IISC
2026-01-20 21:19:00,5.844003239299759,IISC
2026-01-20 21:19:30,5.465332988971459,IISC
2026-01-20 21:20:00,6.8150068483707,IISC
2026-01-20 21:20:30,4.237299006419359,IISC
2026-01-20 21:21:00,5.140607378994433,IISC
2026-01-20 21:21:30,8.11496703644628,IISC
2026-01-20 21:22:00,9.355693874856263,IISC
2026-01-20 21:22:30,10.63026834333532,IISC
2026-01-20 21:23:00,10.467376662292878,IISC
2026-01-20 21:23:30,5.64409072703001,IISC
2026-01-20 21:24:00,9.48579567005672,IISC
2026-01-20 21:24:30,11.660505282369952,IISC
2026-01-20 21:25:00,9.05212302726929,IISC
2026-01-20 21:25:30,8.386805738477983,IISC
2026-01-20 21:26:00,8.031405715351635,IISC
2026-01-20 21:26:30,2.3851995195693445,IISC
2026-01-20 21:27:00,4.148449003593059,IISC
2026-01-20 21:27:30,6.179306232442003,IISC
2026-01-20 21:28:00,4.595872226763554,IISC
2026-01-20 21:28:30,0.46752025315460066,IISC
2026-01-20 21:29:00,5.585915137353032,IISC
2026-01-20 21:29:30,9.775615917558717,IISC
2026-01-20 21:30:00,8.376228351372383,IISC
2026-01-20 21:30:30,3.2641799088942296,IISC
2026-01-20 21:31:00,1.2629393371463655,IISC
2026-01-20 21:31:30,4.839152008040504,IISC
2026-01-20 21:32:00,9.697343297897637,IISC
2026-01-20 21:32:30,11.063940974301605,IISC
2026-01-20 21:33:00,9.075393282053914,IISC
2026-01-20 21:33:30,4.59798770733698,IISC
2026-01-20 21:34:00,8.321358185807497,IISC
2026-01-20 21:34:30,8.728322936595301,IISC
2026-01-20 21:35:00,14.738787712180894,IISC
2026-01-20 21:35:30,12.866987860760535,IISC
2026-01-20 21:36:00,10.804795134530906,IISC
2026-01-20 21:36:30,11.331945372719453,IISC
2026-01-20 21:37:00,13.122828269523474,IISC
2026-01-20 21:37:30,14.031954210720182,IISC
2026-01-20 21:38:00,8.314218456603905,IISC
2026-01-20 21:38:30,8.980593494055235,IISC
2026-01-20 21:39:00,10.780996017976236,IISC
2026-01-20 21:39:30,15.370654048138025,IISC
2026-01-20 21:40:00,9.919468305455936,IISC
2026-01-20 21:40:30,8.349917115920654,IISC
2026-01-20 21:41:00,7.00645746198904,IISC
2026-01-20 21:41:30,7.1179732780029,IISC
2026-01-20 21:42:00,5.3286203307703826,IISC
2026-01-20 21:42:30,7.613334713225447,IISC
2026-01-20 21:43:00,4.9775834823863425,IISC
2026-01-20 21:43:30,8.90681625977663,IISC
2026-01-20 21:44:00,11.69845164619909,IISC
2026-01-20 21:44:30,15.186210958008585,IISC
2026-01-20 21:45:00,11.693691819341812,IISC
2026-01-20 21:45:30,11.371213914369715,IISC
2026-01-20 21:46:00,13.818952190477585,IISC
2026-01-20 21:46:30,10.385930823249302,IISC
2026-01-20 21:47:00,8.823519367350542,IISC
2026-01-20 21:47:30,13.300131626016391,IISC
2026-01-20 21:48:00,10.335952705525365,IISC
2026-01-20 21:48:30,13.143057512610488,IISC
2026-01-20 21:49:00,8.842558657047935,IISC
2026-01-20 21:49:30,11.111803627706191,IISC
2026-01-20 21:50:00,12.202992730088447,IISC
2026-01-20 21:50:30,9.915898449719998,IISC
2026-01-20 21:51:00,10.287164527892266,IISC
2026-01-20 21:51:30,7.16829139190872,IISC
2026-01-20 21:52:00,8.06525333753995,IISC
2026-01-20 21:52:30,5.488603220113792,IISC
2026-01-20 21:53:00,6.929242578674287,IISC
2026-01-20 21:53:30,7.964768211261718,IISC
2026-01-20 21:54:00,4.701646038713821,IISC
2026-01-20 21:54:30,5.729767516876937,IISC
2026-01-20 21:55:00,6.354890765401944,IISC
2026-01-20 21:55:30,11.287123725594453,IISC
2026-01-20 21:56:00,9.203379576979039,IISC
2026-01-20 21:56:30,5.685342519404168,IISC
2026-01-20 21:57:00,9.116645058666542,IISC
2026-01-20 21:57:30,9.493199836302182,IISC
2026-01-20 21:58:00,10.891529658261422,IISC
2026-01-20 21:58:30,7.711968794987028,IISC
2026-01-20 21:59:00,5.424081200537683,IISC
2026-01-20 21:59:30,7.082614601076697,IISC
2026-01-20 22:00:00,8.090639057136473,IISC
2026-01-20 22:00:30,7.4485920113086435,IISC
2026-01-20 22:01:00,6.437394334388731,IISC
2026-01-20 22:01:30,9.146261719708008,IISC
2026-01-20 22:02:00,8.660759913202348,IISC
2026-01-20 22:02:30,8.835286713756338,IISC
2026-01-20 22:03:00,8.783457538216961,IISC
2026-01-20 22:03:30,11.782462494700404,IISC
2026-01-20 22:04:00,9.090201606664074,IISC
2026-01-20 22:04:30,5.839772286033673,IISC
2026-01-20 22:05:00,11.355744489274123,IISC
2026-01-20 22:05:30,13.273952602682478,IISC
2026-01-20 22:06:00,11.03802639342759,IISC
2026-01-20 22:06:30,11.543247463981235,IISC
2026-01-20 22:07:00,10.651120893651974,IISC
2026-01-20 22:07:30,6.624613982919838,IISC
2026-01-20 22:08:00,10.126784979538218,IISC
2026-01-20 22:08:30,9.01404445969565,IISC
2026-01-20 22:09:00,13.212207142493131,IISC
2026-01-20 22:09:30,12.893166879661518,IISC
2026-01-20 22:10:00,13.125208185168576,IISC
2026-01-20 22:10:30,11.709161240004477,IISC
2026-01-20 22:11:00,13.172806404979127,IISC
2026-01-20 22:11:30,12.194663051928163,IISC
2026-01-20 22:12:00,9.685047088736704,IISC
2026-01-20 22:12:30,11.461650513834751,IISC
2026-01-20 22:13:00,11.962621750854032,IISC
2026-01-20 22:13:30,10.08725202153309,IISC
2026-01-20 22:14:00,10.224096896284909,IISC
2026-01-20 22:14:30,11.03855526258585,IISC
2026-01-20 22:15:00,10.564688579532117,IISC
2026-01-20 22:15:30,10.495935594868776,IISC
2026-01-20 22:16:00,8.772880162932507,IISC
2026-01-20 22:16:30,9.84754210732067,IISC
2026-01-20 22:17:00,12.762668442689593,IISC
2026-01-20 22:17:30,11.843493985515735,IISC
2026-01-20 22:18:00,10.724407027893276,IISC
2026-01-20 22:18:30,13.997048851200441,IISC
2026-01-20 22:19:00,12.616700570771116,IISC
2026-01-20 22:19:30,15.61115726214745,IISC
2026-01-20 22:20:00,16.88890493178474,IISC
2026-01-20 22:20:30,18.257485874181583,IISC
2026-01-20 22:21:00,16.97233402795533,IISC
2026-01-20 22:21:30,13.100219128523072,IISC
2026-01-20 22:22:00,12.79202066865938,IISC
2026-01-20 22:22:30,12.907446346934563,IISC
2026-01-20 22:23:00,13.103788984259014,IISC
2026-01-20 22:23:30,12.708723789532078,IISC
2026-01-20 22:24:00,13.446496150049837,IISC
2026-01-20 22:24:30,9.492142096015469,IISC
2026-01-20 22:25:00,8.957984338770952,IISC
2026-01-20 22:25:30,7.259256878263731,IISC
2026-01-20 22:26:00,10.647192148518906,IISC
2026-01-20 22:26:30,8.815189683772234,IISC
2026-01-20 22:27:00,9.476276019297451,IISC
2026-01-20 22:27:30,16.15364470395537,IISC
2026-01-20 22:28:00,12.067337822025038,IISC
2026-01-20 22:28:30,12.586158377620375,IISC
2026-01-20 22:29:00,13.595240567563739,IISC
2026-01-20 22:29:30,17.182956132552825,IISC
2026-01-20 22:30:00,18.20869769654848,IISC
2026-01-20 22:30:30,15.304016543063012,IISC
2026-01-20 22:31:00,17.820772239890996,IISC
2026-01-20 22:31:30,18.89887183282276,IISC
2026-01-20 22:32:00,14.597183019437658,IISC
2026-01-20 22:32:30,15.056505821326217,IISC
2026-01-20 22:33:00,18.062333181380893,IISC
2026-01-20 22:33:30,18.296754398100127,IISC
2026-01-20 22:34:00,17.23888404382245,IISC
2026-01-20 22:34:30,14.713798655535388,IISC
2026-01-20 22:35:00,16.08224739418773,IISC
2026-01-20 22:35:30,15.384933510978138,IISC
2026-01-20 22:36:00,14.659060702088318,IISC
2026-01-20 22:36:30,15.973961445116142,IISC
2026-01-20 22:37:00,15.589095858470987,IISC
2026-01-20 22:37:30,16.160274448068638,IISC
2026-01-20 22:38:00,15.866525472883833,IISC
2026-01-20 22:38:30,12.153864589837072,IISC
2026-01-20 22:39:00,10.358731849999547,IISC
2026-01-20 22:39:30,11.418132151948909,IISC
2026-01-20 22:40:00,10.909511203168808,IISC
2026-01-20 22:40:30,10.615762217851593,IISC
2026-01-20 22:41:00,9.378208585103136,IISC
2026-01-20 22:41:30,11.433091586254696,IISC
2026-01-20 22:42:00,11.690121969305354,IISC
2026-01-20 22:42:30,12.370096479766133,IISC
2026-01-20 22:43:00,10.179218582601862,IISC
2026-01-20 22:43:30,9.12389811577929,IISC
2026-01-20 22:44:00,10.519205827699846,IISC
2026-01-20 22:44:30,13.604930203853984,IISC
2026-01-20 22:45:00,13.894599354044415,IISC
2026-01-20 22:45:30,9.904508871783426,IISC
2026-01-20 22:46:00,8.919905761627815,IISC
2026-01-20 22:46:30,9.069500155347727,IISC
2026-01-20 22:47:00,10.328812976321773,IISC
2026-01-20 22:47:30,9.168776438961471,IISC
2026-01-20 22:48:00,13.504293973509244,IISC
2026-01-20 22:48:30,10.42672930307211,IISC
2026-01-20 22:49:00,9.081739696191516,IISC
2026-01-20 22:49:30,7.9842608199135805,IISC
2026-01-20 22:50:00,11.003347684659952,IISC
2026-01-20 22:50:30,13.68924705316194,IISC
2026-01-20 22:51:00,14.389620794984907,IISC
2026-01-20 22:51:30,12.87327761629122,IISC
2026-01-20 22:52:00,13.863320518437023,IISC
2026-01-20 22:52:30,10.887752014943219,IISC
2026-01-20 22:53:00,9.829711674923471,IISC
2026-01-20 22:53:30,14.456768293382828,IISC
2026-01-20 22:54:00,12.609957489742111,IISC
2026-01-20 22:54:30,12.636136508643098,IISC
2026-01-20 22:55:00,14.471047751790014,IISC
2026-01-20 22:55:30,15.315916103556809,IISC
2026-01-20 22:56:00,12.41837466597615,IISC
2026-01-20 22:56:30,10.528725469382161,IISC
2026-01-20 22:57:00,12.047108574505096,IISC
2026-01-20 22:57:30,16.23337172291381,IISC
2026-01-20 22:58:00,17.780313758149898,IISC
2026-01-20 22:58:30,16.785511026613715,IISC
2026-01-20 22:59:00,13.312031190943118,IISC
2026-01-20 22:59:30,12.694444326691961,IISC
2026-01-20 23:00:00,12.527850564004435,IISC
2026-01-20 23:00:30,11.459270607055506,IISC
2026-01-20 23:01:00,11.59849538858657,IISC
2026-01-20 23:01:30,12.324368188610531,IISC
2026-01-20 23:02:00,15.778808747882525,IISC
2026-01-20 23:02:30,15.162411841453919,IISC
2026-01-20 23:03:00,15.230239313217337,IISC
2026-01-20 23:03:30,12.61590726998901,IISC
2026-01-20 23:04:00,17.679167547147756,IISC
2026-01-20 23:04:30,17.47806508739896,IISC
2026-01-20 23:05:00,17.392388288193626,IISC
2026-01-20 23:05:30,13.81538232144286,IISC
2026-01-20 23:06:00,12.576638741637534,IISC
2026-01-20 23:06:30,13.789203302541877,IISC
2026-01-20 23:07:00,14.311593727171934,IISC
2026-01-20 23:07:30,13.590480745139391,IISC
2026-01-20 23:08:00,12.913396118315603,IISC
2026-01-20 23:08:30,15.8145074116322,IISC
2026-01-20 23:09:00,13.889159551288536,IISC
2026-01-20 23:09:30,14.536495299042475,IISC
2026-01-20 23:10:00,16.421384673212113,IISC
2026-01-20 23:10:30,17.97308653087255,IISC
2026-01-20 23:11:00,17.243643852948008,IISC
2026-01-20 23:11:30,14.358001984727004,IISC
2026-01-20 23:12:00,12.446933604955165,IISC
2026-01-20 23:12:30,16.189343372137984,IISC
2026-01-20 23:13:00,15.71217124280751,IISC
2026-01-20 23:13:30,13.665976811324287,IISC
2026-01-20 23:14:00,15.586829282837641,IISC
2026-01-20 23:14:30,11.336837416620021,IISC
2026-01-20 23:15:00,12.381882699966722,IISC
2026-01-20 23:15:30,12.844114271389667,IISC
2026-01-20 23:16:00,11.640408268147375,IISC
2026-01-20 23:16:30,10.593247504227252,IISC
2026-01-20 23:17:00,11.544154095135232,IISC
2026-01-20 23:17:30,12.092062464285867,IISC
2026-01-20 23:18:00,13.514720253733776,IISC
2026-01-20 23:18:30,13.781270266153056,IISC
2026-01-20 23:19:00,12.779592239992413,IISC
2026-01-20 23:19:30,9.597915904025355,IISC
2026-01-20 23:20:00,10.692674882338004,IISC
2026-01-20 23:20:30,10.887298701054954,IISC
2026-01-20 23:21:00,8.48094442697632,IISC
2026-01-20 23:21:30,11.241640979954209,IISC
2026-01-20 23:22:00,11.30510527106475,IISC
2026-01-20 23:22:30,9.698401038184349,IISC
2026-01-20 23:23:00,8.649124801571562,IISC
2026-01-20 23:23:30,12.28457079060825,IISC
2026-01-20 23:24:00,14.832661983339271,IISC
2026-01-20 23:24:30,15.494806047330059,IISC
2026-01-20 23:25:00,14.335525049441296,IISC
2026-01-20 23:25:30,16.172816203800387,IISC
2026-01-20 23:26:00,18.21107761071594,IISC
2026-01-20 23:26:30,12.973158326303412,IISC
2026-01-20 23:27:00,10.36160284246185,IISC
2026-01-20 23:27:30,14.41697090178366,IISC
2026-01-20 23:28:00,14.922569718571522,IISC
2026-01-20 23:28:30,11.597041003080555,IISC
2026-01-20 23:29:00,6.163440159664368,IISC
2026-01-20 23:29:30,9.111356357232982,IISC
2026-01-20 23:30:00,10.284387959147093,IISC
2026-01-20 23:30:30,13.714632769943904,IISC
2026-01-20 23:31:00,15.710584640258206,IISC
2026-01-20 23:31:30,15.892515591296132,IISC
2026-01-20 23:32:00,16.508119200883012,IISC
2026-01-20 23:32:30,13.980125038136096,IISC
2026-01-20 23:33:00,10.853451082807021,IISC
2026-01-20 23:33:30,10.557284409346273,IISC
2026-01-20 23:34:00,10.540360596281925,IISC
2026-01-20 23:34:30,11.252218359179045,IISC
2026-01-20 23:35:00,14.497358978375884,IISC
2026-01-20 23:35:30,16.174931684373817,IISC
2026-01-20 23:36:00,13.452313702909944,IISC
2026-01-20 23:36:30,14.309081589558064,IISC
2026-01-20 23:37:00,10.856624299726777,IISC
2026-01-20 23:37:30,10.480069526031523,IISC
2026-01-20 23:38:00,10.998361222319549,IISC
2026-01-20 23:38:30,9.786193296783555,IISC
2026-01-20 23:39:00,11.126347517244673,IISC
2026-01-20 23:39:30,13.218024707371404,IISC
2026-01-20 23:40:00,10.445904574270468,IISC
2026-01-20 23:40:30,9.524403101863141,IISC
2026-01-20 23:41:00,11.435207066265209,IISC
2026-01-20 23:41:30,10.700079052523847,IISC
2026-01-20 23:42:00,12.949888087280318,IISC
2026-01-20 23:42:30,11.783202907384569,IISC
2026-01-20 23:43:00,13.06729701480175,IISC
2026-01-20 23:43:30,13.388849415739783,IISC
2026-01-20 23:44:00,9.572530184428834,IISC
2026-01-20 23:44:30,7.409455695567532,IISC
2026-01-20 23:45:00,9.529162931183158,IISC
2026-01-20 23:45:30,12.290917220507376,IISC
2026-01-20 23:46:00,13.275671429663292,IISC
2026-01-20 23:46:30,12.33322675710863,IISC
2026-01-20 23:47:00,11.291354678860538,IISC
2026-01-20 23:47:30,12.361785685744145,IISC
2026-01-20 23:48:00,15.188061998584857,IISC
2026-01-20 23:48:30,12.812382129774779,IISC
2026-01-20 23:49:00,10.831238591951399,IISC
2026-01-20 23:49:30,10.255829034451962,IISC
2026-01-20 23:50:00,9.79571293966206,IISC
2026-01-20 23:50:30,11.810704103614135,IISC
2026-01-20 23:51:00,11.401359444076895,IISC
2026-01-20 23:51:30,11.484920761231159,IISC
2026-01-20 23:52:00,9.57887663008949,IISC
2026-01-20 23:52:30,11.050190374216633,IISC
2026-01-20 23:53:00,8.381517044925182,IISC
2026-01-20 23:53:30,7.794472371854578,IISC
2026-01-20 23:54:00,12.974321834708226,IISC
2026-01-20 23:54:30,12.464068966569405,IISC
2026-01-20 23:55:00,11.751999634730922,IISC
2026-01-20 23:55:30,15.04008442997258,IISC
2026-01-20 23:56:00,11.80054981459341,IISC
2026-01-20 23:56:30,11.07039317350095,IISC
2026-01-20 23:57:00,11.869091261050363,IISC
2026-01-20 23:57:30,13.167570591446486,IISC
2026-01-20 23:58:00,14.132862423065125,IISC
2026-01-20 23:58:30,10.732445843433263,IISC
2026-01-20 23:59:00,11.573982313296918,IISC
2026-01-20 23:59:30,10.535389232301863,IISC
2026-01-21 00:00:00,8.335399657083101,IISC
2026-01-21 00:00:30,12.105178407195556,IISC
2026-01-21 00:01:00,12.905780409529331,IISC
2026-01-21 00:01:30,12.152776617253659,IISC
2026-01-21 00:02:00,10.504926372332381,IISC
2026-01-21 00:02:30,10.665808343677764,IISC
2026-01-21 00:03:00,12.186095368904581,IISC
2026-01-21 00:03:30,15.33995319483086,IISC
2026-01-21 00:04:00,16.850720589394356,IISC
2026-01-21 00:04:30,14.302312076547508,IISC
2026-01-21 00:05:00,18.358632088730065,IISC
2026-01-21 00:05:30,18.912675326719228,IISC
2026-01-21 00:06:00,16.992563271042343,IISC
2026-01-21 00:06:30,12.555351756293618,IISC
2026-01-21 00:07:00,12.896736744263315,IISC
2026-01-21 00:07:30,14.150949753597162,IISC
2026-01-21 00:08:00,16.528480660028222,IISC
2026-01-21 00:08:30,17.539942747884975,IISC
2026-01-21 00:09:00,18.634701737033676,IISC
2026-01-21 00:09:30,20.341097801320775,IISC
2026-01-21 00:10:00,17.330510609975892,IISC
2026-01-21 00:10:30,14.050993487118786,IISC
2026-01-21 00:11:00,11.425951854518003,IISC
2026-01-21 00:11:30,12.859848127124012,IISC
2026-01-21 00:12:00,10.315723462438353,IISC
2026-01-21 00:12:30,10.75362705011856,IISC
2026-01-21 00:13:00,10.93807014418838,IISC
2026-01-21 00:13:30,9.292361805221942,IISC
2026-01-21 00:14:00,12.980033618957686,IISC
2026-01-21 00:14:30,12.862228042769116,IISC
2026-01-21 00:15:00,11.047546033843354,IISC
2026-01-21 00:15:30,12.582588517451507,IISC
2026-01-21 00:16:00,17.221034707514676,IISC
2026-01-21 00:16:30,12.85746820704598,IISC
2026-01-21 00:17:00,6.021174373823908,IISC
2026-01-21 00:17:30,11.724630665100074,IISC
2026-01-21 00:18:00,14.781626118432955,IISC
2026-01-21 00:18:30,13.644028745196842,IISC
2026-01-21 00:19:00,10.051553362216339,IISC
2026-01-21 00:19:30,16.17281619986001,IISC
2026-01-21 00:20:00,16.693646465349417,IISC
2026-01-21 00:20:30,12.072811618256333,IISC
2026-01-21 00:21:00,12.19561501729962,IISC
2026-01-21 00:21:30,14.82420008074748,IISC
2026-01-21 00:22:00,13.667034539789853,IISC
2026-01-21 00:22:30,16.869865642087344,IISC
2026-01-21 00:23:00,17.630379375425232,IISC
2026-01-21 00:23:30,17.57960794805333,IISC
2026-01-21 00:24:00,11.251160630713477,IISC
2026-01-21 00:24:30,7.138674725941777,IISC
2026-01-21 00:25:00,9.844501122220638,IISC
2026-01-21 00:25:30,11.053495827389042,IISC
2026-01-21 00:26:00,10.140800017157606,IISC
2026-01-21 00:26:30,11.333135339407864,IISC
2026-01-21 00:27:00,12.686114648531678,IISC
2026-01-21 00:27:30,12.28152979565726,IISC
2026-01-21 00:28:00,10.794085527426727,IISC
2026-01-21 00:28:30,11.14036256225228,IISC
2026-01-21 00:29:00,12.538560166675682,IISC
2026-01-21 00:29:30,11.745879861269302,IISC
2026-01-21 00:30:00,10.059543047361116,IISC
2026-01-21 00:30:30,12.916795992742404,IISC
2026-01-21 00:31:00,17.879080044641075,IISC
2026-01-21 00:31:30,15.922793356270864,IISC
2026-01-21 00:32:00,16.3487973878902,IISC
2026-01-21 00:32:30,18.152769798577644,IISC
2026-01-21 00:33:00,17.957617105776958,IISC
2026-01-21 00:33:30,13.314411106588222,IISC
2026-01-21 00:34:00,12.18633336490202,IISC
2026-01-21 00:34:30,16.942245155869973,IISC
2026-01-21 00:35:00,16.829369384681442,IISC
2026-01-21 00:35:30,18.873372791720207,IISC
2026-01-21 00:36:00,11.379543596962932,IISC
2026-01-21 00:36:30,10.513256057585355,IISC
2026-01-21 00:37:00,6.8898418377124475,IISC
2026-01-21 00:37:30,5.787943122315442,IISC
2026-01-21 00:38:00,8.255646210871577,IISC
2026-01-21 00:38:30,10.12533060092787,IISC
2026-01-21 00:39:00,7.684467606638224,IISC
2026-01-21 00:39:30,12.313658590372214,IISC
2026-01-21 00:40:00,11.34741480668091,IISC
2026-01-21 00:40:30,9.027001742744444,IISC
2026-01-21 00:41:00,13.545262445406875,IISC
2026-01-21 00:41:30,8.241631175714923,IISC
2026-01-21 00:42:00,11.395013013192669,IISC
2026-01-21 00:42:30,11.151072156057667,IISC
2026-01-21 00:43:00,16.216032365363606,IISC
2026-01-21 00:43:30,16.624017083798968,IISC
2026-01-21 00:44:00,17.691577081332923,IISC
2026-01-21 00:44:30,15.997080576906352,IISC
2026-01-21 00:45:00,11.515198513892198,IISC
2026-01-21 00:45:30,11.634194056769179,IISC
2026-01-21 00:46:00,15.918033533846517,IISC
2026-01-21 00:46:30,17.50798394841122,IISC
2026-01-21 00:47:00,14.81664479805145,IISC
2026-01-21 00:47:30,17.843891373581034,IISC
2026-01-21 00:48:00,19.209280206757605,IISC
2026-01-21 00:48:30,16.281309919907972,IISC
2026-01-21 00:49:00,8.85802808657646,IISC
2026-01-21 00:49:30,11.36050430283261,IISC
2026-01-21 00:50:00,16.13460541425798,IISC
2026-01-21 00:50:30,11.627054318699729,IISC
2026-01-21 00:51:00,7.65022333036475,IISC
2026-01-21 00:51:30,12.77060147661567,IISC
2026-01-21 00:52:00,10.483507169649645,IISC
2026-01-21 00:52:30,9.964686605188453,IISC
2026-01-21 00:53:00,7.820386962087006,IISC
2026-01-21 00:53:30,11.487829546034524,IISC
2026-01-21 00:54:00,8.023869333047978,IISC
2026-01-21 00:54:30,7.598035284637605,IISC
2026-01-21 00:55:00,10.41584970389311,IISC
2026-01-21 00:55:30,13.719165921773511,IISC
2026-01-21 00:56:00,11.864195439646645,IISC
2026-01-21 00:56:30,9.952107083361392,IISC
2026-01-21 00:57:00,12.094026827282905,IISC
2026-01-21 00:57:30,13.79124322010527,IISC
2026-01-21 00:58:00,11.203260208750844,IISC
2026-01-21 00:58:30,9.402687681989335,IISC
2026-01-21 00:59:00,8.2916093080042,IISC
2026-01-21 00:59:30,4.377675959201754,IISC
2026-01-21 01:00:00,11.19646045483104,IISC
2026-01-21 01:00:30,13.459415665525679,IISC
2026-01-21 01:01:00,13.326140657908757,IISC
2026-01-21 01:01:30,9.21637465560564,IISC
2026-01-21 01:02:00,10.082662197516322,IISC
2026-01-21 01:02:30,16.115396140085075,IISC
2026-01-21 01:03:00,11.27443085988562,IISC
2026-01-21 01:03:30,9.045247733137375,IISC
2026-01-21 01:04:00,4.287012699415117,IISC
2026-01-21 01:04:30,2.943156384010124,IISC
2026-01-21 01:05:00,4.796313607206468,IISC
2026-01-21 01:05:30,5.737171694943544,IISC
2026-01-21 01:06:00,4.905789502279467,IISC
2026-01-21 01:06:30,4.3123984071904955,IISC
2026-01-21 01:07:00,3.738046589977769,IISC
2026-01-21 01:07:30,4.094806567997333,IISC
2026-01-21 01:08:00,6.9671889277269905,IISC
2026-01-21 01:08:30,4.158894162819316,IISC
2026-01-21 01:09:00,3.622224270916213,IISC
2026-01-21 01:09:30,-1.1780558505442817,IISC
2026-01-21 01:10:00,-0.7127832861405405,IISC
2026-01-21 01:10:30,3.6484032853842683,IISC
2026-01-21 01:11:00,7.237308808195905,IISC
2026-01-21 01:11:30,7.171861265376372,IISC
2026-01-21 01:12:00,1.26611255652886,IISC
2026-01-21 01:12:30,0.6128270462597396,IISC
2026-01-21 01:13:00,2.133590049296059,IISC
2026-01-21 01:13:30,2.126450315659537,IISC
2026-01-21 01:14:00,-1.6349987367877403,IISC
2026-01-21 01:14:30,-2.745227146599106,IISC
2026-01-21 01:15:00,2.5298452018455464,IISC
2026-01-21 01:15:30,0.09281651067720786,IISC
2026-01-21 01:16:00,-0.32128796488126016,IISC
2026-01-21 01:16:30,-3.5853356626427706,IISC
2026-01-21 01:17:00,-2.6928690954983496,IISC
2026-01-21 01:17:30,-8.147624707215163,IISC
2026-01-21 01:18:00,-8.639076290519892,IISC
2026-01-21 01:18:30,-4.613457128984741,IISC
2026-01-21 01:19:00,-4.9978127254733575,IISC
2026-01-21 01:19:30,0.44213454143884223,IISC
2026-01-21 01:20:00,3.4889492607661894,IISC
2026-01-21 01:20:30,-0.009519649281624964,IISC
2026-01-21 01:21:00,-1.8242016404756702,IISC
2026-01-21 01:21:30,-2.240686044978029,IISC
2026-01-21 01:22:00,-4.097526461459328,IISC
2026-01-21 01:22:30,-3.503228731838887,IISC
2026-01-21 01:23:00,-1.1872355023774734,IISC
2026-01-21 01:23:30,-4.047208351353161,IISC
2026-01-21 01:24:00,-1.5707411441914534,IISC
2026-01-21 01:24:30,-1.282431940732021,IISC
2026-01-21 01:25:00,0.4991012963320965,IISC
2026-01-21 01:25:30,-0.14279465499871918,IISC
2026-01-21 01:26:00,-1.5680212456632545,IISC
2026-01-21 01:26:30,-7.189710597251214,IISC
2026-01-21 01:27:00,-8.493901728741927,IISC
2026-01-21 01:27:30,-11.268877736679165,IISC
2026-01-21 01:28:00,-9.79571293966206,IISC
2026-01-21 01:28:30,-9.050007554576629,IISC
2026-01-21 01:29:00,-0.7549077106063813,IISC
2026-01-21 01:29:30,-3.0586613845320096,IISC
2026-01-21 01:30:00,-3.917333211576973,IISC
2026-01-21 01:30:30,-2.0295879519319975,IISC
2026-01-21 01:31:00,-3.9297087516534503,IISC
2026-01-21 01:31:30,-0.7063575378365796,IISC
2026-01-21 01:32:00,-2.7173292839706877,IISC
2026-01-21 01:32:30,5.241092505272665,IISC
2026-01-21 01:33:00,3.699968024374323,IISC
2026-01-21 01:33:30,-0.45059644797101533,IISC
2026-01-21 01:34:00,0.04654048592695591,IISC
2026-01-21 01:34:30,-1.0556226625715373,IISC
2026-01-21 01:35:00,-2.7730720887199447,IISC
2026-01-21 01:35:30,1.3022872025209744,IISC
2026-01-21 01:36:00,-0.33699537444867855,IISC
2026-01-21 01:36:30,-1.7093048357916767,IISC
2026-01-21 01:37:00,-0.35116906591987923,IISC
2026-01-21 01:37:30,-2.581938803098192,IISC
2026-01-21 01:38:00,-5.278113332559589,IISC
2026-01-21 01:38:30,-0.1261352676476437,IISC
2026-01-21 01:39:00,2.6750197636235096,IISC
2026-01-21 01:39:30,2.613142080972846,IISC
2026-01-21 01:40:00,-0.43076385847661475,IISC
2026-01-21 01:40:30,-1.6123895913544108,IISC
2026-01-21 01:41:00,-1.6528480642296506,IISC
2026-01-21 01:41:30,-0.06901740298839876,IISC
2026-01-21 01:42:00,-0.7058135591441805,IISC
2026-01-21 01:42:30,-4.903976230683428,IISC
2026-01-21 01:43:00,-6.708628628035158,IISC
2026-01-21 01:43:30,-5.508303602908406,IISC
2026-01-21 01:44:00,-1.9063085706462761,IISC
2026-01-21 01:44:30,-3.640073607223982,IISC
2026-01-21 01:45:00,-6.465953263024247,IISC
2026-01-21 01:45:30,-6.367583621259822,IISC
2026-01-21 01:46:00,-7.744758684769392,IISC
2026-01-21 01:46:30,-10.382757608792282,IISC
2026-01-21 01:47:00,-12.932435415105681,IISC
2026-01-21 01:47:30,-15.695035899811577,IISC
2026-01-21 01:48:00,-13.737797227451605,IISC
2026-01-21 01:48:30,-15.120049439608938,IISC
2026-01-21 01:49:00,-11.611108915794627,IISC
2026-01-21 01:49:30,-13.27514256937089,IISC
2026-01-21 01:50:00,-12.048060541649722,IISC
2026-01-21 01:50:30,-7.984124820680895,IISC
2026-01-21 01:51:00,-8.643836096985694,IISC
2026-01-21 01:51:30,-11.684410172263727,IISC
2026-01-21 01:52:00,-13.780635623951222,IISC
2026-01-21 01:52:30,-14.166181178262388,IISC
2026-01-21 01:53:00,-17.173436491250474,IISC
2026-01-21 01:53:30,-19.47909410478487,IISC
2026-01-21 01:54:00,-13.36240595585655,IISC
2026-01-21 01:54:30,-9.467814120646041,IISC
2026-01-21 01:55:00,-10.014664741629202,IISC
2026-01-21 01:55:30,-13.20374524384172,IISC
2026-01-21 01:56:00,-16.164354301208597,IISC
2026-01-21 01:56:30,-15.264219149493657,IISC
2026-01-21 01:57:00,-17.709709735373025,IISC
2026-01-21 01:57:30,-18.913415738615313,IISC
2026-01-21 01:58:00,-20.006059248175685,IISC
2026-01-21 01:58:30,-16.240511456057778,IISC
2026-01-21 01:59:00,-9.977643906461514,IISC
2026-01-21 01:59:30,-10.398623673689157,IISC
2026-01-21 02:00:00,-11.457419565001594,IISC
2026-01-21 02:00:30,-12.553236283600956,IISC
2026-01-21 02:01:00,-13.422697034381756,IISC
2026-01-21 02:01:30,-15.197158546924825,IISC
2026-01-21 02:02:00,-17.852504386431363,IISC
2026-01-21 02:02:30,-17.22843888213345,IISC
2026-01-21 02:03:00,-21.291211076177674,IISC
2026-01-21 02:03:30,-19.98490447002411,IISC
2026-01-21 02:04:00,-17.41036984105214,IISC
2026-01-21 02:04:30,-16.34311204714791,IISC
2026-01-21 02:05:00,-12.814497606407821,IISC
2026-01-21 02:05:30,-15.048440568386658,IISC
2026-01-21 02:06:00,-20.32972710998524,IISC
2026-01-21 02:06:30,-19.6318843753491,IISC
2026-01-21 02:07:00,-19.179701311529996,IISC
2026-01-21 02:07:30,-20.007910284811576,IISC
2026-01-21 02:08:00,-21.308531551700494,IISC
2026-01-21 02:08:30,-16.611777530289665,IISC
2026-01-21 02:09:00,-18.314603734407896,IISC
2026-01-21 02:09:30,-19.67353281934568,IISC
2026-01-21 02:10:00,-21.999895636931466,IISC
2026-01-21 02:10:30,-19.23086939594234,IISC
2026-01-21 02:11:00,-19.0833149229522,IISC
2026-01-21 02:11:30,-17.198425562081347,IISC
2026-01-21 02:12:00,-18.06709300823817,IISC
2026-01-21 02:12:30,-16.76817167033007,IISC
2026-01-21 02:13:00,-19.236479181907182,IISC
2026-01-21 02:13:30,-16.19155327860982,IISC
2026-01-21 02:14:00,-13.554612088681612,IISC
2026-01-21 02:14:30,-14.390980746782105,IISC
2026-01-21 02:15:00,-14.99479812885055,IISC
2026-01-21 02:15:30,-17.864290594810807,IISC
2026-01-21 02:16:00,-17.02248214472012,IISC
2026-01-21 02:16:30,-16.97216403968016,IISC
2026-01-21 02:17:00,-16.750492347628494,IISC
2026-01-21 02:17:30,-17.310791358311963,IISC
2026-01-21 02:18:00,-17.616779879406767,IISC
2026-01-21 02:18:30,-18.703379166638115,IISC
2026-01-21 02:19:00,-20.28227999628175,IISC
2026-01-21 02:19:30,-19.798138139321647,IISC
2026-01-21 02:20:00,-17.7201360032135,IISC
2026-01-21 02:20:30,-13.958516961857777,IISC
2026-01-21 02:21:00,-14.291704473300772,IISC
2026-01-21 02:21:30,-13.133027892803876,IISC
2026-01-21 02:22:00,-16.126275729131663,IISC
2026-01-21 02:22:30,-16.443143854471675,IISC
2026-01-21 02:23:00,-14.822084600174055,IISC
2026-01-21 02:23:30,-16.343867575924133,IISC
2026-01-21 02:24:00,-19.792698352397657,IISC
2026-01-21 02:24:30,-19.417352406168277,IISC
2026-01-21 02:25:00,-17.841171469986627,IISC
2026-01-21 02:25:30,-20.890177218543187,IISC
2026-01-21 02:26:00,-21.11592876598646,IISC
2026-01-21 02:26:30,-22.478597695568624,IISC
2026-01-21 02:27:00,-18.5605845167056,IISC
2026-01-21 02:27:30,-18.235556690714787,IISC
2026-01-21 02:28:00,-17.200635470453015,IISC
2026-01-21 02:28:30,-17.899649280743596,IISC
2026-01-21 02:29:00,-17.332550521206528,IISC
2026-01-21 02:29:30,-17.782693664295866,IISC
2026-01-21 02:30:00,-21.21112518914239,IISC
2026-01-21 02:30:30,-18.51706615545303,IISC
2026-01-21 02:31:00,-19.932773093669564,IISC
2026-01-21 02:31:30,-22.550675004032794,IISC
2026-01-21 02:32:00,-25.22433481649238,IISC
2026-01-21 02:32:30,-22.145410194258037,IISC
2026-01-21 02:33:00,-20.3733965843109,IISC
2026-01-21 02:33:30,-25.00538302296891,IISC
2026-01-21 02:34:00,-23.464560757521436,IISC
2026-01-21 02:34:30,-20.894257073934792,IISC
2026-01-21 02:35:00,-22.32900330691492,IISC
2026-01-21 02:35:30,-24.22885212235638,IISC
2026-01-21 02:36:00,-22.81314517400744,IISC
2026-01-21 02:36:30,-27.116703914147664,IISC
2026-01-21 02:37:00,-24.967644430890147,IISC
2026-01-21 02:37:30,-28.059148599016023,IISC
2026-01-21 02:38:00,-28.26144100772151,IISC
2026-01-21 02:38:30,-29.679867864097787,IISC
2026-01-21 02:39:00,-27.806878041556082,IISC
2026-01-21 02:39:30,-23.994260909129387,IISC
2026-01-21 02:40:00,-23.413562670883394,IISC
2026-01-21 02:40:30,-26.007665455263176,IISC
2026-01-21 02:41:00,-22.24846410092517,IISC
2026-01-21 02:41:30,-18.941974667250832,IISC
2026-01-21 02:42:00,-20.73854291169281,IISC
2026-01-21 02:42:30,-25.648638905832108,IISC
2026-01-21 02:43:00,-24.40972534155127,IISC
2026-01-21 02:43:30,-22.871622974631993,IISC
2026-01-21 02:44:00,-23.573356678384567,IISC
2026-01-21 02:44:30,-23.350325034535704,IISC
2026-01-21 02:45:00,-27.509049205280196,IISC
2026-01-21 02:45:30,-26.052543779008268,IISC
2026-01-21 02:46:00,-24.91154653134536,IISC
2026-01-21 02:46:30,-27.419292563982047,IISC
2026-01-21 02:47:00,-27.60424563350233,IISC
2026-01-21 02:47:30,-26.11510143502443,IISC
2026-01-21 02:48:00,-24.873467967149193,IISC
2026-01-21 02:48:30,-26.8576336268324,IISC
2026-01-21 02:49:00,-25.131858276666026,IISC
2026-01-21 02:49:30,-23.263288296831956,IISC
2026-01-21 02:50:00,-22.807705371884833,IISC
2026-01-21 02:50:30,-23.72295107210448,IISC
2026-01-21 02:51:00,-26.268775689202155,IISC
2026-01-21 02:51:30,-28.875797980121554,IISC
2026-01-21 02:52:00,-26.12462108240623,IISC
2026-01-21 02:52:30,-21.574231579329364,IISC
2026-01-21 02:53:00,-25.027142211194498,IISC
2026-01-21 02:53:30,-24.839469243146016,IISC
2026-01-21 02:54:00,-25.197135831210385,IISC
2026-01-21 02:54:30,-24.54572024263018,IISC
2026-01-21 02:55:00,-26.083822614615656,IISC
2026-01-21 02:55:30,-25.951907553729736,IISC
2026-01-21 02:56:00,-25.821352454773425,IISC
2026-01-21 02:56:30,-27.859916059689585,IISC
2026-01-21 02:57:00,-28.924756143496722,IISC
2026-01-21 02:57:30,-27.1690619449836,IISC
2026-01-21 02:58:00,-25.080180219828865,IISC
2026-01-21 02:58:30,-26.444209111340644,IISC
2026-01-21 02:59:00,-26.91203156699915,IISC
2026-01-21 02:59:30,-29.8114429319682,IISC
2026-01-21 03:00:00,-29.63328960623531,IISC
2026-01-21 03:00:30,-30.777006742294013,IISC
2026-01-21 03:01:00,-32.07575808432764,IISC
2026-01-21 03:01:30,-32.796531072711396,IISC
2026-01-21 03:02:00,-31.3087468260307,IISC
2026-01-21 03:02:30,-28.65140640474031,IISC
2026-01-21 03:03:00,-27.092904791260242,IISC
2026-01-21 03:03:30,-25.923348621716748,IISC
2026-01-21 03:04:00,-26.797795859212023,IISC
2026-01-21 03:04:30,-27.812317848111615,IISC
2026-01-21 03:05:00,-27.442411714137247,IISC
2026-01-21 03:05:30,-29.063470963368662,IISC
2026-01-21 03:06:00,-29.56937200348815,IISC
2026-01-21 03:06:30,-30.431579690007222,IISC
2026-01-21 03:07:00,-30.052153918783464,IISC
2026-01-21 03:07:30,-29.642809243484695,IISC
2026-01-21 03:08:00,-29.272903114576533,IISC
2026-01-21 03:08:30,-28.89075743469216,IISC
2026-01-21 03:09:00,-27.003148160094497,IISC
2026-01-21 03:09:30,-29.55849241444156,IISC
2026-01-21 03:10:00,-32.54630045371295,IISC
2026-01-21 03:10:30,-32.83460965210618,IISC
2026-01-21 03:11:00,-32.59117878196134,IISC
2026-01-21 03:11:30,-32.92436628833813,IISC
2026-01-21 03:12:00,-34.26119619963412,IISC
2026-01-21 03:12:30,-30.729408540848457,IISC
2026-01-21 03:13:00,-29.207625554965965,IISC
2026-01-21 03:13:30,-27.734800742591055,IISC
2026-01-21 03:14:00,-27.96871198055272,IISC
2026-01-21 03:14:30,-26.89979204135397,IISC
2026-01-21 03:15:00,-28.195823474726982,IISC
2026-01-21 03:15:30,-30.55397510857756,IISC
2026-01-21 03:16:00,-29.611530423075926,IISC
2026-01-21 03:16:30,-30.073913096876648,IISC
2026-01-21 03:17:00,-30.223507495662766,IISC
2026-01-21 03:17:30,-32.82644996158779,IISC
2026-01-21 03:18:00,-36.02369015713326,IISC
2026-01-21 03:18:30,-32.43070478399623,IISC
2026-01-21 03:19:00,-30.781086602751824,IISC
2026-01-21 03:19:30,-31.88536521775095,IISC
2026-01-21 03:20:00,-31.285627691074108,IISC
2026-01-21 03:20:30,-32.45246396715561,IISC
2026-01-21 03:21:00,-30.670930725025283,IISC
2026-01-21 03:21:30,-30.956520019824108,IISC
2026-01-21 03:22:00,-31.148272848330407,IISC
2026-01-21 03:22:30,-30.772926902101027,IISC
2026-01-21 03:23:00,-30.292864890400114,IISC
2026-01-21 03:23:30,-31.911204251235734,IISC
2026-01-21 03:24:00,-31.991441245152085,IISC
2026-01-21 03:24:30,-31.847286638356167,IISC
2026-01-21 03:25:00,-38.24584688990492,IISC
2026-01-21 03:25:30,-36.510551912621565,IISC
2026-01-21 03:26:00,-34.599823503067306,IISC
2026-01-21 03:26:30,-33.54858289163634,IISC
2026-01-21 03:27:00,-32.95020531675671,IISC
2026-01-21 03:27:30,-31.3169065266815,IISC
2026-01-21 03:28:00,-32.43070478399623,IISC
2026-01-21 03:28:30,-32.6238175440349,IISC
2026-01-21 03:29:00,-37.74674558850661,IISC
2026-01-21 03:29:30,-37.24628433531111,IISC
2026-01-21 03:30:00,-36.79478126068939,IISC
2026-01-21 03:30:30,-37.28844275489889,IISC
2026-01-21 03:31:00,-35.82649753663677,IISC
2026-01-21 03:31:30,-35.524588850668756,IISC
2026-01-21 03:32:00,-37.824262683894766,IISC
2026-01-21 03:32:30,-40.13209620763918,IISC
2026-01-21 03:33:00,-40.18785411480174,IISC
2026-01-21 03:33:30,-39.582676796134706,IISC
2026-01-21 03:34:00,-36.049529190618046,IISC
2026-01-21 03:34:30,-39.14341325729057,IISC
2026-01-21 03:35:00,-41.14253834621337,IISC
2026-01-21 03:35:30,-40.33200871146526,IISC
2026-01-21 03:36:00,-40.103537265493785,IISC
2026-01-21 03:36:30,-35.16964215100017,IISC
2026-01-21 03:37:00,-33.223555085910355,IISC
2026-01-21 03:37:30,-37.442117004010406,IISC
2026-01-21 03:38:00,-37.41899786905382,IISC
2026-01-21 03:38:30,-36.952535339861484,IISC
2026-01-21 03:39:00,-35.74762049451762,IISC
2026-01-21 03:39:30,-36.63430727285669,IISC
2026-01-21 03:40:00,-36.46975344483099,IISC
2026-01-21 03:40:30,-36.91037693547232,IISC
2026-01-21 03:41:00,-37.938498386615684,IISC
2026-01-21 03:41:30,-39.0808555962082,IISC
2026-01-21 03:42:00,-36.99605371631266,IISC
2026-01-21 03:42:30,-32.4497440686274,IISC
2026-01-21 03:43:00,-33.87633062628776,IISC
2026-01-21 03:43:30,-34.911251821218514,IISC
2026-01-21 03:44:00,-35.82649753157057,IISC
2026-01-21 03:44:30,-39.067256098501005,IISC
2026-01-21 03:45:00,-40.83246996466075,IISC
2026-01-21 03:45:30,-39.656114041197455,IISC
2026-01-21 03:46:00,-38.433519847820996,IISC
2026-01-21 03:46:30,-33.84913163593957,IISC
2026-01-21 03:47:00,-35.38315414746724,IISC
2026-01-21 03:47:30,-38.83062497214355,IISC
2026-01-21 03:48:00,-39.78530919848898,IISC
2026-01-21 03:48:30,-40.16337503311416,IISC
2026-01-21 03:49:00,-36.48879272439598,IISC
2026-01-21 03:49:30,-38.36688236174425,IISC
2026-01-21 03:50:00,-41.22005543146911,IISC
2026-01-21 03:50:30,-39.01013825473986,IISC
2026-01-21 03:51:00,-35.98017178068208,IISC
2026-01-21 03:51:30,-35.60074600945831,IISC
2026-01-21 03:52:00,-35.58442660815672,IISC
2026-01-21 03:52:30,-36.129766174401986,IISC
2026-01-21 03:53:00,-33.86273112351436,IISC
2026-01-21 03:53:30,-35.48107046915137,IISC
2026-01-21 03:54:00,-33.76617474349502,IISC
2026-01-21 03:54:30,-34.19183878969815,IISC
2026-01-21 03:55:00,-39.566357404965515,IISC
2026-01-21 03:55:30,-39.898184969677516,IISC
2026-01-21 03:56:00,-38.54231577881654,IISC
2026-01-21 03:56:30,-43.2798682585188,IISC
2026-01-21 03:57:00,-41.711507026806075,IISC
2026-01-21 03:57:30,-44.80420114388863,IISC
2026-01-21 03:58:00,-45.56458263654093,IISC
2026-01-21 03:58:30,-46.22738780939047,IISC
2026-01-21 03:59:00,-45.110019679241375,IISC
2026-01-21 03:59:30,-42.55994523874174,IISC
2026-01-21 04:00:00,-46.313064595297014,IISC
2026-01-21 04:00:30,-50.001926371288235,IISC
2026-01-21 04:01:00,-44.123546643597194,IISC
2026-01-21 04:01:30,-41.25932396298697,IISC
2026-01-21 04:02:00,-41.00824336778251,IISC
2026-01-21 04:02:30,-44.73161386299965,IISC
2026-01-21 04:03:00,-44.00098123611841,IISC
2026-01-21 04:03:30,-45.035052482707286,IISC
2026-01-21 04:04:00,-47.561327824383966,IISC
2026-01-21 04:04:30,-41.857871541973665,IISC
2026-01-21 04:05:00,-41.08202061535991,IISC
2026-01-21 04:05:30,-44.13425624626844,IISC
2026-01-21 04:06:00,-42.839584741894704,IISC
2026-01-21 04:06:30,-44.95175561244584,IISC
2026-01-21 04:07:00,-44.33416874376176,IISC
2026-01-21 04:07:30,-43.9343437310434,IISC
2026-01-21 04:08:00,-41.097490018290856,IISC
2026-01-21 04:08:30,-40.18360426796858,IISC
2026-01-21 04:09:00,-40.62864759371824,IISC
2026-01-21 04:09:30,-41.46399629620342,IISC
2026-01-21 04:10:00,-44.63879733459073,IISC
2026-01-21 04:10:30,-46.73192890657862,IISC
2026-01-21 04:11:00,-46.36066281067463,IISC
2026-01-21 04:11:30,-44.59595894607038,IISC
2026-01-21 04:12:00,-44.191374097628895,IISC
2026-01-21 04:12:30,-42.76223765188016,IISC
2026-01-21 04:13:00,-42.76580752091489,IISC
2026-01-21 04:13:30,-41.70198739082324,IISC
2026-01-21 04:14:00,-44.5572192799815,IISC
2026-01-21 04:14:30,-44.80896095596948,IISC
2026-01-21 04:15:00,-40.877348277710524,IISC
2026-01-21 04:15:30,-43.34293588569322,IISC
2026-01-21 04:16:00,-51.04221182876276,IISC
2026-01-21 04:16:30,-47.07569379590954,IISC
2026-01-21 04:17:00,-44.400674036718954,IISC
2026-01-21 04:17:30,-40.87946375434356,IISC
2026-01-21 04:18:00,-41.20842031364629,IISC
2026-01-21 04:18:30,-43.144081125531336,IISC
2026-01-21 04:19:00,-39.49911547391424,IISC
2026-01-21 04:19:30,-41.87373761425875,IISC
2026-01-21 04:20:00,-45.73553957150804,IISC
2026-01-21 04:20:30,-37.870330959833296,IISC
2026-01-21 04:21:00,-43.26541880043749,IISC
2026-01-21 04:21:30,-44.25138185732409,IISC
2026-01-21 04:22:00,-44.81576069806814,IISC
2026-01-21 04:22:30,-45.01839310042242,IISC
2026-01-21 04:23:00,-51.69285301491268,IISC
2026-01-21 04:23:30,-47.122234274448275,IISC
2026-01-21 04:24:00,-41.89323020827491,IISC
2026-01-21 04:24:30,-38.6279925748555,IISC
2026-01-21 04:25:00,-38.549115522603934,IISC
2026-01-21 04:25:30,-40.95350542130148,IISC
2026-01-21 04:26:00,-43.59520644315317,IISC
2026-01-21 04:26:30,-43.140643476987734,IISC
2026-01-21 04:27:00,-43.724911579835535,IISC
2026-01-21 04:27:30,-42.76818743212706,IISC
2026-01-21 04:28:00,-44.11164708753632,IISC
2026-01-21 04:28:30,-43.576167157888705,IISC
2026-01-21 04:29:00,-39.760830121867606,IISC
2026-01-21 04:29:30,-39.93626354400609,IISC
2026-01-21 04:30:00,-40.80119113411957,IISC
2026-01-21 04:30:30,-35.002368424446274,IISC
2026-01-21 04:31:00,-42.744388328871175,IISC
2026-01-21 04:31:30,-43.70944216803873,IISC
2026-01-21 04:32:00,-48.68940556163724,IISC
2026-01-21 04:32:30,-46.13219137863523,IISC
2026-01-21 04:33:00,-44.93866609412949,IISC
2026-01-21 04:33:30,-45.1385786049216,IISC
2026-01-21 04:34:00,-46.629592737753924,IISC
2026-01-21 04:34:30,-46.91637199670806,IISC
2026-01-21 04:35:00,-42.667041216692,IISC
2026-01-21 04:35:30,-42.35051307866801,IISC
2026-01-21 04:36:00,-41.81027332216311,IISC
2026-01-21 04:36:30,-45.41464826120448,IISC
2026-01-21 04:37:00,-46.37732219802571,IISC
2026-01-21 04:37:30,-51.316827101017275,IISC
2026-01-21 04:38:00,-50.46600897786942,IISC
2026-01-21 04:38:30,-44.63760737676818,IISC
2026-01-21 04:39:00,-39.347405606375844,IISC
2026-01-21 04:39:30,-37.53459353877054,IISC
2026-01-21 04:40:00,-35.283877879052106,IISC
2026-01-21 04:40:30,-35.83057738696217,IISC
2026-01-21 04:41:00,-34.42575003272602,IISC
2026-01-21 04:41:30,-31.069395796078847,IISC
2026-01-21 04:42:00,-35.40083349043363,IISC
2026-01-21 04:42:30,-39.43716223754159,IISC
2026-01-21 04:43:00,-36.34871797299166,IISC
2026-01-21 04:43:30,-36.567329781732205,IISC
2026-01-21 04:44:00,-36.945735597973915,IISC
2026-01-21 04:44:30,-38.1690097615495,IISC
2026-01-21 04:45:00,-35.26313865024149,IISC
2026-01-21 04:45:30,-37.28963271715436,IISC
2026-01-21 04:46:00,-36.20558333510984,IISC
2026-01-21 04:46:30,-38.78574665402759,IISC
2026-01-21 04:47:00,-40.21097325482453,IISC
2026-01-21 04:47:30,-38.46615862509317,IISC
2026-01-21 04:48:00,-39.8941051142859,IISC
2026-01-21 04:48:30,-38.16187003234592,IISC
2026-01-21 04:49:00,-38.49029772643077,IISC
2026-01-21 04:49:30,-37.758475141726976,IISC
2026-01-21 04:50:00,-34.627702467414274,IISC
2026-01-21 04:50:30,-33.518664015425465,IISC
2026-01-21 04:51:00,-34.02082519696851,IISC
2026-01-21 04:51:30,-33.4282274115275,IISC
2026-01-21 04:52:00,-36.11276681556677,IISC
2026-01-21 04:52:30,-37.518104153626695,IISC
2026-01-21 04:53:00,-37.44670682612735,IISC
2026-01-21 04:53:30,-36.29720991012915,IISC
2026-01-21 04:54:00,-39.12811382047015,IISC
2026-01-21 04:54:30,-40.9939639049424,IISC
2026-01-21 04:55:00,-39.12216405795497,IISC
2026-01-21 04:55:30,-36.71607421697782,IISC
2026-01-21 04:56:00,-36.34004829421656,IISC
2026-01-21 04:56:30,-37.175396996701735,IISC
2026-01-21 04:57:00,-36.625637604214,IISC
2026-01-21 04:57:30,-35.50231968938507,IISC
2026-01-21 04:58:00,-39.648124342753896,IISC
2026-01-21 04:58:30,-36.18099093648988,IISC
2026-01-21 04:59:00,-31.643294283641776,IISC
2026-01-21 04:59:30,-32.27793716716453,IISC
2026-01-21 05:00:00,-38.99457438953233,IISC
2026-01-21 05:00:30,-41.412563783122515,IISC
2026-01-21 05:01:00,-36.8082296458864,IISC
2026-01-21 05:01:30,-35.71029744277323,IISC
2026-01-21 05:02:00,-36.96794811000909,IISC
2026-01-21 05:02:30,-37.09170346742965,IISC
2026-01-21 05:03:00,-38.87941313647787,IISC
2026-01-21 05:03:30,-37.4193378494038,IISC
2026-01-21 05:04:00,-34.696719879268535,IISC
2026-01-21 05:04:30,-37.45860638662114,IISC
2026-01-21 05:05:00,-40.39541634368742,IISC
2026-01-21 05:05:30,-46.14290098130648,IISC
2026-01-21 05:06:00,-39.3113669616429,IISC
2026-01-21 05:06:30,-35.44044200673441,IISC
2026-01-21 05:07:00,-39.45297164108735,IISC
2026-01-21 05:07:30,-42.19224900300662,IISC
2026-01-21 05:08:00,-41.56990233406283,IISC
2026-01-21 05:08:30,-36.49593246753163,IISC
2026-01-21 05:09:00,-35.90333466435891,IISC
2026-01-21 05:09:30,-38.27134593480712,IISC
2026-01-21 05:10:00,-42.245797007497,IISC
2026-01-21 05:10:30,-41.35095053357333,IISC
2026-01-21 05:11:00,-36.76129250784448,IISC
2026-01-21 05:11:30,-38.96865979585207,IISC
2026-01-21 05:12:00,-38.98174931416842,IISC
2026-01-21 05:12:30,-36.463407009865655,IISC
2026-01-21 05:13:00,-36.287690260847526,IISC
2026-01-21 05:13:30,-40.70956457049923,IISC
2026-01-21 05:14:00,-42.07325345569672,IISC
2026-01-21 05:14:30,-41.52587397442115,IISC
2026-01-21 05:15:00,-39.330406251340285,IISC
2026-01-21 05:15:30,-38.52388091945797,IISC
2026-01-21 05:16:00,-39.817494653992135,IISC
2026-01-21 05:16:30,-35.31668664143308,IISC
2026-01-21 05:17:00,-37.5300037141205,IISC
2026-01-21 05:17:30,-38.49743745120143,IISC
2026-01-21 05:18:00,-37.33604098800822,IISC
2026-01-21 05:18:30,-38.310614458725674,IISC
2026-01-21 05:19:00,-41.22243535471352,IISC
2026-01-21 05:19:30,-42.48854791124238,IISC
2026-01-21 05:20:00,-43.31318700662338,IISC
2026-01-21 05:20:30,-41.91141952429939,IISC
2026-01-21 05:21:00,-39.73076013567964,IISC
2026-01-21 05:21:30,-41.13966733686371,IISC
2026-01-21 05:22:00,-44.51099612244518,IISC
2026-01-21 05:22:30,-41.658910993893244,IISC
2026-01-21 05:23:00,-42.20914637394294,IISC
2026-01-21 05:23:30,-42.11299797692966,IISC
2026-01-21 05:24:00,-42.08253511696017,IISC
2026-01-21 05:24:30,-39.82733162644338,IISC
2026-01-21 05:25:00,-43.08685748713895,IISC
2026-01-21 05:25:30,-44.236830396905205,IISC
2026-01-21 05:26:00,-47.68865305162733,IISC
2026-01-21 05:26:30,-47.52396322943516,IISC
2026-01-21 05:27:00,-44.46339790529438,IISC
2026-01-21 05:27:30,-42.402606677950466,IISC
2026-01-21 05:28:00,-43.67718115036991,IISC
2026-01-21 05:28:30,-46.038052686689056,IISC
2026-01-21 05:29:00,-44.726457383042316,IISC
2026-01-21 05:29:30,-45.04800976821882,IISC
2026-01-21 05:30:00,-45.92275922003914,IISC
2026-01-21 05:30:30,-46.44633959805882,IISC
2026-01-21 05:31:00,-45.512356812334424,IISC
2026-01-21 05:31:30,-49.17213080826359,IISC
2026-01-21 05:32:00,-49.900912372403916,IISC
2026-01-21 05:32:30,-50.97197802976416,IISC
2026-01-21 05:33:00,-48.52352577187007,IISC
2026-01-21 05:33:30,-50.07713155229415,IISC
2026-01-21 05:34:00,-47.45446982735919,IISC
2026-01-21 05:34:30,-45.27542347886743,IISC
2026-01-21 05:35:00,-46.57874918809917,IISC
2026-01-21 05:35:30,-45.01579683663916,IISC
2026-01-21 05:36:00,-45.96516490804216,IISC
2026-01-21 05:36:30,-46.724140108262844,IISC
2026-01-21 05:37:00,-49.541954509556334,IISC
2026-01-21 05:37:30,-48.64451178013958,IISC
2026-01-21 05:38:00,-45.64063161412268,IISC
2026-01-21 05:38:30,-48.08371825626791,IISC
2026-01-21 05:39:00,-49.10058924452706,IISC
2026-01-21 05:39:30,-48.66528191113096,IISC
2026-01-21 05:40:00,-46.98030505823127,IISC
2026-01-21 05:40:30,-48.885099132670454,IISC
2026-01-21 05:41:00,-49.00885448507599,IISC
2026-01-21 05:41:30,-49.625900463840736,IISC
2026-01-21 05:42:00,-53.28057805899057,IISC
2026-01-21 05:42:30,-54.24898541364308,IISC
2026-01-21 05:43:00,-55.28143399933978,IISC
2026-01-21 05:43:30,-54.62544403020509,IISC
2026-01-21 05:44:00,-54.043014951471086,IISC
2026-01-21 05:44:30,-53.079800130372426,IISC
2026-01-21 05:45:00,-53.73752094080111,IISC
2026-01-21 05:45:30,-53.0529720451802,IISC
2026-01-21 05:46:00,-53.400871738479964,IISC
2026-01-21 05:46:30,-52.54064215169124,IISC
2026-01-21 05:47:00,-51.850035301869525,IISC
2026-01-21 05:47:30,-51.98763742331441,IISC
2026-01-21 05:48:00,-53.357600631979246,IISC
2026-01-21 05:48:30,-53.27625094930768,IISC
2026-01-21 05:49:00,-53.46924008565497,IISC
2026-01-21 05:49:30,-56.41427155095752,IISC
2026-01-21 05:50:00,-57.45018182569011,IISC
2026-01-21 05:50:30,-54.0231102346788,IISC
2026-01-21 05:51:00,-55.36364909943438,IISC
2026-01-21 05:51:30,-50.79335490581739,IISC
2026-01-21 05:52:00,-55.26326013673727,IISC
2026-01-21 05:52:30,-55.59852465312743,IISC
2026-01-21 05:53:00,-55.49190465919279,IISC
2026-01-21 05:53:30,-56.101161830211694,IISC
2026-01-21 05:54:00,-56.91509132824096,IISC
2026-01-21 05:54:30,-56.628550059078165,IISC
2026-01-21 05:55:00,-58.405867463302684,IISC
2026-01-21 05:55:30,-56.878916677815916,IISC
2026-01-21 05:56:00,-51.05807790942115,IISC
2026-01-21 05:56:30,-52.71132262034775,IISC
2026-01-21 05:57:00,-52.58650951870009,IISC
2026-01-21 05:57:30,-50.62863621989982,IISC
2026-01-21 05:58:00,-46.142768762293,IISC
2026-01-21 05:58:30,-49.6407088017049,IISC
2026-01-21 05:59:00,-50.50593858700443,IISC
2026-01-21 05:59:30,-53.455970284848384,IISC
2026-01-21 06:00:00,-53.315291102542325,IISC
2026-01-21 06:00:30,-52.61612618762232,IISC
2026-01-21 06:01:00,-51.32568565818677,IISC
2026-01-21 06:01:30,-49.953799284289616,IISC
2026-01-21 06:02:00,-51.471653510403335,IISC
2026-01-21 06:02:30,-56.005013433198414,IISC
2026-01-21 06:03:00,-57.13118722906976,IISC
2026-01-21 06:03:30,-56.12020111636275,IISC
2026-01-21 06:04:00,-54.637040686540956,IISC
2026-01-21 06:04:30,-50.13255703416931,IISC
2026-01-21 06:05:00,-52.518814282204225,IISC
2026-01-21 06:05:30,-52.22899402682147,IISC
2026-01-21 06:06:00,-53.79021552982314,IISC
2026-01-21 06:06:30,-52.06927557057955,IISC
2026-01-21 06:07:00,-53.23278753355554,IISC
2026-01-21 06:07:30,-54.12446078267868,IISC
2026-01-21 06:08:00,-53.70348099574912,IISC
2026-01-21 06:08:30,-54.10542148904091,IISC
2026-01-21 06:09:00,-54.96430486414321,IISC
2026-01-21 06:09:30,-57.33258057852897,IISC
2026-01-21 06:10:00,-56.92746686437705,IISC
2026-01-21 06:10:30,-57.2870978407695,IISC
2026-01-21 06:11:00,-55.47625013841288,IISC
2026-01-21 06:11:30,-56.61331864150562,IISC
2026-01-21 06:12:00,-56.02838944900845,IISC
2026-01-21 06:12:30,-53.440104208130364,IISC
2026-01-21 06:13:00,-54.88180129121605,IISC
2026-01-21 06:13:30,-55.88771027064277,IISC
2026-01-21 06:14:00,-52.05129402510924,IISC
2026-01-21 06:14:30,-51.416651145526885,IISC
2026-01-21 06:15:00,-54.00705185515725,IISC
2026-01-21 06:15:30,-59.13390863406671,IISC
2026-01-21 06:16:00,-57.54201272579647,IISC
2026-01-21 06:16:30,-56.84496329933065,IISC
2026-01-21 06:17:00,-56.94227519686798,IISC
2026-01-21 06:17:30,-58.427339560782,IISC
2026-01-21 06:18:00,-58.02539905566908,IISC
2026-01-21 06:18:30,-56.69370673779976,IISC
2026-01-21 06:19:00,-56.87986864998453,IISC
2026-01-21 06:19:30,-59.038712201341276,IISC
2026-01-21 06:20:00,-56.518122200899434,IISC
2026-01-21 06:20:30,-55.252009642892936,IISC
2026-01-21 06:21:00,-57.58961095201013,IISC
2026-01-21 06:21:30,-57.548359147814836,IISC
2026-01-21 06:22:00,-58.869474098280456,IISC
2026-01-21 06:22:30,-60.297420600983074,IISC
2026-01-21 06:23:00,-60.44233071685332,IISC
2026-01-21 06:23:30,-59.71883781868311,IISC
2026-01-21 06:24:00,-58.496092537564586,IISC
2026-01-21 06:24:30,-59.218527679686545,IISC
2026-01-21 06:25:00,-59.919808071239586,IISC
2026-01-21 06:25:30,-58.708697885990304,IISC
2026-01-21 06:26:00,-57.75779130690348,IISC
2026-01-21 06:26:30,-54.85747331978699,IISC
2026-01-21 06:27:00,-55.45192215516269,IISC
2026-01-21 06:27:30,-58.641002657375196,IISC
2026-01-21 06:28:00,-59.586620542909245,IISC
2026-01-21 06:28:30,-59.79711044622497,IISC
2026-01-21 06:29:00,-59.81614973592237,IISC
2026-01-21 06:29:30,-61.783542681541526,IISC
2026-01-21 06:30:00,-63.49813621088601,IISC
2026-01-21 06:30:30,-61.52439682748694,IISC
2026-01-21 06:31:00,-61.35515873230689,IISC
2026-01-21 06:31:30,-63.89796122754475,IISC
2026-01-21 06:32:00,-61.51593492883553,IISC
2026-01-21 06:32:30,-61.43237361562165,IISC
2026-01-21 06:33:00,-60.94687181305637,IISC
2026-01-21 06:33:30,-61.72536708792417,IISC
2026-01-21 06:34:00,-62.97667130555898,IISC
2026-01-21 06:34:30,-60.973315261118465,IISC
2026-01-21 06:35:00,-60.045678905293194,IISC
2026-01-21 06:35:30,-62.26164032180173,IISC
2026-01-21 06:36:00,-62.297603420623076,IISC
2026-01-21 06:36:30,-61.17745873059467,IISC
2026-01-21 06:37:00,-61.80258195941777,IISC
2026-01-21 06:37:30,-62.08394031614913,IISC
2026-01-21 06:38:00,-62.476361162622005,IISC
2026-01-21 06:38:30,-62.01518733148579,IISC
2026-01-21 06:39:00,-58.822933616293895,IISC
2026-01-21 06:39:30,-61.191209322798876,IISC
2026-01-21 06:40:00,-62.67838914758444,IISC
2026-01-21 06:40:30,-62.69531295276801,IISC
2026-01-21 06:41:00,-65.65697976224276,IISC
2026-01-21 06:41:30,-69.55527368372829,IISC
2026-01-21 06:42:00,-69.1421211717681,IISC
2026-01-21 06:42:30,-64.79450009104964,IISC
2026-01-21 06:43:00,-64.8449541856965,IISC
2026-01-21 06:43:30,-62.289881923228734,IISC
2026-01-21 06:44:00,-63.838727886547986,IISC
2026-01-21 06:44:30,-65.50276153657789,IISC
2026-01-21 06:45:00,-65.168622057357,IISC
2026-01-21 06:45:30,-63.24851001231914,IISC
2026-01-21 06:46:00,-65.75598404345074,IISC
2026-01-21 06:46:30,-64.66979275239757,IISC
2026-01-21 06:47:00,-65.45325939045736,IISC
2026-01-21 06:47:30,-67.21820126169808,IISC
2026-01-21 06:48:00,-66.14533746279406,IISC
2026-01-21 06:48:30,-65.03820294243476,IISC
2026-01-21 06:49:00,-63.66451841950711,IISC
2026-01-21 06:49:30,-64.65836917857915,IISC
2026-01-21 06:50:00,-64.59268364153533,IISC
2026-01-21 06:50:30,-63.463653943343544,IISC
2026-01-21 06:51:00,-62.3888862154698,IISC
2026-01-21 06:51:30,-63.81778467851988,IISC
2026-01-21 06:52:00,-68.23870701570745,IISC
2026-01-21 06:52:30,-66.76030642072222,IISC
2026-01-21 06:53:00,-69.36964064641533,IISC
2026-01-21 06:53:30,-67.1601314369869,IISC
2026-01-21 06:54:00,-67.59993895806977,IISC
2026-01-21 06:54:30,-67.15441965362403,IISC
2026-01-21 06:55:00,-67.85411343120066,IISC
2026-01-21 06:55:30,-67.15156376903528,IISC
2026-01-21 06:56:00,-69.1906713445379,IISC
2026-01-21 06:56:30,-70.710179504723,IISC
2026-01-21 06:57:00,-71.45184625654029,IISC
2026-01-21 06:57:30,-70.83133859841149,IISC
2026-01-21 06:58:00,-67.12776464804769,IISC
2026-01-21 06:58:30,-69.09357098835926,IISC
2026-01-21 06:59:00,-65.91210619769129,IISC
2026-01-21 06:59:30,-68.35008684802499,IISC
2026-01-21 07:00:00,-64.73357436047164,IISC
2026-01-21 07:00:30,-65.22383599038675,IISC
2026-01-21 07:01:00,-67.6113625318882,IISC
2026-01-21 07:01:30,-65.13435134299438,IISC
2026-01-21 07:02:00,-67.19535411406122,IISC
2026-01-21 07:02:30,-65.45897118091293,IISC
2026-01-21 07:03:00,-62.23561996000336,IISC
2026-01-21 07:03:30,-64.7897402562131,IISC
2026-01-21 07:04:00,-66.48994854957536,IISC
2026-01-21 07:04:30,-69.58383261472804,IISC
2026-01-21 07:05:00,-70.25211156962348,IISC
2026-01-21 07:05:30,-66.67462962063028,IISC
2026-01-21 07:06:00,-64.02626486701605,IISC
2026-01-21 07:06:30,-62.86582034968942,IISC
2026-01-21 07:07:00,-65.91876995085855,IISC
2026-01-21 07:07:30,-65.7950145926499,IISC
2026-01-21 07:08:00,-64.89636025724042,IISC
2026-01-21 07:08:30,-65.66269154166523,IISC
2026-01-21 07:09:00,-64.65075345560751,IISC
2026-01-21 07:09:30,-65.73504083542262,IISC
2026-01-21 07:10:00,-68.4414754172944,IISC
2026-01-21 07:10:30,-66.26718889203298,IISC
2026-01-21 07:11:00,-64.62029059563801,IISC
2026-01-21 07:11:30,-63.588361271356575,IISC
2026-01-21 07:12:00,-62.33652817412148,IISC
2026-01-21 07:12:30,-64.16239576530117,IISC
2026-01-21 07:13:00,-64.7392861509272,IISC
2026-01-21 07:13:30,-62.864868379885024,IISC
2026-01-21 07:14:00,-62.35175961297209,IISC
2026-01-21 07:14:30,-64.44608113568984,IISC
2026-01-21 07:15:00,-65.06771383969253,IISC
2026-01-21 07:15:30,-65.46753886659627,IISC
2026-01-21 07:16:00,-67.38003519575517,IISC
2026-01-21 07:16:30,-66.02824585066,IISC
2026-01-21 07:17:00,-64.76974900380398,IISC
2026-01-21 07:17:30,-66.17389638670113,IISC
2026-01-21 07:18:00,-64.60601114077718,IISC
2026-01-21 07:18:30,-67.88457629117013,IISC
2026-01-21 07:19:00,-67.98643647509263,IISC
2026-01-21 07:19:30,-65.00678813039261,IISC
2026-01-21 07:20:00,-64.85732971868029,IISC
2026-01-21 07:20:30,-69.2934834911721,IISC
2026-01-21 07:21:00,-70.97179660670189,IISC
2026-01-21 07:21:30,-69.56193743334919,IISC
2026-01-21 07:22:00,-72.8709654401653,IISC
2026-01-21 07:22:30,-72.16555986504042,IISC
2026-01-21 07:23:00,-64.18672373870041,IISC
2026-01-21 07:23:30,-65.70352024028892,IISC
2026-01-21 07:24:00,-66.18267561295508,IISC
2026-01-21 07:24:30,-63.32889810388482,IISC
2026-01-21 07:25:00,-63.82074634817036,IISC
2026-01-21 07:25:30,-63.54361894076472,IISC
2026-01-21 07:26:00,-63.38813143778888,IISC
2026-01-21 07:26:30,-62.1273075693948,IISC
2026-01-21 07:27:00,-61.21130634884261,IISC
2026-01-21 07:27:30,-61.437662301293685,IISC
2026-01-21 07:28:00,-62.99147964199028,IISC
2026-01-21 07:28:30,-64.26922731556796,IISC
2026-01-21 07:29:00,-63.90430765744387,IISC
2026-01-21 07:29:30,-62.343086150501804,IISC
2026-01-21 07:30:00,-60.330210463182766,IISC
2026-01-21 07:30:30,-60.78926881374558,IISC
2026-01-21 07:31:00,-63.993157660270185,IISC
2026-01-21 07:31:30,-61.912586724634124,IISC
2026-01-21 07:32:00,-59.71672234993085,IISC
2026-01-21 07:32:30,-62.393857581814096,IISC
2026-01-21 07:33:00,-62.58213498245305,IISC
2026-01-21 07:33:30,-64.47337077716342,IISC
2026-01-21 07:34:00,-63.33947548310966,IISC
2026-01-21 07:34:30,-63.07927191241063,IISC
2026-01-21 07:35:00,-63.42832548199557,IISC
2026-01-21 07:35:30,-63.11840821633061,IISC
2026-01-21 07:36:00,-59.677586034189716,IISC
2026-01-21 07:36:30,-58.6970627782999,IISC
2026-01-21 07:37:00,-60.095392604199525,IISC
2026-01-21 07:37:30,-57.064972829763356,IISC
2026-01-21 07:38:00,-60.972257524772125,IISC
2026-01-21 07:38:30,-62.97772904190533,IISC
2026-01-21 07:39:00,-61.16688133560831,IISC
2026-01-21 07:39:30,-59.732588418768096,IISC
2026-01-21 07:40:00,-61.41968076370415,IISC
2026-01-21 07:40:30,-61.893547450698264,IISC
2026-01-21 07:41:00,-60.54916228091143,IISC
2026-01-21 07:41:30,-59.64373841988218,IISC
2026-01-21 07:42:00,-59.273530060324525,IISC
2026-01-21 07:42:30,-60.848502163411176,IISC
2026-01-21 07:43:00,-61.14678431350497,IISC
2026-01-21 07:43:30,-63.68958680874281,IISC
2026-01-21 07:44:00,-62.3261623492586,IISC
2026-01-21 07:44:30,-60.848502167351576,IISC
2026-01-21 07:45:00,-59.360264590458165,IISC
2026-01-21 07:45:30,-62.51126652509705,IISC
2026-01-21 07:46:00,-65.39889165241526,IISC
2026-01-21 07:46:30,-63.92546241983392,IISC
2026-01-21 07:47:00,-64.18460826206736,IISC
2026-01-21 07:47:30,-61.17957420328735,IISC
2026-01-21 07:48:00,-58.30464192394624,IISC
2026-01-21 07:48:30,-58.63782944045545,IISC
2026-01-21 07:49:00,-58.46541812835565,IISC
2026-01-21 07:49:30,-60.15674141079626,IISC
2026-01-21 07:50:00,-63.67689395288494,IISC
2026-01-21 07:50:30,-61.991917092462685,IISC
2026-01-21 07:51:00,-62.270102228333904,IISC
2026-01-21 07:51:30,-61.75392600867892,IISC
2026-01-21 07:52:00,-64.11691302557149,IISC
2026-01-21 07:52:30,-64.49875649675994,IISC
2026-01-21 07:53:00,-60.809365847670065,IISC
2026-01-21 07:53:30,-60.45290809213777,IISC
2026-01-21 07:54:00,-60.25722654495525,IISC
2026-01-21 07:54:30,-59.91028842836108,IISC
2026-01-21 07:55:00,-59.40786281667184,IISC
2026-01-21 07:55:30,-57.99260917770786,IISC
2026-01-21 07:56:00,-57.80221630437623,IISC
2026-01-21 07:56:30,-59.37189972179085,IISC
2026-01-21 07:57:00,-61.925279592313146,IISC
2026-01-21 07:57:30,-58.16396274558056,IISC
2026-01-21 07:58:00,-60.1271247497548,IISC
2026-01-21 07:58:30,-60.83369382303949,IISC
2026-01-21 07:59:00,-60.23289856564544,IISC
2026-01-21 07:59:30,-60.73638192156178,IISC
2026-01-21 08:00:00,-63.48544334320698,IISC
2026-01-21 08:00:30,-61.24621171131763,IISC
2026-01-21 08:01:00,-59.96740629351287,IISC
2026-01-21 08:01:30,-58.42628180473376,IISC
2026-01-21 08:02:00,-58.6219633676778,IISC
2026-01-21 08:02:30,-59.67018187582504,IISC
2026-01-21 08:03:00,-61.1404378914866,IISC
2026-01-21 08:03:30,-60.06789140796996,IISC
2026-01-21 08:04:00,-57.41931510078185,IISC
2026-01-21 08:04:30,-61.07274265105036,IISC
2026-01-21 08:05:00,-63.61871835926758,IISC
2026-01-21 08:05:30,-59.694509851194454,IISC
2026-01-21 08:06:00,-59.661719969292854,IISC
2026-01-21 08:06:30,-61.154188483690824,IISC
2026-01-21 08:07:00,-60.944756336423325,IISC
2026-01-21 08:07:30,-57.50393415428243,IISC
2026-01-21 08:08:00,-59.60248661962726,IISC
2026-01-21 08:08:30,-59.75797413048386,IISC
2026-01-21 08:09:00,-58.19040620546381,IISC
2026-01-21 08:09:30,-59.84788187753725,IISC
2026-01-21 08:10:00,-61.11928311727541,IISC
2026-01-21 08:10:30,-60.44973487521801,IISC
2026-01-21 08:11:00,-59.05986697555248,IISC
2026-01-21 08:11:30,-55.52702156184439,IISC
2026-01-21 08:12:00,-57.56845618567969,IISC
2026-01-21 08:12:30,-57.031125191813516,IISC
2026-01-21 08:13:00,-59.129677684741004,IISC
2026-01-21 08:13:30,-59.14977470684434,IISC
2026-01-21 08:14:00,-60.28684321387748,IISC
2026-01-21 08:14:30,-61.8766236415743,IISC
2026-01-21 08:15:00,-59.80874556573652,IISC
2026-01-21 08:15:30,-60.10491224707803,IISC
2026-01-21 08:16:00,-58.86630088136071,IISC
2026-01-21 08:16:30,-57.557878794633716,IISC
2026-01-21 08:17:00,-60.56291286917528,IISC
2026-01-21 08:17:30,-61.154188487631195,IISC
2026-01-21 08:18:00,-59.57498543521884,IISC
2026-01-21 08:18:30,-58.18405977556467,IISC
2026-01-21 08:19:00,-58.93293838151024,IISC
2026-01-21 08:19:30,-59.25449078244828,IISC
2026-01-21 08:20:00,-58.02328358297642,IISC
2026-01-21 08:20:30,-57.04381805949254,IISC
2026-01-21 08:21:00,-60.373577740070736,IISC
2026-01-21 08:21:30,-59.25872172389322,IISC
2026-01-21 08:22:00,-59.07255981170844,IISC
2026-01-21 08:22:30,-62.29654568033638,IISC
2026-01-21 08:23:00,-62.77252784396353,IISC
2026-01-21 08:23:30,-60.44656166617902,IISC
2026-01-21 08:24:00,-61.98768614707737,IISC
2026-01-21 08:24:30,-62.32510460109112,IISC
2026-01-21 08:25:00,-56.29917040139503,IISC
2026-01-21 08:25:30,-55.48405095086273,IISC
2026-01-21 08:26:00,-53.89784038727516,IISC
2026-01-21 08:26:30,-54.207228809394344,IISC
2026-01-21 08:27:00,-55.323406968422105,IISC
2026-01-21 08:27:30,-53.359980546415365,IISC
2026-01-21 08:28:00,-55.755360780288335,IISC
2026-01-21 08:28:30,-53.39329929451994,IISC
2026-01-21 08:29:00,-56.92151708807054,IISC
2026-01-21 08:29:30,-58.21975843488143,IISC
2026-01-21 08:30:00,-55.679203639230494,IISC
2026-01-21 08:30:30,-55.96241302028404,IISC
2026-01-21 08:31:00,-58.14241134043395,IISC
2026-01-21 08:31:30,-57.515304835767026,IISC
2026-01-21 08:32:00,-57.26065438482664,IISC
2026-01-21 08:32:30,-57.05598205161019,IISC
2026-01-21 08:33:00,-57.4070188955613,IISC
2026-01-21 08:33:30,-59.97137280333397,IISC
2026-01-21 08:34:00,-60.17961500115222,IISC
2026-01-21 08:34:30,-61.1232496394102,IISC
2026-01-21 08:35:00,-58.04245508725437,IISC
2026-01-21 08:35:30,-58.543426315407785,IISC
2026-01-21 08:36:00,-57.61288118216737,IISC
2026-01-21 08:36:30,-58.19595933605848,IISC
2026-01-21 08:37:00,-57.310632502550575,IISC
2026-01-21 08:37:30,-58.19357942041337,IISC
2026-01-21 08:38:00,-59.9535234670262,IISC
2026-01-21 08:38:30,-59.84761743803264,IISC
2026-01-21 08:39:00,-58.30781513643307,IISC
2026-01-21 08:39:30,-56.375327555751674,IISC
2026-01-21 08:40:00,-57.14112996885102,IISC
2026-01-21 08:40:30,-57.07343472841477,IISC
2026-01-21 08:41:00,-57.18449723391783,IISC
2026-01-21 08:41:30,-59.796052717759395,IISC
2026-01-21 08:42:00,-59.803456872183716,IISC
2026-01-21 08:42:30,-59.16352528722741,IISC
2026-01-21 08:43:00,-58.07299727400199,IISC
2026-01-21 08:43:30,-59.55277293648245,IISC
2026-01-21 08:44:00,-62.33779746877014,IISC
2026-01-21 08:44:30,-61.05687657827272,IISC
2026-01-21 08:45:00,-62.337797468770155,IISC
2026-01-21 08:45:30,-62.24048555941168,IISC
2026-01-21 08:46:00,-63.799591577899555,IISC
2026-01-21 08:46:30,-64.468082087551,IISC
2026-01-21 08:47:00,-65.81458273003048,IISC
2026-01-21 08:47:30,-65.73948333516992,IISC
2026-01-21 08:48:00,-65.98382084885282,IISC
2026-01-21 08:48:30,-62.41818556900466,IISC
2026-01-21 08:49:00,-61.95912721056109,IISC
2026-01-21 08:49:30,-61.83960280640661,IISC
2026-01-21 08:50:00,-64.36442374435302,IISC
2026-01-21 08:50:30,-66.79933695100755,IISC
2026-01-21 08:51:00,-67.50273281919362,IISC
2026-01-21 08:51:30,-67.792553070636,IISC
2026-01-21 08:52:00,-69.13059182234484,IISC
2026-01-21 08:52:30,-69.82975673726484,IISC
2026-01-21 08:53:00,-69.15068885626934,IISC
2026-01-21 08:53:30,-65.98064762799268,IISC
2026-01-21 08:54:00,-65.98170537221978,IISC
2026-01-21 08:54:30,-67.27214589771492,IISC
2026-01-21 08:55:00,-70.57651987051776,IISC
2026-01-21 08:55:30,-67.41599830088114,IISC
2026-01-21 08:56:00,-66.22604287802191,IISC
2026-01-21 08:56:30,-66.44816788508766,IISC
2026-01-21 08:57:00,-65.53005118396204,IISC
2026-01-21 08:57:30,-66.30537324585046,IISC
2026-01-21 08:58:00,-69.08934003391109,IISC
2026-01-21 08:58:30,-70.08996031584462,IISC
2026-01-21 08:59:00,-70.56382700677912,IISC
2026-01-21 08:59:30,-67.55033103358615,IISC
2026-01-21 09:00:00,-67.91630843593734,IISC
2026-01-21 09:00:30,-64.81184698328504,IISC
2026-01-21 09:01:00,-62.84273521758072,IISC
2026-01-21 09:01:30,-61.637310381447044,IISC
2026-01-21 09:02:00,-62.18944968071403,IISC
2026-01-21 09:02:30,-64.56341074470794,IISC
2026-01-21 09:03:00,-64.81925114460502,IISC
2026-01-21 09:03:30,-64.99774446778635,IISC
2026-01-21 09:04:00,-63.71854239294113,IISC
2026-01-21 09:04:30,-63.487691036390764,IISC
2026-01-21 09:05:00,-67.20154187346043,IISC
2026-01-21 09:05:30,-68.79965199310887,IISC
2026-01-21 09:06:00,-65.59510208895048,IISC
2026-01-21 09:06:30,-65.6046217072016,IISC
2026-01-21 09:07:00,-65.28095385327282,IISC
2026-01-21 09:07:30,-65.7414665952522,IISC
2026-01-21 09:08:00,-65.4856261909222,IISC
2026-01-21 09:08:30,-65.9473288818583,IISC
2026-01-21 09:09:00,-66.2055492018334,IISC
2026-01-21 09:09:30,-68.758003566844,IISC
2026-01-21 09:10:00,-72.66661042539,IISC
2026-01-21 09:10:30,-70.62623355366256,IISC
2026-01-21 09:11:00,-70.10688412496859,IISC
2026-01-21 09:11:30,-71.0228853612823,IISC
2026-01-21 09:12:00,-70.54584545342806,IISC
2026-01-21 09:12:30,-72.86652293765977,IISC
2026-01-21 09:13:00,-73.7761777519551,IISC
2026-01-21 09:13:30,-67.82150864892375,IISC
2026-01-21 09:14:00,-66.68272132673096,IISC
2026-01-21 09:14:30,-65.25358488098222,IISC
2026-01-21 09:15:00,-68.37483791931209,IISC
2026-01-21 09:15:30,-68.05949973911065,IISC
2026-01-21 09:16:00,-68.24037296020536,IISC
2026-01-21 09:16:30,-68.86390959140462,IISC
2026-01-21 09:17:00,-69.09238103230989,IISC
2026-01-21 09:17:30,-68.99361474581872,IISC
2026-01-21 09:18:00,-65.86522195168769,IISC
2026-01-21 09:18:30,-65.12625964664616,IISC
2026-01-21 09:19:00,-68.31058032988216,IISC
2026-01-21 09:19:30,-71.09150612249924,IISC
2026-01-21 09:20:00,-71.24620032912591,IISC
2026-01-21 09:20:30,-70.74879897000719,IISC
2026-01-21 09:21:00,-67.56447828677119,IISC
2026-01-21 09:21:30,-71.35329630707615,IISC
2026-01-21 09:22:00,-78.61532975211486,IISC
2026-01-21 09:22:30,-79.43613454782238,IISC
2026-01-21 09:23:00,-76.69341954819555,IISC
2026-01-21 09:23:30,-74.62554147629815,IISC
2026-01-21 09:24:00,-72.96595033153204,IISC
2026-01-21 09:24:30,-70.62411807308915,IISC
2026-01-21 09:25:00,-73.55616820970127,IISC
2026-01-21 09:25:30,-74.41822479778294,IISC
2026-01-21 09:26:00,-78.176368419715,IISC
2026-01-21 09:26:30,-77.82414161744879,IISC
2026-01-21 09:27:00,-75.9953123656815,IISC
2026-01-21 09:27:30,-73.38375689366109,IISC
2026-01-21 09:28:00,-73.7920438129116,IISC
2026-01-21 09:28:30,-76.9768933657984,IISC
2026-01-21 09:29:00,-78.02193865702587,IISC
2026-01-21 09:29:30,-77.6845201872506,IISC
2026-01-21 09:30:00,-78.66398569497294,IISC
2026-01-21 09:30:30,-77.99866841012204,IISC
2026-01-21 09:31:00,-75.44846175651949,IISC
2026-01-21 09:31:30,-73.96128191597242,IISC
2026-01-21 09:32:00,-75.64731652456214,IISC
2026-01-21 09:32:30,-76.124356428476,IISC
2026-01-21 09:33:00,-75.56692842038724,IISC
2026-01-21 09:33:30,-77.3619100539066,IISC
2026-01-21 09:34:00,-79.74816730194152,IISC
2026-01-21 09:34:30,-81.55161083805268,IISC
2026-01-21 09:35:00,-79.03842499991592,IISC
2026-01-21 09:35:30,-75.9128087966947,IISC
2026-01-21 09:36:00,-75.97098439031207,IISC
2026-01-21 09:36:30,-77.9891487711839,IISC
2026-01-21 09:37:00,-79.08496548978326,IISC
2026-01-21 09:37:30,-80.92966081038782,IISC
2026-01-21 09:38:00,-80.7043625864023,IISC
2026-01-21 09:38:30,-83.95183022831934,IISC
2026-01-21 09:39:00,-84.56775114895916,IISC
2026-01-21 09:39:30,-83.4720402024183,IISC
2026-01-21 09:40:00,-84.67246722810945,IISC
2026-01-21 09:40:30,-86.91815107732388,IISC
2026-01-21 09:41:00,-86.1261167642198,IISC
2026-01-21 09:41:30,-83.92422326357763,IISC
2026-01-21 09:42:00,-82.80947303797839,IISC
2026-01-21 09:42:30,-82.80947303797839,IISC
2026-01-21 09:43:00,-83.91184772350115,IISC
2026-01-21 09:43:30,-83.98895683790974,IISC
2026-01-21 09:44:00,-82.26875729923105,IISC
2026-01-21 09:44:30,-85.48068494277584,IISC
2026-01-21 09:45:00,-83.0312807328091,IISC
2026-01-21 09:45:30,-80.94552688513565,IISC
2026-01-21 09:46:00,-82.21354336974765,IISC
2026-01-21 09:46:30,-80.60091579835435,IISC
2026-01-21 09:47:00,-84.00323629986326,IISC
2026-01-21 09:47:30,-84.42114864311365,IISC
2026-01-21 09:48:00,-84.08320131304596,IISC
2026-01-21 09:48:30,-85.13607384890186,IISC
2026-01-21 09:49:00,-84.3288081075862,IISC
2026-01-21 09:49:30,-85.25126153915888,IISC
2026-01-21 09:50:00,-86.79629964099232,IISC
2026-01-21 09:50:30,-87.21992377115191,IISC
2026-01-21 09:51:00,-81.17082510321057,IISC
2026-01-21 09:51:30,-80.2125143499975,IISC
2026-01-21 09:52:00,-82.07307573943932,IISC
2026-01-21 09:52:30,-82.8684948194907,IISC
2026-01-21 09:53:00,-81.34852512068433,IISC
2026-01-21 09:53:30,-82.00749597563612,IISC
2026-01-21 09:54:00,-78.30118152136266,IISC
2026-01-21 09:54:30,-79.99567803254418,IISC
2026-01-21 09:55:00,-82.61675314350272,IISC
2026-01-21 09:55:30,-85.89256816796812,IISC
2026-01-21 09:56:00,-87.14810335857095,IISC
2026-01-21 09:56:30,-85.69900209347826,IISC
2026-01-21 09:57:00,-88.41083114844803,IISC
2026-01-21 09:57:30,-89.20476939761454,IISC
2026-01-21 09:58:00,-91.17247966334955,IISC
2026-01-21 09:58:30,-87.77015915474794,IISC
2026-01-21 09:59:00,-85.28838815229561,IISC
2026-01-21 09:59:30,-83.6157868272214,IISC
2026-01-21 10:00:00,-86.96860518970246,IISC
2026-01-21 10:00:30,-88.25661293381624,IISC
2026-01-21 10:01:00,-89.79213139434732,IISC
2026-01-21 10:01:30,-92.15014703504465,IISC
2026-01-21 10:02:00,-88.80113651986403,IISC
2026-01-21 10:02:30,-90.18719659350718,IISC
2026-01-21 10:03:00,-89.41896136592726,IISC
2026-01-21 10:03:30,-83.15725733458675,IISC
2026-01-21 10:04:00,-84.1071061891484,IISC
2026-01-21 10:04:30,-82.14923289034813,IISC
2026-01-21 10:05:00,-82.31424003620246,IISC
2026-01-21 10:05:30,-84.74809550651065,IISC
2026-01-21 10:06:00,-81.99903407304433,IISC
2026-01-21 10:06:30,-76.3020564341286,IISC
2026-01-21 10:07:00,-79.61912325096816,IISC
2026-01-21 10:07:30,-84.46673716160046,IISC
2026-01-21 10:08:00,-84.41596572634779,IISC
2026-01-21 10:08:30,-86.02690091643467,IISC
2026-01-21 10:09:00,-84.76819252861401,IISC
2026-01-21 10:09:30,-83.00600078487702,IISC
2026-01-21 10:10:00,-83.02080911736795,IISC
2026-01-21 10:10:30,-80.67474591353971,IISC
2026-01-21 10:11:00,-83.87546153132338,IISC
2026-01-21 10:11:30,-86.35691522390488,IISC
2026-01-21 10:12:00,-87.0793503739076,IISC
2026-01-21 10:12:30,-88.17199387558719,IISC
2026-01-21 10:13:00,-87.48975276979117,IISC
2026-01-21 10:13:30,-85.34254433794597,IISC
2026-01-21 10:14:00,-85.28648421702127,IISC
2026-01-21 10:14:30,-85.75506222228373,IISC
2026-01-21 10:15:00,-79.56041879016273,IISC
2026-01-21 10:15:30,-81.83561351890324,IISC
2026-01-21 10:16:00,-81.5952425352359,IISC
2026-01-21 10:16:30,-79.67108464158065,IISC
2026-01-21 10:17:00,-85.90631877199348,IISC
2026-01-21 10:17:30,-90.29804754504234,IISC
2026-01-21 10:18:00,-88.26613256408554,IISC
2026-01-21 10:18:30,-81.03001371765257,IISC
2026-01-21 10:19:00,-85.87432218988889,IISC
2026-01-21 10:19:30,-86.06828492486702,IISC
2026-01-21 10:20:00,-87.49980129069378,IISC
2026-01-21 10:20:30,-85.42570900397035,IISC
2026-01-21 10:21:00,-83.70146360780842,IISC
2026-01-21 10:21:30,-82.75187919816939,IISC
2026-01-21 10:22:00,-86.3209521290239,IISC
2026-01-21 10:22:30,-84.90569848217916,IISC
2026-01-21 10:23:00,-82.78281802570339,IISC
2026-01-21 10:23:30,-84.31759608064299,IISC
2026-01-21 10:24:00,-85.48745446563734,IISC
2026-01-21 10:24:30,-84.23509250771582,IISC
2026-01-21 10:25:00,-83.93046391590175,IISC
2026-01-21 10:25:30,-84.62116693217034,IISC
2026-01-21 10:26:00,-84.13143418027936,IISC
2026-01-21 10:26:30,-87.50350336987614,IISC
2026-01-21 10:27:00,-83.16677698140565,IISC
2026-01-21 10:27:30,-83.221779365984,IISC
2026-01-21 10:28:00,-86.0808455646667,IISC
2026-01-21 10:28:30,-85.73390745989367,IISC
2026-01-21 10:29:00,-80.68135678491362,IISC
2026-01-21 10:29:30,-81.45482779588228,IISC
2026-01-21 10:30:00,-86.16943114473503,IISC
2026-01-21 10:30:30,-88.08287942685317,IISC
2026-01-21 10:31:00,-86.10160367740453,IISC
2026-01-21 10:31:30,-86.08494429005344,IISC
2026-01-21 10:32:00,-83.26950979594218,IISC
2026-01-21 10:32:30,-81.9319999163469,IISC
2026-01-21 10:33:00,-81.90383764425928,IISC
2026-01-21 10:33:30,-83.43861568343735,IISC
2026-01-21 10:34:00,-87.31945692644364,IISC
2026-01-21 10:34:30,-86.80962714850892,IISC
2026-01-21 10:35:00,-83.51583057069247,IISC
2026-01-21 10:35:30,-82.03499717186567,IISC
2026-01-21 10:36:00,-81.15284355379988,IISC
2026-01-21 10:36:30,-81.97682157430795,IISC
2026-01-21 10:37:00,-83.61314247217018,IISC
2026-01-21 10:37:30,-84.8569103173523,IISC
2026-01-21 10:38:00,-88.38988792446139,IISC
2026-01-21 10:38:30,-88.72902522565042,IISC
2026-01-21 10:39:00,-88.4529555649346,IISC
2026-01-21 10:39:30,-82.13429233391824,IISC
2026-01-21 10:40:00,-85.56374382324594,IISC
2026-01-21 10:40:30,-88.20806274331474,IISC
2026-01-21 10:41:00,-85.68535727333253,IISC
2026-01-21 10:41:30,-83.06555143653267,IISC
2026-01-21 10:42:00,-84.21076452564773,IISC
2026-01-21 10:42:30,-87.04761822953444,IISC
2026-01-21 10:43:00,-90.86118733531185,IISC
2026-01-21 10:43:30,-89.60269048845585,IISC
2026-01-21 10:44:00,-87.878683084745,IISC
2026-01-21 10:44:30,-89.25236760767265,IISC
2026-01-21 10:45:00,-92.0340073785296,IISC
2026-01-21 10:45:30,-91.66559718494608,IISC
2026-01-21 10:46:00,-86.93814232618664,IISC
2026-01-21 10:46:30,-89.23618422384207,IISC
2026-01-21 10:47:00,-87.64449985693052,IISC
2026-01-21 10:47:30,-88.26803649699566,IISC
2026-01-21 10:48:00,-85.63395120178862,IISC
2026-01-21 10:48:30,-87.11711162806407,IISC
2026-01-21 10:49:00,-89.36279548437118,IISC
2026-01-21 10:49:30,-88.76210598485024,IISC
2026-01-21 10:50:00,-87.29988877014924,IISC
2026-01-21 10:50:30,-84.3211923881609,IISC
2026-01-21 10:51:00,-86.09374997528059,IISC
2026-01-21 10:51:30,-88.61550347191204,IISC
2026-01-21 10:52:00,-90.2052839134002,IISC
2026-01-21 10:52:30,-87.7785152848872,IISC
2026-01-21 10:53:00,-84.07643178387985,IISC
2026-01-21 10:53:30,-83.39101746510443,IISC
2026-01-21 10:54:00,-85.84073900819027,IISC
2026-01-21 10:54:30,-83.15503609101772,IISC
2026-01-21 10:55:00,-83.01985715544431,IISC
2026-01-21 10:55:30,-85.27886851099326,IISC
2026-01-21 10:56:00,-85.13036207617802,IISC
2026-01-21 10:56:30,-89.1038611799501,IISC
2026-01-21 10:57:00,-84.31738453376776,IISC
2026-01-21 10:57:30,-85.00829908903081,IISC
2026-01-21 10:58:00,-82.11855848507957,IISC
2026-01-21 10:58:30,-77.6697118468789,IISC
2026-01-21 10:59:00,-79.91211671144953,IISC
2026-01-21 10:59:30,-82.88541862861467,IISC
2026-01-21 11:00:00,-86.92291090152142,IISC
2026-01-21 11:00:30,-85.22746243590299,IISC
2026-01-21 11:01:00,-81.06261850081606,IISC
2026-01-21 11:01:30,-80.80273223368326,IISC
2026-01-21 11:02:00,-84.12889560122701,IISC
2026-01-21 11:02:30,-85.14178564290377,IISC
2026-01-21 11:03:00,-87.4167688358021,IISC
2026-01-21 11:03:30,-86.89953488768157,IISC
2026-01-21 11:04:00,-85.9585710361608,IISC
2026-01-21 11:04:30,-84.63248471974492,IISC
2026-01-21 11:05:00,-85.94238764523755,IISC
2026-01-21 11:05:30,-86.32888515516773,IISC
2026-01-21 11:06:00,-87.06951340382057,IISC
2026-01-21 11:06:30,-82.25923766147505,IISC
2026-01-21 11:07:00,-84.1650702374667,IISC
2026-01-21 11:07:30,-82.20973550826184,IISC
2026-01-21 11:08:00,-83.8737691547454,IISC
2026-01-21 11:08:30,-83.51011878535941,IISC
2026-01-21 11:09:00,-83.74620593505094,IISC
2026-01-21 11:09:30,-85.64251888037927,IISC
2026-01-21 11:10:00,-83.34447698272383,IISC
2026-01-21 11:10:30,-84.41448489703909,IISC
2026-01-21 11:11:00,-85.6082481624703,IISC
2026-01-21 11:11:30,-87.0952164608706,IISC
2026-01-21 11:12:00,-86.96194144008155,IISC
2026-01-21 11:12:30,-85.5168595861082,IISC
2026-01-21 11:13:00,-84.71149776312325,IISC
2026-01-21 11:13:30,-83.62340254310035,IISC
2026-01-21 11:14:00,-83.1359967906813,IISC
2026-01-21 11:14:30,-81.44530814926041,IISC
2026-01-21 11:15:00,-81.99744746182617,IISC
2026-01-21 11:15:30,-83.0665034098834,IISC
2026-01-21 11:16:00,-81.55288012363847,IISC
2026-01-21 11:16:30,-83.21691377012205,IISC
2026-01-21 11:17:00,-79.72606057329344,IISC
2026-01-21 11:17:30,-82.4086960519093,IISC
2026-01-21 11:18:00,-82.46200605596933,IISC
2026-01-21 11:18:30,-80.57045293129218,IISC
2026-01-21 11:19:00,-84.25455488840541,IISC
2026-01-21 11:19:30,-84.19838899266395,IISC
2026-01-21 11:20:00,-86.01473693544861,IISC
2026-01-21 11:20:30,-85.84528728196622,IISC
2026-01-21 11:21:00,-80.27915185408743,IISC
2026-01-21 11:21:30,-78.93582440094504,IISC
2026-01-21 11:22:00,-80.63455186933302,IISC
2026-01-21 11:22:30,-81.34429416347785,IISC
2026-01-21 11:23:00,-82.59877159409204,IISC
2026-01-21 11:23:30,-79.7238393226317,IISC
2026-01-21 11:24:00,-77.85587377088483,IISC
2026-01-21 11:24:30,-74.27119918951813,IISC
2026-01-21 11:25:00,-71.993888978234,IISC
2026-01-21 11:25:30,-76.44485108518694,IISC
2026-01-21 11:26:00,-78.18059937692148,IISC
2026-01-21 11:26:30,-80.08135482239112,IISC
2026-01-21 11:27:00,-80.42406197783842,IISC
2026-01-21 11:27:30,-79.31132144617472,IISC
2026-01-21 11:28:00,-78.3995511631271,IISC
2026-01-21 11:28:30,-78.22481282712496,IISC
2026-01-21 11:29:00,-78.8616769628856,IISC
2026-01-21 11:29:30,-79.44713502355594,IISC
2026-01-21 11:30:00,-79.95072415625921,IISC
2026-01-21 11:30:30,-79.91359755021517,IISC
2026-01-21 11:31:00,-81.36915100465622,IISC
2026-01-21 11:31:30,-80.35054917252391,IISC
2026-01-21 11:32:00,-78.8397817850531,IISC
2026-01-21 11:32:30,-77.04247312960163,IISC
2026-01-21 11:33:00,-76.90814040083698,IISC
2026-01-21 11:33:30,-76.43215822538869,IISC
2026-01-21 11:34:00,-80.74180652083699,IISC
2026-01-21 11:34:30,-80.4533613262508,IISC
2026-01-21 11:35:00,-74.8106456521366,IISC
2026-01-21 11:35:30,-77.52585946341462,IISC
2026-01-21 11:36:00,-78.00607258424824,IISC
2026-01-21 11:36:30,-75.65895163619292,IISC
2026-01-21 11:37:00,-75.2178748350408,IISC
2026-01-21 11:37:30,-76.63947489602313,IISC
2026-01-21 11:38:00,-77.16093980529052,IISC
2026-01-21 11:38:30,-74.94497839272238,IISC
2026-01-21 11:39:00,-75.11527424001028,IISC
2026-01-21 11:39:30,-75.67481770503018,IISC
2026-01-21 11:40:00,-76.75371062238634,IISC
2026-01-21 11:40:30,-75.90011594477721,IISC
2026-01-21 11:41:00,-73.47366462889333,IISC
2026-01-21 11:41:30,-71.15510262129467,IISC
2026-01-21 11:42:00,-72.23293779442373,IISC
2026-01-21 11:42:30,-75.1893159024649,IISC
2026-01-21 11:43:00,-76.2861903534702,IISC
2026-01-21 11:43:30,-77.84423864349252,IISC
2026-01-21 11:44:00,-78.66715891977346,IISC
2026-01-21 11:44:30,-75.86626831470812,IISC
2026-01-21 11:45:00,-71.21856692422635,IISC
2026-01-21 11:45:30,-70.50882462614112,IISC
2026-01-21 11:46:00,-73.65030690213997,IISC
2026-01-21 11:46:30,-77.8072178162056,IISC
2026-01-21 11:47:00,-71.1700431792022,IISC
2026-01-21 11:47:30,-71.44849274669724,IISC
2026-01-21 11:48:00,-69.64928017173294,IISC
2026-01-21 11:48:30,-67.83102829820538,IISC
2026-01-21 11:49:00,-68.59616962658082,IISC
2026-01-21 11:49:30,-70.85470499456783,IISC
2026-01-21 11:50:00,-72.40534911834467,IISC
2026-01-21 11:50:30,-70.76902820078051,IISC
2026-01-21 11:51:00,-70.70344843697733,IISC
2026-01-21 11:51:30,-72.75546044791821,IISC
2026-01-21 11:52:00,-74.3357212209154,IISC
2026-01-21 11:52:30,-74.98517244086945,IISC
2026-01-21 11:53:00,-73.78781285570514,IISC
2026-01-21 11:53:30,-74.39389683029428,IISC
2026-01-21 11:54:00,-70.14906144206381,IISC
2026-01-21 11:54:30,-71.12720478624891,IISC
2026-01-21 11:55:00,-70.8785041111225,IISC
2026-01-21 11:55:30,-70.38943242573114,IISC
2026-01-21 11:56:00,-69.97532794573976,IISC
2026-01-21 11:56:30,-69.09238103674282,IISC
2026-01-21 11:57:00,-64.65622725538515,IISC
2026-01-21 11:57:30,-65.78549494602804,IISC
2026-01-21 11:58:00,-67.49427091266145,IISC
2026-01-21 11:58:30,-68.57356047671456,IISC
2026-01-21 11:59:00,-68.8698593672186,IISC
2026-01-21 11:59:30,-66.08417375217718,IISC
2026-01-21 12:00:00,-67.09206598429799,IISC
2026-01-21 12:00:30,-70.71786012424894,IISC
2026-01-21 12:01:00,-68.48907362646592,IISC
2026-01-21 12:01:30,-68.7532437355538,IISC
2026-01-21 12:02:00,-66.20435925287671,IISC
2026-01-21 12:02:30,-68.56880064985728,IISC
2026-01-21 12:03:00,-69.05430246178096,IISC
2026-01-21 12:03:30,-68.85676985333518,IISC
2026-01-21 12:04:00,-67.68823365207253,IISC
2026-01-21 12:04:30,-67.60136689504463,IISC
2026-01-21 12:05:00,-69.36845068415985,IISC
2026-01-21 12:05:30,-64.76094333542201,IISC
2026-01-21 12:06:00,-66.28884608096071,IISC
2026-01-21 12:06:30,-66.98378004852519,IISC
2026-01-21 12:07:00,-65.67006927218578,IISC
2026-01-21 12:07:30,-64.36825804304138,IISC
2026-01-21 12:08:00,-65.69148847309535,IISC
2026-01-21 12:08:30,-74.97565279799093,IISC
2026-01-21 12:09:00,-74.39812777961998,IISC
2026-01-21 12:09:30,-72.04889135493161,IISC
2026-01-21 12:10:00,-72.91729436897204,IISC
2026-01-21 12:10:30,-72.27524732314421,IISC
2026-01-21 12:11:00,-72.9871050939221,IISC
2026-01-21 12:11:30,-73.75184976476454,IISC
2026-01-21 12:12:00,-73.88512478082514,IISC
2026-01-21 12:12:30,-72.29745982582098,IISC
2026-01-21 12:13:00,-72.2932288686145,IISC
2026-01-21 12:13:30,-67.3377256693989,IISC
2026-01-21 12:14:00,-73.1531699918843,IISC
2026-01-21 12:14:30,-74.17388728015966,IISC
2026-01-21 12:15:00,-75.81232367041648,IISC
2026-01-21 12:15:30,-74.21408134406825,IISC
2026-01-21 12:16:00,-73.5783807163184,IISC
2026-01-21 12:16:30,-75.33211055352324,IISC
2026-01-21 12:17:00,-74.29764264546098,IISC
2026-01-21 12:17:30,-70.61671391078406,IISC
2026-01-21 12:18:00,-71.57608240822421,IISC
2026-01-21 12:18:30,-69.63619065489424,IISC
2026-01-21 12:19:00,-70.57546212629066,IISC
2026-01-21 12:19:30,-69.42675850368636,IISC
2026-01-21 12:20:00,-67.08373631057064,IISC
2026-01-21 12:20:30,-65.55940341633496,IISC
2026-01-21 12:21:00,-62.461099509487894,IISC
2026-01-21 12:21:30,-63.65377482918658,IISC
2026-01-21 12:22:00,-67.07676656710912,IISC
2026-01-21 12:22:30,-70.22759849433383,IISC
2026-01-21 12:23:00,-69.3898698850694,IISC
2026-01-21 12:23:30,-71.18313268865268,IISC
2026-01-21 12:24:00,-71.2390605999223,IISC
2026-01-21 12:24:30,-68.8984182884659,IISC
2026-01-21 12:25:00,-69.75280628508139,IISC
2026-01-21 12:25:30,-67.8750566489812,IISC
2026-01-21 12:26:00,-64.39086719734058,IISC
2026-01-21 12:26:30,-61.36634053680435,IISC
2026-01-21 12:27:00,-62.636532936692596,IISC
2026-01-21 12:27:30,-62.64469263734339,IISC
2026-01-21 12:28:00,-61.79336452973849,IISC
2026-01-21 12:28:30,-57.64823985163499,IISC
2026-01-21 12:29:00,-63.15875336798127,IISC
2026-01-21 12:29:30,-67.1026055904615,IISC
2026-01-21 12:30:00,-69.5749929472978,IISC
2026-01-21 12:30:30,-66.23903794707901,IISC
2026-01-21 12:31:00,-65.04908254110714,IISC
2026-01-21 12:31:30,-62.10343291129111,IISC
2026-01-21 12:32:00,-62.36046328420936,IISC
2026-01-21 12:32:30,-64.94708635389898,IISC
2026-01-21 12:33:00,-60.46877415928629,IISC
2026-01-21 12:33:30,-62.212228837220444,IISC
2026-01-21 12:34:00,-63.24035031876103,IISC
2026-01-21 12:34:30,-64.638377934276,IISC
2026-01-21 12:35:00,-64.78933227472689,IISC
2026-01-21 12:35:30,-59.94995360833499,IISC
2026-01-21 12:36:00,-58.691774096568246,IISC
2026-01-21 12:36:30,-61.93479923294001,IISC
2026-01-21 12:37:00,-66.5953445985448,IISC
2026-01-21 12:37:30,-61.52545456777366,IISC
2026-01-21 12:38:00,-61.65872957792368,IISC
2026-01-21 12:38:30,-60.644887569988896,IISC
2026-01-21 12:39:00,-59.09001249294596,IISC
2026-01-21 12:39:30,-58.39825175215217,IISC
2026-01-21 12:40:00,-57.604948156614604,IISC
2026-01-21 12:40:30,-60.2180902390651,IISC
2026-01-21 12:41:00,-65.15923840870127,IISC
2026-01-21 12:41:30,-67.29571835556638,IISC
2026-01-21 12:42:00,-66.4348706157783,IISC
2026-01-21 12:42:30,-64.29703071204979,IISC
2026-01-21 12:43:00,-63.62249598851299,IISC
2026-01-21 12:43:30,-58.75659832709193,IISC
2026-01-21 12:44:00,-57.87263144728106,IISC
2026-01-21 12:44:30,-62.11023265001229,IISC
2026-01-21 12:45:00,-61.26434434959621,IISC
2026-01-21 12:45:30,-62.027275767700154,IISC
2026-01-21 12:46:00,-59.8132787305131,IISC
2026-01-21 12:46:30,-60.2797412445068,IISC
2026-01-21 12:47:00,-61.55537345158384,IISC
2026-01-21 12:47:30,-64.0398303578224,IISC
2026-01-21 12:48:00,-66.28051638950163,IISC
2026-01-21 12:48:30,-62.84749504000507,IISC
2026-01-21 12:49:00,-63.96605312797672,IISC
2026-01-21 12:49:30,-60.020293197517816,IISC
2026-01-21 12:50:00,-57.564093008967205,IISC
2026-01-21 12:50:30,-60.35810830660183,IISC
2026-01-21 12:51:00,-59.965423027519996,IISC
2026-01-21 12:51:30,-62.52263719722322,IISC
2026-01-21 12:52:00,-62.88200374149926,IISC
2026-01-21 12:52:30,-62.71184011864287,IISC
2026-01-21 12:53:00,-63.36988546906805,IISC
2026-01-21 12:53:30,-60.52113220912049,IISC
2026-01-21 12:54:00,-60.56873041563225,IISC
2026-01-21 12:54:30,-63.73996159828363,IISC
2026-01-21 12:55:00,-62.74991868917179,IISC
2026-01-21 12:55:30,-60.03801030840898,IISC
2026-01-21 12:56:00,-60.893078268890854,IISC
2026-01-21 12:56:30,-61.59345203604482,IISC
2026-01-21 12:57:00,-57.59384189626964,IISC
2026-01-21 12:57:30,-54.92290197727204,IISC
2026-01-21 12:58:00,-55.55799818481547,IISC
2026-01-21 12:58:30,-59.210821310374264,IISC
2026-01-21 12:59:00,-59.31689733270919,IISC
2026-01-21 12:59:30,-66.51969743751107,IISC
2026-01-21 13:00:00,-60.412846264481836,IISC
2026-01-21 13:00:30,-58.55889572720459,IISC
2026-01-21 13:01:00,-57.67594882707352,IISC
2026-01-21 13:01:30,-58.29115576238078,IISC
2026-01-21 13:02:00,-59.755990871879206,IISC
2026-01-21 13:02:30,-61.87054164477665,IISC
2026-01-21 13:03:00,-59.179542474766876,IISC
2026-01-21 13:03:30,-57.8209533853777,IISC
2026-01-21 13:04:00,-55.96190304785922,IISC
2026-01-21 13:04:30,-59.83367797200769,IISC
2026-01-21 13:05:00,-59.4474524367317,IISC
2026-01-21 13:05:30,-60.879478781316045,IISC
2026-01-21 13:06:00,-54.679471096994796,IISC
2026-01-21 13:06:30,-55.24249000114025,IISC
2026-01-21 13:07:00,-56.12645687081871,IISC
2026-01-21 13:07:30,-56.47324388503511,IISC
2026-01-21 13:08:00,-59.043547578754165,IISC
2026-01-21 13:08:30,-55.27376882661523,IISC
2026-01-21 13:09:00,-53.90294019638226,IISC
2026-01-21 13:09:30,-54.21980832172227,IISC
2026-01-21 13:10:00,-54.66723155615099,IISC
2026-01-21 13:10:30,-55.241130054409254,IISC
2026-01-21 13:11:00,-56.0095012746358,IISC
2026-01-21 13:11:30,-56.753393387843744,IISC
2026-01-21 13:12:00,-56.09517805547614,IISC
2026-01-21 13:12:30,-56.45556454713492,IISC
2026-01-21 13:13:00,-59.467851678226296,IISC
2026-01-21 13:13:30,-59.68816341848077,IISC
2026-01-21 13:14:00,-57.07570130517394,IISC
2026-01-21 13:14:30,-55.75519080024575,IISC
2026-01-21 13:15:00,-58.43990018876055,IISC
2026-01-21 13:15:30,-56.53716148714899,IISC
2026-01-21 13:16:00,-57.73663653860284,IISC
2026-01-21 13:16:30,-54.1715301367788,IISC
2026-01-21 13:17:00,-53.97518749502142,IISC
2026-01-21 13:17:30,-51.77597990196515,IISC
2026-01-21 13:18:00,-45.8874005459275,IISC
2026-01-21 13:18:30,-48.53794123356291,IISC
2026-01-21 13:19:00,-47.68797307775521,IISC
2026-01-21 13:19:30,-49.0098435344806,IISC
2026-01-21 13:20:00,-51.16400281924591,IISC
2026-01-21 13:20:30,-51.316317121626426,IISC
2026-01-21 13:21:00,-48.03612002857019,IISC
2026-01-21 13:21:30,-47.056956720537194,IISC
2026-01-21 13:22:00,-46.472178638298544,IISC
2026-01-21 13:22:30,-48.3924266952346,IISC
2026-01-21 13:23:00,-49.21247595203349,IISC
2026-01-21 13:23:30,-51.837177596051696,IISC
2026-01-21 13:24:00,-48.48626317165953,IISC
2026-01-21 13:24:30,-45.92819900865186,IISC
2026-01-21 13:25:00,-44.09634765641538,IISC
2026-01-21 13:25:30,-49.91420966085228,IISC
2026-01-21 13:26:00,-51.12184440472434,IISC
2026-01-21 13:26:30,-51.17080257823192,IISC
2026-01-21 13:27:00,-48.3761072888668,IISC
2026-01-21 13:27:30,-46.988959272530835,IISC
2026-01-21 13:28:00,-47.17527229384832,IISC
2026-01-21 13:28:30,-46.47897837701974,IISC
2026-01-21 13:29:00,-51.124564303252534,IISC
2026-01-21 13:29:30,-50.63498264416983,IISC
2026-01-21 13:30:00,-49.08328078967577,IISC
2026-01-21 13:30:30,-47.254149325835066,IISC
2026-01-21 13:31:00,-47.056956720537194,IISC
2026-01-21 13:31:30,-43.510209622379534,IISC
2026-01-21 13:32:00,-42.12986134983097,IISC
2026-01-21 13:32:30,-44.38193695121419,IISC
2026-01-21 13:33:00,-49.5211843817889,IISC
2026-01-21 13:33:30,-54.310924919883824,IISC
2026-01-21 13:34:00,-55.72255201284116,IISC
2026-01-21 13:34:30,-51.22928038898889,IISC
2026-01-21 13:35:00,-50.8539344478257,IISC
2026-01-21 13:35:30,-49.910129810526875,IISC
2026-01-21 13:36:00,-50.16308033818592,IISC
2026-01-21 13:36:30,-49.60686116769545,IISC
2026-01-21 13:37:00,-48.24011239285408,IISC
2026-01-21 13:37:30,-45.01703315875763,IISC
2026-01-21 13:38:00,-45.52293419887711,IISC
2026-01-21 13:38:30,-48.182484544371064,IISC
2026-01-21 13:39:00,-46.53439630699869,IISC
2026-01-21 13:39:30,-46.1595603597917,IISC
2026-01-21 13:40:00,-46.474898531127266,IISC
2026-01-21 13:40:30,-47.925454182218495,IISC
2026-01-21 13:41:00,-50.28632572346313,IISC
2026-01-21 13:41:30,-47.899275150018724,IISC
2026-01-21 13:42:00,-47.337616205903046,IISC
2026-01-21 13:42:30,-47.81359835524633,IISC
2026-01-21 13:43:00,-47.70412247051683,IISC
2026-01-21 13:43:30,-49.76036542093248,IISC
2026-01-21 13:44:00,-49.66754890582234,IISC
2026-01-21 13:44:30,-47.66842381120008,IISC
2026-01-21 13:45:00,-45.21116589467644,IISC
2026-01-21 13:45:30,-45.18498686247666,IISC
2026-01-21 13:46:00,-43.961712716632796,IISC
2026-01-21 13:46:30,-46.27379606251261,IISC
2026-01-21 13:47:00,-46.27141615573336,IISC
2026-01-21 13:47:30,-46.43087018035145,IISC
2026-01-21 13:48:00,-45.978687116532335,IISC
2026-01-21 13:48:30,-48.47045374784896,IISC
2026-01-21 13:49:00,-47.07939588592794,IISC
2026-01-21 13:49:30,-48.715584571672366,IISC
2026-01-21 13:50:00,-51.04670722498128,IISC
2026-01-21 13:50:30,-51.48342085483894,IISC
2026-01-21 13:51:00,-48.43951491982241,IISC
2026-01-21 13:51:30,-41.544913259685615,IISC
2026-01-21 13:52:00,-43.64875442991182,IISC
2026-01-21 13:52:30,-48.33717875543066,IISC
2026-01-21 13:53:00,-45.524124154799836,IISC
2026-01-21 13:53:30,-46.83307511758076,IISC
2026-01-21 13:54:00,-46.108392270946425,IISC
2026-01-21 13:54:30,-42.71701934771471,IISC
2026-01-21 13:55:00,-43.37030485798384,IISC
2026-01-21 13:55:30,-43.87841582420671,IISC
2026-01-21 13:56:00,-43.99146159126972,IISC
2026-01-21 13:56:30,-49.76552189547181,IISC
2026-01-21 13:57:00,-48.83365458638045,IISC
2026-01-21 13:57:30,-48.38200040600348,IISC
2026-01-21 13:58:00,-47.44590214758642,IISC
2026-01-21 13:58:30,-51.54125269241854,IISC
2026-01-21 13:59:00,-54.91406231440139,IISC
2026-01-21 13:59:30,-51.073943978258406,IISC
2026-01-21 14:00:00,-50.444589780407696,IISC
2026-01-21 14:00:30,-50.119864170430674,IISC
2026-01-21 14:01:00,-48.39998196329492,IISC
2026-01-21 14:01:30,-46.30566043545467,IISC
2026-01-21 14:02:00,-43.61689007617912,IISC
2026-01-21 14:02:30,-52.22571503823726,IISC
2026-01-21 14:03:00,-54.19446381938769,IISC
2026-01-21 14:03:30,-46.43586799877323,IISC
2026-01-21 14:04:00,-44.29014039741886,IISC
2026-01-21 14:04:30,-41.42314115840697,IISC
2026-01-21 14:05:00,-47.22906583407347,IISC
2026-01-21 14:05:30,-45.90054671736238,IISC
2026-01-21 14:06:00,-48.228416831209316,IISC
2026-01-21 14:06:30,-44.23397450167742,IISC
2026-01-21 14:07:00,-51.05817407192763,IISC
2026-01-21 14:07:30,-49.08708865470793,IISC
2026-01-21 14:08:00,-47.29041464067021,IISC
2026-01-21 14:08:30,-51.65464222142989,IISC
2026-01-21 14:09:00,-51.79426365950885,IISC
2026-01-21 14:09:30,-52.677475002099825,IISC
2026-01-21 14:10:00,-43.37863455387584,IISC
2026-01-21 14:10:30,-44.4080782069048,IISC
2026-01-21 14:11:00,-43.19802575406147,IISC
2026-01-21 14:11:30,-45.26061514422721,IISC
2026-01-21 14:12:00,-44.48317760176536,IISC
2026-01-21 14:12:30,-43.530155546045485,IISC
2026-01-21 14:13:00,-40.35482563209679,IISC
2026-01-21 14:13:30,-35.97261650586682,IISC
2026-01-21 14:14:00,-36.076274849064795,IISC
2026-01-21 14:14:30,-37.78029099524405,IISC
2026-01-21 14:15:00,-41.532088187277,IISC
2026-01-21 14:15:30,-40.6795512460142,IISC
2026-01-21 14:16:00,-39.40286130484248,IISC
2026-01-21 14:16:30,-39.75403037076236,IISC
2026-01-21 14:17:00,-41.642092960374114,IISC
2026-01-21 14:17:30,-41.66536320333759,IISC
2026-01-21 14:18:00,-41.53420366785042,IISC
2026-01-21 14:18:30,-39.14688866770766,IISC
2026-01-21 14:19:00,-40.732438150019135,IISC
2026-01-21 14:19:30,-37.912508263137184,IISC
2026-01-21 14:20:00,-38.000300525676764,IISC
2026-01-21 14:20:30,-39.294972020199545,IISC
2026-01-21 14:21:00,-44.522419696263604,IISC
2026-01-21 14:21:30,-43.83890930606389,IISC
2026-01-21 14:22:00,-40.237628246722124,IISC
2026-01-21 14:22:30,-42.773661219492496,IISC
2026-01-21 14:23:00,-39.873977877336124,IISC
2026-01-21 14:23:30,-40.96492899967949,IISC
2026-01-21 14:24:00,-43.23250803381911,IISC
2026-01-21 14:24:30,-45.40013080591327,IISC
2026-01-21 14:25:00,-42.78698872228067,IISC
2026-01-21 14:25:30,-43.13826355868288,IISC
2026-01-21 14:26:00,-43.82558179972937,IISC
2026-01-21 14:26:30,-44.721380239911085,IISC
2026-01-21 14:27:00,-44.22350289057068,IISC
2026-01-21 14:27:30,-44.447214507278424,IISC
2026-01-21 14:28:00,-43.059250511758215,IISC
2026-01-21 14:28:30,-39.87492984004782,IISC
2026-01-21 14:29:00,-41.033470424858386,IISC
2026-01-21 14:29:30,-39.84446697298566,IISC
2026-01-21 14:30:00,-39.255201065014866,IISC
2026-01-21 14:30:30,-36.76771828274601,IISC
2026-01-21 14:31:00,-36.6506266670656,IISC
2026-01-21 14:31:30,-37.49025920441317,IISC
2026-01-21 14:32:00,-39.269480526968394,IISC
2026-01-21 14:32:30,-39.568397325568625,IISC
2026-01-21 14:33:00,-38.47078245005801,IISC
2026-01-21 14:33:30,-39.82637965663899,IISC
2026-01-21 14:34:00,-37.82725456822282,IISC
2026-01-21 14:34:30,-37.91959510729663,IISC
2026-01-21 14:35:00,-36.51068790374832,IISC
2026-01-21 14:35:30,-38.58692210657307,IISC
2026-01-21 14:36:00,-36.28221646284305,IISC
2026-01-21 14:36:30,-36.08991967236283,IISC
2026-01-21 14:37:00,-39.34563767866527,IISC
2026-01-21 14:37:30,-39.950135032579354,IISC
2026-01-21 14:38:00,-32.31178478935284,IISC
2026-01-21 14:38:30,-38.20518440310869,IISC
2026-01-21 14:39:00,-33.2340266823251,IISC
2026-01-21 14:39:30,-35.57681089835721,IISC
2026-01-21 14:40:00,-34.52869817251346,IISC
2026-01-21 14:40:30,-34.483955857683135,IISC
2026-01-21 14:41:00,-35.3730905305122,IISC
2026-01-21 14:41:30,-34.38399959563769,IISC
2026-01-21 14:42:00,-33.03697006764735,IISC
2026-01-21 14:42:30,-31.5452419663276,IISC
2026-01-21 14:43:00,-32.58193112189925,IISC
2026-01-21 14:43:30,-32.43437665688839,IISC
2026-01-21 14:44:00,-32.61049005644534,IISC
2026-01-21 14:44:30,-32.53338093494408,IISC
2026-01-21 14:45:00,-33.86613099743454,IISC
2026-01-21 14:45:30,-33.987982440858815,IISC
2026-01-21 14:46:00,-36.50783201127881,IISC
2026-01-21 14:46:30,-32.44082884820697,IISC
2026-01-21 14:47:00,-31.648582981134965,IISC
2026-01-21 14:47:30,-32.54575647502055,IISC
2026-01-21 14:48:00,-30.504744949270123,IISC
2026-01-21 14:48:30,-30.315304046924997,IISC
2026-01-21 14:49:00,-28.539890571670224,IISC
2026-01-21 14:49:30,-27.657419644915723,IISC
2026-01-21 14:50:00,-30.373373871636183,IISC
2026-01-21 14:50:30,-29.87644849210016,IISC
2026-01-21 14:51:00,-29.679391870329738,IISC
2026-01-21 14:51:30,-28.211462875812202,IISC
2026-01-21 14:52:00,-28.857846659967855,IISC
2026-01-21 14:52:30,-29.74222152633113,IISC
2026-01-21 14:53:00,-29.682247772650204,IISC
2026-01-21 14:53:30,-30.194404580397794,IISC
2026-01-21 14:54:00,-29.905007426646243,IISC
2026-01-21 14:54:30,-28.398047893568577,IISC
2026-01-21 14:55:00,-27.962048226878835,IISC
2026-01-21 14:55:30,-25.443150618382465,IISC
2026-01-21 14:56:00,-25.076644343129658,IISC
2026-01-21 14:56:30,-26.701647461692126,IISC
2026-01-21 14:57:00,-28.28571610563203,IISC
2026-01-21 14:57:30,-27.520336791011594,IISC
2026-01-21 14:58:00,-27.1528785459544,IISC
2026-01-21 14:58:30,-28.090563416377684,IISC
2026-01-21 14:59:00,-30.04018636576601,IISC
2026-01-21 14:59:30,-25.854399208465594,IISC
2026-01-21 15:00:00,-25.782367243098818,IISC
2026-01-21 15:00:30,-26.802026802908614,IISC
2026-01-21 15:01:00,-30.387891336679836,IISC
2026-01-21 15:01:30,-27.547732203755572,IISC
2026-01-21 15:02:00,-28.826537613679573,IISC
2026-01-21 15:02:30,-29.076163816974898,IISC
2026-01-21 15:03:00,-31.056249622392322,IISC
2026-01-21 15:03:30,-28.888944156622642,IISC
2026-01-21 15:04:00,-33.0363354159886,IISC
2026-01-21 15:04:30,-32.68833957092886,IISC
2026-01-21 15:05:00,-32.82492001898231,IISC
2026-01-21 15:05:30,-29.78815380430352,IISC
2026-01-21 15:06:00,-27.19405100859514,IISC
2026-01-21 15:06:30,-28.913536577899794,IISC
2026-01-21 15:07:00,-29.447826549724866,IISC
2026-01-21 15:07:30,-24.0550808500157,IISC
2026-01-21 15:08:00,-22.780506385477022,IISC
2026-01-21 15:08:30,-23.06292247461432,IISC
2026-01-21 15:09:00,-23.435246291103113,IISC
2026-01-21 15:09:30,-26.015069633329787,IISC
2026-01-21 15:10:00,-26.722696442960817,IISC
2026-01-21 15:10:30,-27.165888728626754,IISC
2026-01-21 15:11:00,-28.109391141468127,IISC
2026-01-21 15:11:30,-27.540328025688964,IISC
2026-01-21 15:12:00,-27.281182183455527,IISC
2026-01-21 15:12:30,-25.68188211682059,IISC
2026-01-21 15:13:00,-26.210751184452686,IISC
2026-01-21 15:13:30,-24.298360627352267,IISC
2026-01-21 15:14:00,-22.82916234409664,IISC
2026-01-21 15:14:30,-19.28256634606511,IISC
2026-01-21 15:15:00,-21.336693817877535,IISC
2026-01-21 15:15:30,-21.88354445068184,IISC
2026-01-21 15:16:00,-25.43966008371111,IISC
2026-01-21 15:16:30,-27.84918757076912,IISC
2026-01-21 15:17:00,-24.21162609721863,IISC
2026-01-21 15:17:30,-24.394614800364412,IISC
2026-01-21 15:18:00,-25.801406528855825,IISC
2026-01-21 15:18:30,-24.67808861796728,IISC
2026-01-21 15:19:00,-25.75803926772939,IISC
2026-01-21 15:19:30,-26.642308346666695,IISC
2026-01-21 15:20:00,-24.618855284063205,IISC
2026-01-21 15:20:30,-23.471209397805232,IISC
2026-01-21 15:21:00,-24.879058870523746,IISC
2026-01-21 15:21:30,-24.50567730980786,IISC
2026-01-21 15:22:00,-22.554150421204803,IISC
2026-01-21 15:22:30,-24.767996361080293,IISC
2026-01-21 15:23:00,-23.741990359550222,IISC
2026-01-21 15:23:30,-22.827046867463597,IISC
2026-01-21 15:24:00,-21.96499027938192,IISC
2026-01-21 15:24:30,-24.311053479269763,IISC
2026-01-21 15:25:00,-23.51351891864496,IISC
2026-01-21 15:25:30,-23.724008806199162,IISC
2026-01-21 15:26:00,-21.344230206584317,IISC
2026-01-21 15:26:30,-19.704471642939296,IISC
2026-01-21 15:27:00,-23.696772065235727,IISC
2026-01-21 15:27:30,-26.475317933341834,IISC
2026-01-21 15:28:00,-27.238872662615805,IISC
2026-01-21 15:28:30,-22.994169497831745,IISC
2026-01-21 15:29:00,-21.512013918228536,IISC
2026-01-21 15:29:30,-22.277155251036906,IISC
2026-01-21 15:30:00,-24.592808479250227,IISC
2026-01-21 15:30:30,-23.263628277815222,IISC
2026-01-21 15:31:00,-21.90350924835367,IISC
2026-01-21 15:31:30,-23.440931634308143,IISC
2026-01-21 15:32:00,-18.96788924467702,IISC
2026-01-21 15:32:30,-20.953924834281725,IISC
2026-01-21 15:33:00,-21.729775760895482,IISC
2026-01-21 15:33:30,-21.72263604055775,IISC
2026-01-21 15:34:00,-23.351684983799803,IISC
2026-01-21 15:34:30,-22.07724273137894,IISC
2026-01-21 15:35:00,-24.616607595804894,IISC
2026-01-21 15:35:30,-24.066848185585446,IISC
2026-01-21 15:36:00,-25.073550473182497,IISC
2026-01-21 15:36:30,-22.930440774604808,IISC
2026-01-21 15:37:00,-19.823467190249207,IISC
2026-01-21 15:37:30,-20.977723946403465,IISC
2026-01-21 15:38:00,-20.20663283778113,IISC
2026-01-21 15:38:30,-20.059078369223922,IISC
2026-01-21 15:39:00,-19.668772988055476,IISC
2026-01-21 15:39:30,-19.800858040382945,IISC
2026-01-21 15:40:00,-19.503369187623427,IISC
2026-01-21 15:40:30,-21.790463490156522,IISC
2026-01-21 15:41:00,-19.11663367548971,IISC
2026-01-21 15:41:30,-20.25674317993657,IISC
2026-01-21 15:42:00,-23.582271915129443,IISC
2026-01-21 15:42:30,-24.597700517732775,IISC
2026-01-21 15:43:00,-26.141998215550874,IISC
2026-01-21 15:43:30,-22.617614708374962,IISC
2026-01-21 15:44:00,-25.54120294239529,IISC
2026-01-21 15:44:30,-25.14137791785579,IISC
2026-01-21 15:45:00,-27.824859603280455,IISC
2026-01-21 15:45:30,-21.388522993416913,IISC
2026-01-21 15:46:00,-24.17989395166336,IISC
2026-01-21 15:46:30,-23.599195712432266,IISC
2026-01-21 15:47:00,-20.210202697949995,IISC
2026-01-21 15:47:30,-22.247406368519215,IISC
2026-01-21 15:48:00,-23.390821305451485,IISC
2026-01-21 15:48:30,-26.72058097026816,IISC
2026-01-21 15:49:00,-23.55053975775303,IISC
2026-01-21 15:49:30,-23.659486778742288,IISC
2026-01-21 15:50:00,-20.278955670792193,IISC
2026-01-21 15:50:30,-19.966922928494192,IISC
2026-01-21 15:51:00,-19.569213384528116,IISC
2026-01-21 15:51:30,-24.43269337187843,IISC
2026-01-21 15:52:00,-22.024223621166755,IISC
2026-01-21 15:52:30,-22.127881952543596,IISC
2026-01-21 15:53:00,-25.941027962994408,IISC
2026-01-21 15:53:30,-26.10815057760103,IISC
2026-01-21 15:54:00,-20.98446702349209,IISC
2026-01-21 15:54:30,-21.548902539800768,IISC
2026-01-21 15:55:00,-19.496229458419833,IISC
2026-01-21 15:55:30,-22.613912636580828,IISC
2026-01-21 15:56:00,-19.7782488772179,IISC
2026-01-21 15:56:30,-20.673095355574493,IISC
2026-01-21 15:57:00,-22.48010875875019,IISC
2026-01-21 15:57:30,-22.03162777953145,IISC
2026-01-21 15:58:00,-23.672179634600166,IISC
2026-01-21 15:58:30,-22.262214697069762,IISC
2026-01-21 15:59:00,-20.58781521981273,IISC
2026-01-21 15:59:30,-16.14531500806337,IISC
2026-01-21 16:00:00,-19.819897325647407,IISC
2026-01-21 16:00:30,-17.53161306529176,IISC
2026-01-21 16:01:00,-17.226984487761577,IISC
2026-01-21 16:01:30,-19.671152899267646,IISC
2026-01-21 16:02:00,-18.932190598659055,IISC
2026-01-21 16:02:30,-20.27922011867011,IISC
2026-01-21 16:03:00,-23.694392145157696,IISC
2026-01-21 16:03:30,-25.588801164176033,IISC
2026-01-21 16:04:00,-24.660635942147795,IISC
2026-01-21 16:04:30,-22.448508827282925,IISC
2026-01-21 16:05:00,-21.619109909477576,IISC
2026-01-21 16:05:30,-22.769796801030044,IISC
2026-01-21 16:06:00,-22.24502646075488,IISC
2026-01-21 16:06:30,-21.7868936211218,IISC
2026-01-21 16:07:00,-22.293644636180744,IISC
2026-01-21 16:07:30,-21.2070453489494,IISC
2026-01-21 16:08:00,-18.84481385970722,IISC
2026-01-21 16:08:30,-18.75369728181048,IISC
2026-01-21 16:09:00,-22.611872708251752,IISC
2026-01-21 16:09:30,-21.982216302830928,IISC
2026-01-21 16:10:00,-22.83898420242602,IISC
2026-01-21 16:10:30,-19.546547578658412,IISC
2026-01-21 16:11:00,-17.54606253287221,IISC
2026-01-21 16:11:30,-19.061045759768692,IISC
2026-01-21 16:12:00,-19.83757666038122,IISC
2026-01-21 16:12:30,-19.823977167740225,IISC
2026-01-21 16:13:00,-18.782256208757264,IISC
2026-01-21 16:13:30,-20.63178689382774,IISC
2026-01-21 16:14:00,-24.149975075171024,IISC
2026-01-21 16:14:30,-23.06473574480308,IISC
2026-01-21 16:15:00,-20.69570450544075,IISC
2026-01-21 16:15:30,-19.013107553275393,IISC
2026-01-21 16:16:00,-23.354064899444907,IISC
2026-01-21 16:16:30,-23.906204207577744,IISC
2026-01-21 16:17:00,-20.750102467138873,IISC
2026-01-21 16:17:30,-16.254110939692186,IISC
2026-01-21 16:18:00,-15.869245356213415,IISC
2026-01-21 16:18:30,-19.16440188864163,IISC
2026-01-21 16:19:00,-17.098639288311073,IISC
2026-01-21 16:19:30,-16.42410457490669,IISC
2026-01-21 16:20:00,-19.607745272744957,IISC
2026-01-21 16:20:30,-20.25644096786317,IISC
2026-01-21 16:21:00,-21.57831144485338,IISC
2026-01-21 16:21:30,-17.82485208388364,IISC
2026-01-21 16:22:00,-17.335270419734726,IISC
2026-01-21 16:22:30,-16.716493608426706,IISC
2026-01-21 16:23:00,-21.61554003157699,IISC
2026-01-21 16:23:30,-23.104174257630074,IISC
2026-01-21 16:24:00,-23.31955618908485,IISC
2026-01-21 16:24:30,-21.287112346358,IISC
2026-01-21 16:25:00,-24.70109442832182,IISC
2026-01-21 16:25:30,-26.69188982261916,IISC
2026-01-21 16:26:00,-26.997708371270686,IISC
2026-01-21 16:26:30,-21.884469963089213,IISC
2026-01-21 16:27:00,-22.116511273029204,IISC
2026-01-21 16:27:30,-18.47643766580522,IISC
2026-01-21 16:28:00,-22.62224231474111,IISC
2026-01-21 16:28:30,-27.389203696962895,IISC
2026-01-21 16:29:00,-16.063718068049297,IISC
2026-01-21 16:29:30,-12.16882402414286,IISC
2026-01-21 16:30:00,-12.428574285456895,IISC
2026-01-21 16:30:30,-15.128073126335062,IISC
2026-01-21 16:31:00,-19.309916437102345,IISC
2026-01-21 16:31:30,-19.424152165154283,IISC
2026-01-21 16:32:00,-19.75189986940847,IISC
2026-01-21 16:32:30,-19.535667974413204,IISC
2026-01-21 16:33:00,-14.503856528103048,IISC
2026-01-21 16:33:30,-13.493414394595064,IISC
2026-01-21 16:34:00,-18.326673278743936,IISC
2026-01-21 16:34:30,-18.63810161209375,IISC
2026-01-21 16:35:00,-14.411379998409108,IISC
2026-01-21 16:35:30,-16.582028651219815,IISC
2026-01-21 16:36:00,-14.635771578856563,IISC
2026-01-21 16:36:30,-17.206075272575617,IISC
2026-01-21 16:37:00,-16.690654580008122,IISC
2026-01-21 16:37:30,-14.600412908122388,IISC
2026-01-21 16:38:00,-14.963519303375568,IISC
2026-01-21 16:38:30,-15.908683872206783,IISC
2026-01-21 16:39:00,-18.163479397449237,IISC
2026-01-21 16:39:30,-16.90688648006959,IISC
2026-01-21 16:40:00,-18.3824311859065,IISC
2026-01-21 16:40:30,-19.709741444754492,IISC
2026-01-21 16:41:00,-14.44129886702068,IISC
2026-01-21 16:41:30,-12.907276350426809,IISC
2026-01-21 16:42:00,-15.318466003044154,IISC
2026-01-21 16:42:30,-14.59089326074059,IISC
2026-01-21 16:43:00,-10.800715282305678,IISC
2026-01-21 16:43:30,-13.71780598010872,IISC
2026-01-21 16:44:00,-13.88643966352602,IISC
2026-01-21 16:44:30,-18.647791250917095,IISC
2026-01-21 16:45:00,-14.992248223030447,IISC
2026-01-21 16:45:30,-17.567311724608512,IISC
2026-01-21 16:46:00,-17.605390299570367,IISC
2026-01-21 16:46:30,-19.632224359498753,IISC
2026-01-21 16:47:00,-20.848018804021617,IISC
2026-01-21 16:47:30,-16.783131125745047,IISC
2026-01-21 16:48:00,-16.82755612321781,IISC
2026-01-21 16:48:30,-13.362405965707502,IISC
2026-01-21 16:49:00,-16.199712984326826,IISC
2026-01-21 16:49:30,-13.987075878672147,IISC
2026-01-21 16:50:00,-14.592253207471586,IISC
2026-01-21 16:50:30,-17.438626548607665,IISC
2026-01-21 16:51:00,-10.7599168094489,IISC
2026-01-21 16:51:30,-9.62911918337765,IISC
2026-01-21 16:52:00,-12.496118426329927,IISC
2026-01-21 16:52:30,-12.635286538136569,IISC
2026-01-21 16:53:00,-15.462620599707668,IISC
2026-01-21 16:53:30,-18.760043714242716,IISC
2026-01-21 16:54:00,-16.916406124073923,IISC
2026-01-21 16:54:30,-14.60630602497762,IISC
2026-01-21 16:55:00,-15.464660524026002,IISC
2026-01-21 16:55:30,-11.372800511501,IISC
2026-01-21 16:56:00,-14.915694420499223,IISC
2026-01-21 16:56:30,-13.216438101669793,IISC
2026-01-21 16:57:00,-19.033846779552906,IISC
2026-01-21 16:57:30,-20.24828127734478,IISC
2026-01-21 16:58:00,-16.470342844819864,IISC
2026-01-21 16:58:30,-15.511578768149041,IISC
2026-01-21 16:59:00,-19.41055265731467,IISC
2026-01-21 16:59:30,-21.90605915417378,IISC
2026-01-21 17:00:00,-20.293159590394545,IISC
2026-01-21 17:00:30,-21.06425068888447,IISC
2026-01-21 17:01:00,-21.2002456000958,IISC
2026-01-21 17:01:30,-18.621612209851467,IISC
2026-01-21 17:02:00,-15.739540223963976,IISC
2026-01-21 17:02:30,-26.59312351839626,IISC
2026-01-21 17:03:00,-26.858483585306686,IISC
2026-01-21 17:03:30,-22.52347601495115,IISC
2026-01-21 17:04:00,-20.590988429836816,IISC
2026-01-21 17:04:30,-17.22817444558413,IISC
2026-01-21 17:05:00,-16.939015275417823,IISC
2026-01-21 17:05:30,-16.629626866597434,IISC
2026-01-21 17:06:00,-11.60580511493119,IISC
2026-01-21 17:06:30,-14.124430741680673,IISC
2026-01-21 17:07:00,-19.369754189524105,IISC
2026-01-21 17:07:30,-20.918736150556168,IISC
2026-01-21 17:08:00,-25.42696721947992,IISC
2026-01-21 17:08:30,-27.978231622235036,IISC
2026-01-21 17:09:00,-28.91591648911197,IISC
2026-01-21 17:09:30,-25.393648466942416,IISC
2026-01-21 17:10:00,-25.281792666567817,IISC
2026-01-21 17:10:30,-25.442436640142592,IISC
2026-01-21 17:11:00,-24.459533477966062,IISC
2026-01-21 17:11:30,-21.351369949086695,IISC
2026-01-21 17:12:00,-18.86317317793894,IISC
2026-01-21 17:12:30,-19.013107562141254,IISC
2026-01-21 17:13:00,-20.470802933570216,IISC
2026-01-21 17:13:30,-19.525978341922617,IISC
2026-01-21 17:14:00,-22.49491708927092,IISC
2026-01-21 17:14:30,-24.37266672980404,IISC
2026-01-21 17:15:00,-22.023694744620276,IISC
2026-01-21 17:15:30,-20.730213211367882,IISC
2026-01-21 17:16:00,-21.948727552519124,IISC
2026-01-21 17:16:30,-20.915846272618662,IISC
2026-01-21 17:17:00,-20.8301694689804,IISC
2026-01-21 17:17:30,-21.332330659389303,IISC
2026-01-21 17:18:00,-23.527798391336024,IISC
2026-01-21 17:18:30,-21.066970588045947,IISC
2026-01-21 17:19:00,-20.272080385033586,IISC
2026-01-21 17:19:30,-17.741045229798424,IISC
2026-01-21 17:20:00,-18.721568485195704,IISC
2026-01-21 17:20:30,-18.234876719882394,IISC
2026-01-21 17:21:00,-14.98255859307296,IISC
2026-01-21 17:21:30,-16.069157865105694,IISC
2026-01-21 17:22:00,-17.106798988961874,IISC
2026-01-21 17:22:30,-19.051526107320687,IISC
2026-01-21 17:23:00,-17.2332742527914,IISC
2026-01-21 17:23:30,-13.434936583838095,IISC
2026-01-21 17:24:00,-14.548734841152816,IISC
2026-01-21 17:24:30,-11.858755642590243,IISC
2026-01-21 17:25:00,-12.720963324043113,IISC
2026-01-21 17:25:30,-13.87827996287522,IISC
2026-01-21 17:26:00,-14.469857799033665,IISC
2026-01-21 17:26:30,-12.824319463048463,IISC
2026-01-21 17:27:00,-14.47801749461826,IISC
2026-01-21 17:27:30,-14.55281468641201,IISC
2026-01-21 17:28:00,-14.336582791416744,IISC
2026-01-21 17:28:30,-12.852878395061449,IISC
2026-01-21 17:29:00,-13.478454950156864,IISC
2026-01-21 17:29:30,-16.30986884685475,IISC
2026-01-21 17:30:00,-18.953609780570353,IISC
2026-01-21 17:30:30,-15.27494763165918,IISC
2026-01-21 17:31:00,-11.554127058094029,IISC
2026-01-21 17:31:30,-10.851033402544251,IISC
2026-01-21 17:32:00,-13.23366411808241,IISC
2026-01-21 17:32:30,-12.318418407730357,IISC
2026-01-21 17:33:00,-11.86691532804243,IISC
2026-01-21 17:33:30,-12.08450718496731,IISC
2026-01-21 17:34:00,-12.030109219469539,IISC
2026-01-21 17:34:30,-12.586328374761402,IISC
2026-01-21 17:35:00,-11.139342595871275,IISC
2026-01-21 17:35:30,-11.540527565453036,IISC
2026-01-21 17:36:00,-9.661077986439965,IISC
2026-01-21 17:36:30,-12.737282715212306,IISC
2026-01-21 17:37:00,-12.47889240569547,IISC
2026-01-21 17:37:30,-14.683369795500735,IISC
2026-01-21 17:38:00,-12.417694686277896,IISC
2026-01-21 17:38:30,-10.328812961123159,IISC
2026-01-21 17:39:00,-9.289811905734597,IISC
2026-01-21 17:39:30,-9.160616738310667,IISC
2026-01-21 17:40:00,-9.133417758094884,IISC
2026-01-21 17:40:30,-10.701439008824343,IISC
2026-01-21 17:41:00,-8.843748612970659,IISC
2026-01-21 17:41:30,-6.855503113094459,IISC
2026-01-21 17:42:00,-7.147892166879292,IISC
2026-01-21 17:42:30,-11.283497182402376,IISC
2026-01-21 17:43:00,-15.625814481002365,IISC
2026-01-21 17:43:30,-12.049148504100726,IISC
2026-01-21 17:44:00,-7.69051182953016,IISC
2026-01-21 17:44:30,-7.083974564132133,IISC
2026-01-21 17:45:00,-6.651510758942983,IISC
2026-01-21 17:45:30,-8.033218993421158,IISC
2026-01-21 17:46:00,-11.899554110380818,IISC
2026-01-21 17:46:30,-12.538730163183432,IISC
2026-01-21 17:47:00,-9.492444308088873,IISC
2026-01-21 17:47:30,-9.04366112186294,IISC
2026-01-21 17:48:00,-11.520128323958444,IISC
2026-01-21 17:48:30,-11.15974183736587,IISC
2026-01-21 17:49:00,-7.559956730573846,IISC
2026-01-21 17:49:30,-7.336925081658775,IISC
2026-01-21 17:50:00,-8.753991971672509,IISC
2026-01-21 17:50:30,-10.41992955421851,IISC
2026-01-21 17:51:00,-9.763074173648112,IISC
2026-01-21 17:51:30,-9.839231322305269,IISC
2026-01-21 17:52:00,-13.120788346893876,IISC
2026-01-21 17:52:30,-13.814362365194267,IISC
2026-01-21 17:53:00,-12.745442415863108,IISC
2026-01-21 17:53:30,-10.037783879400349,IISC
2026-01-21 17:54:00,-11.150222179851662,IISC
2026-01-21 17:54:30,-11.962111761330775,IISC
2026-01-21 17:55:00,-12.004270180918548,IISC
2026-01-21 17:55:30,-8.297049105060596,IISC
2026-01-21 17:56:00,-10.61712215445018,IISC
2026-01-21 17:56:30,-10.825194379191876,IISC
2026-01-21 17:57:00,-11.084944640505913,IISC
2026-01-21 17:57:30,-8.543199868667434,IISC
2026-01-21 17:58:00,-8.205932511965242,IISC
2026-01-21 17:58:30,-7.320605695555786,IISC
2026-01-21 17:59:00,-5.547232138877651,IISC
2026-01-21 17:59:30,-6.489676829445488,IISC
2026-01-21 18:00:00,-4.83053900081929,IISC
2026-01-21 18:00:30,-3.330515203162391,IISC
2026-01-21 18:01:00,-3.7616190464219272,IISC
2026-01-21 18:01:30,-5.894019148027845,IISC
2026-01-21 18:02:00,-8.095776634238705,IISC
2026-01-21 18:02:30,-8.753991976738716,IISC
2026-01-21 18:03:00,-9.068140218749138,IISC
2026-01-21 18:03:30,-6.352321971503166,IISC
2026-01-21 18:04:00,-2.261595248765028,IISC
2026-01-21 18:04:30,-4.563988990651653,IISC
2026-01-21 18:05:00,-3.3971527044377487,IISC
2026-01-21 18:05:30,-3.6283440438712113,IISC
2026-01-21 18:06:00,-6.535915099358663,IISC
2026-01-21 18:06:30,-4.706783630451757,IISC
2026-01-21 18:07:00,-6.5440747848108485,IISC
2026-01-21 18:07:30,-6.7956653606727,IISC
2026-01-21 18:08:00,-7.166931451510478,IISC
2026-01-21 18:08:30,-6.54543473660805,IISC
2026-01-21 18:09:00,-5.267082641135225,IISC
2026-01-21 18:09:30,-7.992420515498177,IISC
2026-01-21 18:10:00,-4.272959878531613,IISC
2026-01-21 18:10:30,-2.8422934958768837,IISC
2026-01-21 18:11:00,-0.8186893202003033,IISC
2026-01-21 18:11:30,-1.485064353218704,IISC
2026-01-21 18:12:00,-8.564505742160394,IISC
2026-01-21 18:12:30,-9.657678129744882,IISC
2026-01-21 18:13:00,-13.25451666924343,IISC
2026-01-21 18:13:30,-9.378208585103136,IISC
2026-01-21 18:14:00,-8.1243355763841,IISC
2026-01-21 18:14:30,-7.343724820379964,IISC
2026-01-21 18:15:00,-6.799745216064305,IISC
2026-01-21 18:15:30,-8.397685325272928,IISC
2026-01-21 18:16:00,-10.082662192450114,IISC
2026-01-21 18:16:30,-12.438093937904899,IISC
2026-01-21 18:17:00,-10.783035949471692,IISC
2026-01-21 18:17:30,-9.308851180233376,IISC
2026-01-21 18:18:00,-7.736750089310923,IISC
2026-01-21 18:18:30,-3.8078573214013076,IISC
2026-01-21 18:19:00,0.9043661213054622,IISC
2026-01-21 18:19:30,-2.4710274101053105,IISC
2026-01-21 18:20:00,-6.223126804079234,IISC
2026-01-21 18:20:30,-10.12482061203789,IISC
2026-01-21 18:21:00,-12.604007722794,IISC
2026-01-21 18:21:30,-10.139780046343674,IISC
2026-01-21 18:22:00,-10.629361710492587,IISC
2026-01-21 18:22:30,-10.863272943388044,IISC
2026-01-21 18:23:00,-7.702751370373951,IISC
2026-01-21 18:23:30,-7.474279934534892,IISC
2026-01-21 18:24:00,-8.094416692573914,IISC
2026-01-21 18:24:30,-8.741752435894922,IISC
2026-01-21 18:25:00,-9.608039972739396,IISC
2026-01-21 18:25:30,-10.288014493332586,IISC
2026-01-21 18:26:00,-9.765794067110107,IISC
2026-01-21 18:26:30,-8.804310096977288,IISC
2026-01-21 18:27:00,-11.022386984489753,IISC
2026-01-21 18:27:30,-10.746317332006521,IISC
2026-01-21 18:28:00,-10.17241881854965,IISC
2026-01-21 18:28:30,-9.735875188366125,IISC
2026-01-21 18:29:00,-6.46655768435649,IISC
2026-01-21 18:29:30,-8.132495271968697,IISC
2026-01-21 18:30:00,-7.761229176064712,IISC
2026-01-21 18:30:30,-6.156489302803877,IISC
2026-01-21 18:31:00,-6.678709744224972,IISC
2026-01-21 18:31:30,-9.414927202568308,IISC
2026-01-21 18:32:00,-11.83427656090266,IISC
2026-01-21 18:32:30,-9.772593810897503,IISC
2026-01-21 18:33:00,-7.02549674830896,IISC
2026-01-21 18:33:30,-6.81062478991228,IISC
2026-01-21 18:34:00,-11.093104320891896,IISC
2026-01-21 18:34:30,-12.278979886670783,IISC
2026-01-21 18:35:00,-11.654763293504974,IISC
2026-01-21 18:35:30,-10.662000477632358,IISC
2026-01-21 18:36:00,-4.8658976664872595,IISC
2026-01-21 18:36:30,1.7339350356185614,IISC
2026-01-21 18:37:00,2.6328613294703973,IISC
2026-01-21 18:37:30,2.596142722137635,IISC
2026-01-21 18:38:00,9.329250431860377,IISC
2026-01-21 18:38:30,6.730387811194544,IISC
2026-01-21 18:39:00,2.273834794675025,IISC
2026-01-21 18:39:30,-1.606099809859423,IISC
2026-01-21 18:40:00,-6.775266129310515,IISC
2026-01-21 18:40:30,-8.011459810261771,IISC
2026-01-21 18:41:00,-11.528288024609243,IISC
2026-01-21 18:41:30,-11.868275279839633,IISC
2026-01-21 18:42:00,-8.346007278568175,IISC
2026-01-21 18:42:30,-6.813344698572889,IISC
2026-01-21 18:43:00,-6.478797240398897,IISC
2026-01-21 18:43:30,-8.923985606887014,IISC
2026-01-21 18:44:00,-9.736215177581975,IISC
2026-01-21 18:44:30,-10.482317220692952,IISC
2026-01-21 18:45:00,-8.205932516398173,IISC
2026-01-21 18:45:30,-7.99531040293482,IISC
2026-01-21 18:46:00,-6.745857216025319,IISC
2026-01-21 18:46:30,-11.135602744260858,IISC
2026-01-21 18:47:00,-12.035209027310087,IISC
2026-01-21 18:47:30,-8.611707309363426,IISC
2026-01-21 18:48:00,-8.020299468446183,IISC
2026-01-21 18:48:30,-9.572001326106621,IISC
2026-01-21 18:49:00,-9.109108672915053,IISC
2026-01-21 18:49:30,-9.044851087918072,IISC
2026-01-21 18:50:00,-7.331485289668583,IISC
2026-01-21 18:50:30,-6.597112793445212,IISC
2026-01-21 18:51:00,-7.754429437343523,IISC
2026-01-21 18:51:30,-10.587203280772405,IISC
2026-01-21 18:52:00,-10.834714011375059,IISC
2026-01-21 18:52:30,-10.383210931687135,IISC
2026-01-21 18:53:00,-11.18201099295007,IISC
2026-01-21 18:53:30,-5.160836614693231,IISC
2026-01-21 18:54:00,-6.131840234107675,IISC
2026-01-21 18:54:30,-9.313781006131507,IISC
2026-01-21 18:55:00,-9.931367848218017,IISC
2026-01-21 18:55:30,-5.348849573857397,IISC
2026-01-21 18:56:00,-5.166786386074271,IISC
2026-01-21 18:56:30,-4.251710691228241,IISC
2026-01-21 18:57:00,-6.835103870966588,IISC
2026-01-21 18:57:30,-4.899046434549249,IISC
2026-01-21 18:58:00,-5.141797329428771,IISC
2026-01-21 18:58:30,-0.6401960052515574,IISC
2026-01-21 18:59:00,-1.6790270831306346,IISC
2026-01-21 18:59:30,-5.157266758957293,IISC
2026-01-21 19:00:00,-5.504733733873679,IISC
2026-01-21 19:00:30,-4.876437271384203,IISC
2026-01-21 19:01:00,-8.192843002514753,IISC
2026-01-21 19:01:30,-10.234806490090296,IISC
2026-01-21 19:02:00,-9.931367861516806,IISC
2026-01-21 19:02:30,-4.521830567264225,IISC
2026-01-21 19:03:00,-4.207682336019488,IISC
2026-01-21 19:03:30,-4.59679776379831,IISC
2026-01-21 19:04:00,-7.333695183474909,IISC
2026-01-21 19:04:30,-6.504296278968351,IISC
2026-01-21 19:05:00,-6.7983852541346925,IISC
2026-01-21 19:05:30,-4.10024635492132,IISC
2026-01-21 19:06:00,-5.004612466094374,IISC
2026-01-21 19:06:30,-4.06760757764914,IISC
2026-01-21 19:07:00,-3.4365912204311186,IISC
2026-01-21 19:07:30,-7.482439625053283,IISC
2026-01-21 19:08:00,-10.090821872836097,IISC
2026-01-21 19:08:30,-9.343529894067217,IISC
2026-01-21 19:09:00,-2.016974422064183,IISC
2026-01-21 19:09:30,-0.9388748114007002,IISC
2026-01-21 19:10:00,-1.2399335376278762,IISC
2026-01-21 19:10:30,-2.4275090418867133,IISC
2026-01-21 19:11:00,-6.6229518421286135,IISC
2026-01-21 19:11:30,-2.0644026434671527,IISC
2026-01-21 19:12:00,-1.597940124407236,IISC
2026-01-21 19:12:30,-2.714458280250156,IISC
2026-01-21 19:13:00,-6.302003856330795,IISC
2026-01-21 19:13:30,-6.2639252820022175,IISC
2026-01-21 19:14:00,-4.338237438142178,IISC
2026-01-21 19:14:30,-4.377675954135548,IISC
2026-01-21 19:15:00,-6.371361256134351,IISC
2026-01-21 19:15:30,-7.2934067102738,IISC
2026-01-21 19:16:00,-6.2380862485174315,IISC
2026-01-21 19:16:30,-3.4012325496969456,IISC
2026-01-21 19:17:00,-5.336440020673962,IISC
2026-01-21 19:17:30,-5.815142100842491,IISC
2026-01-21 19:18:00,-5.942977316469219,IISC
2026-01-21 19:18:30,-8.47248253226529,IISC
2026-01-21 19:19:00,-6.149689564082686,IISC
2026-01-21 19:19:30,0.5575791121552689,IISC
2026-01-21 19:20:00,-1.4497056774183243,IISC
2026-01-21 19:20:30,-1.6074597616566246,IISC
2026-01-21 19:21:00,-5.283402022172008,IISC
2026-01-21 19:21:30,-7.237648792978827,IISC
2026-01-21 19:22:00,-8.570398859015627,IISC
2026-01-21 19:22:30,-2.8966914512422446,IISC
2026-01-21 19:23:00,-0.9560441781426245,IISC
2026-01-21 19:23:30,-1.4238666439335386,IISC
2026-01-21 19:24:00,-0.750691867127743,IISC
2026-01-21 19:24:30,-0.16319388636090273,IISC
2026-01-21 19:25:00,-2.877652161544854,IISC
2026-01-21 19:25:30,-4.587108110409625,IISC
2026-01-21 19:26:00,-2.2099171919278655,IISC
2026-01-21 19:26:30,1.5109033765710795,IISC
2026-01-21 19:27:00,0.352226796074182,IISC
2026-01-21 19:27:30,-4.009129777024583,IISC
2026-01-21 19:28:00,-1.5421822121784687,IISC
2026-01-21 19:28:30,-2.295593982900616,IISC
2026-01-21 19:29:00,-3.612024642569609,IISC
2026-01-21 19:29:30,-2.660060324884795,IISC
2026-01-21 19:30:00,-3.549466991619652,IISC
2026-01-21 19:30:30,-4.041768554296764,IISC
2026-01-21 19:31:00,-2.015444485158189,IISC
2026-01-21 19:31:30,-1.4755447058369058,IISC
2026-01-21 19:32:00,-2.794695274166507,IISC
2026-01-21 19:32:30,-6.525035500179662,IISC
2026-01-21 19:33:00,-3.871774924148466,IISC
2026-01-21 19:33:30,-1.3599490411863793,IISC
2026-01-21 19:34:00,0.42702400813275104,IISC
2026-01-21 19:34:30,-1.7869730391867207,IISC
2026-01-21 19:35:00,-4.145124678103499,IISC
2026-01-21 19:35:30,-3.397152714570159,IISC
2026-01-21 19:36:00,-7.791148049742491,IISC
2026-01-21 19:36:30,-5.7743436330519184,IISC
2026-01-21 19:37:00,-3.8713216060383657,IISC
2026-01-21 19:37:30,-6.392440466772608,IISC
2026-01-21 19:38:00,-3.9300260678288907,IISC
2026-01-21 19:38:30,-1.0868259458642142,IISC
2026-01-21 19:39:00,5.072383260534067,IISC
2026-01-21 19:39:30,2.6233416972872132,IISC
2026-01-21 19:40:00,-2.337752397422185,IISC
2026-01-21 19:40:30,-2.435668734304931,IISC
2026-01-21 19:41:00,-4.1968027400068655,IISC
2026-01-21 19:41:30,-3.8636152285638703,IISC
2026-01-21 19:42:00,-3.7967510754105853,IISC
2026-01-21 19:42:30,-1.156636668844078,IISC
2026-01-21 19:43:00,-1.619925962822019,IISC
2026-01-21 19:43:30,-4.5726019916808385,IISC
2026-01-21 19:44:00,-3.18273407428358,IISC
2026-01-21 19:44:30,-1.7135357890577627,IISC
2026-01-21 19:45:00,1.8261848931697535,IISC
2026-01-21 19:45:30,-0.12534196982082454,IISC
2026-01-21 19:46:00,0.45694286407881063,IISC
2026-01-21 19:46:30,0.3347741269392688,IISC
2026-01-21 19:47:00,2.33865903955296,IISC
2026-01-21 19:47:30,0.05553125866210543,IISC
2026-01-21 19:48:00,-2.018164382842021,IISC
2026-01-21 19:48:30,-1.031294681291536,IISC
2026-01-21 19:49:00,1.991192046904857,IISC
2026-01-21 19:49:30,0.28876251312585977,IISC
2026-01-21 19:50:00,1.7452679385534153,IISC
2026-01-21 19:50:30,4.845498435969444,IISC
2026-01-21 19:51:00,2.93839655863049,IISC
2026-01-21 19:51:30,-0.8456616510712615,IISC
2026-01-21 19:52:00,-3.0542188895131908,IISC
2026-01-21 19:52:30,-2.8368536979761196,IISC
2026-01-21 19:53:00,-2.985994788784541,IISC
2026-01-21 19:53:30,1.5149832420950955,IISC
2026-01-21 19:54:00,3.1047636607853257,IISC
2026-01-21 19:54:30,1.6808970168517874,IISC
2026-01-21 19:55:00,-1.0360545066711704,IISC
2026-01-21 19:55:30,1.9134482954169396,IISC
2026-01-21 19:56:00,1.7008429469912196,IISC
2026-01-21 19:56:30,0.42045091284581365,IISC
2026-01-21 19:57:00,-1.3010179047200034,IISC
2026-01-21 19:57:30,0.4505964519113977,IISC
2026-01-21 19:58:00,2.765456376387332,IISC
2026-01-21 19:58:30,3.682515343136808,IISC
2026-01-21 19:59:00,3.1494153320895752,IISC
2026-01-21 19:59:30,2.0768688446325463,IISC
2026-01-21 20:00:00,1.0059089853373029,IISC
2026-01-21 20:00:30,2.7019920833065996,IISC
2026-01-21 20:01:00,0.7108000364017423,IISC
2026-01-21 20:01:30,-2.4909733157580844,IISC
2026-01-21 20:02:00,2.423429193461139,IISC
2026-01-21 20:02:30,-0.7330125342937587,IISC
2026-01-21 20:03:00,-0.2216716869854596,IISC
2026-01-21 20:03:30,-1.6808970067193771,IISC
2026-01-21 20:04:00,-1.0145219888995918,IISC
2026-01-21 20:04:30,-1.724415388236763,IISC
2026-01-21 20:05:00,1.3667487849737736,IISC
2026-01-21 20:05:30,1.470104913846713,IISC
2026-01-21 20:06:00,-4.116565751156718,IISC
2026-01-21 20:06:30,-2.902131248298642,IISC
2026-01-21 20:07:00,-2.019524330417385,IISC
2026-01-21 20:07:30,-3.6664226181997894,IISC
2026-01-21 20:08:00,-4.160084122541694,IISC
2026-01-21 20:08:30,-4.062167775526538,IISC
2026-01-21 20:09:00,-5.991935474778182,IISC
2026-01-21 20:09:30,-1.012255403415289,IISC
2026-01-21 20:10:00,-0.24116429479295265,IISC
2026-01-21 20:10:30,1.5961268595661382,IISC
2026-01-21 20:11:00,3.7967510695000133,IISC
2026-01-21 20:11:30,-5.536352549831061,IISC
2026-01-21 20:12:00,-1.8971289067808488,IISC
2026-01-21 20:12:30,1.2613527326268688,IISC
2026-01-21 20:13:00,1.5405956009040322,IISC
2026-01-21 20:13:30,1.3295768392660907,IISC
2026-01-21 20:14:00,-0.5933910950889719,IISC
2026-01-21 20:14:30,1.4993438183808292,IISC
2026-01-21 20:15:00,-0.8234491464243048,IISC
2026-01-21 20:15:30,-0.8250357568543732,IISC
2026-01-21 20:16:00,2.122880452535384,IISC
2026-01-21 20:16:30,3.6952081970244968,IISC
2026-01-21 20:17:00,0.5267535929692461,IISC
2026-01-21 20:17:30,2.784495660174151,IISC
2026-01-21 20:18:00,2.243462596976574,IISC
2026-01-21 20:18:30,0.33998727042900473,IISC
2026-01-21 20:19:00,2.3499919534645914,IISC
2026-01-21 20:19:30,4.792460411292097,IISC
2026-01-21 20:20:00,4.037688703971363,IISC
2026-01-21 20:20:30,0.06901741628718605,IISC
2026-01-21 20:21:00,-2.488196762281896,IISC
2026-01-21 20:21:30,-1.75399427523179,IISC
2026-01-21 20:22:00,-3.722180519662872,IISC
2026-01-21 20:22:30,1.3529793046908851,IISC
2026-01-21 20:23:00,5.023991748807271,IISC
2026-01-21 20:23:30,2.6060023473363234,IISC
2026-01-21 20:24:00,1.8634701732600742,IISC
2026-01-21 20:24:30,-1.9086884774255202,IISC
2026-01-21 20:25:00,0.7234928799459288,IISC
2026-01-21 20:25:30,1.48625430597505,IISC
2026-01-21 20:26:00,1.2208942523634136,IISC
2026-01-21 20:26:30,2.80591485812843,IISC
2026-01-21 20:27:00,0.592597803172725,IISC
2026-01-21 20:27:30,-2.5298452062784746,IISC
2026-01-21 20:28:00,-0.5212004712404369,IISC
2026-01-21 20:28:30,0.6901741451401397,IISC
2026-01-21 20:29:00,3.279517100692459,IISC
2026-01-21 20:29:30,3.2176394269076525,IISC
2026-01-21 20:30:00,2.933410088972237,IISC
2026-01-21 20:30:30,1.9583266312646295,IISC
2026-01-21 20:31:00,-3.46634011976579,IISC
2026-01-21 20:31:30,1.25421300046799,IISC
2026-01-21 20:32:00,-1.1471170225177378,IISC
2026-01-21 20:32:30,1.015031961324408,IISC
2026-01-21 20:33:00,1.8242016404756696,IISC
2026-01-21 20:33:30,1.4041473758044438,IISC
2026-01-21 20:34:00,6.4760773317382885,IISC
2026-01-21 20:34:30,5.027731606117165,IISC
2026-01-21 20:35:00,5.486034429592486,IISC
2026-01-21 20:35:30,4.345037181929572,IISC
2026-01-21 20:36:00,5.048980805452772,IISC
2026-01-21 20:36:30,6.587593149229792,IISC
2026-01-21 20:37:00,9.066270279961781,IISC
2026-01-21 20:37:30,6.824394281594129,IISC
2026-01-21 20:38:00,7.983410851306879,IISC
2026-01-21 20:38:30,7.170671303120892,IISC
2026-01-21 20:39:00,3.227159080622208,IISC
2026-01-21 20:39:30,1.5183830918241457,IISC
2026-01-21 20:40:00,4.652725661769146,IISC
2026-01-21 20:40:30,6.171108766892079,IISC
2026-01-21 20:41:00,6.761326654419702,IISC
2026-01-21 20:41:30,9.568431461504824,IISC
2026-01-21 20:42:00,10.520395791221874,IISC
2026-01-21 20:42:30,9.706466289646267,IISC
2026-01-21 20:43:00,12.24583112304172,IISC
2026-01-21 20:43:30,10.186018325755985,IISC
2026-01-21 20:44:00,8.818759562657913,IISC
2026-01-21 20:44:30,6.823204314905721,IISC
2026-01-21 20:45:00,8.171423806038115,IISC
2026-01-21 20:45:30,8.82708923195234,IISC
2026-01-21 20:46:00,7.588345661012874,IISC
2026-01-21 20:46:30,4.594814494357604,IISC
2026-01-21 20:47:00,6.232193144327709,IISC
2026-01-21 20:47:30,4.738878429031539,IISC
2026-01-21 20:48:00,2.6159979717676975,IISC
2026-01-21 20:48:30,4.716983251199054,IISC
2026-01-21 20:49:00,1.3803482831875935,IISC
2026-01-21 20:49:30,2.5931508312235145,IISC
2026-01-21 20:50:00,3.367097827980944,IISC
2026-01-21 20:50:30,3.7945298125336877,IISC
2026-01-21 20:51:00,4.558851391595866,IISC
2026-01-21 20:51:30,5.158588928405113,IISC
2026-01-21 20:52:00,3.130904904654778,IISC
2026-01-21 20:52:30,3.2980275271421617,IISC
2026-01-21 20:53:00,2.9722441808188056,IISC
2026-01-21 20:53:30,1.7420947216336595,IISC
2026-01-21 20:54:00,5.304556792442825,IISC
2026-01-21 20:54:30,4.174892455595529,IISC
2026-01-21 20:55:00,4.917424623761205,IISC
2026-01-21 20:55:30,5.267535953334754,IISC
2026-01-21 20:56:00,4.638181763364806,IISC
2026-01-21 20:56:30,4.935406177112267,IISC
2026-01-21 20:57:00,6.004779435828396,IISC
2026-01-21 20:57:30,6.110553247778661,IISC
2026-01-21 20:58:00,6.299888376883194,IISC
2026-01-21 20:58:30,2.3534673661333105,IISC
2026-01-21 20:59:00,-1.0090821884657237,IISC
2026-01-21 20:59:30,0.6113726523804145,IISC
2026-01-21 21:00:00,-2.487482789361536,IISC
2026-01-21 21:00:30,2.5236574433329233,IISC
2026-01-21 21:01:00,7.3596362285431,IISC
2026-01-21 21:01:30,8.491521818416341,IISC
2026-01-21 21:02:00,2.1228804466248112,IISC
2026-01-21 21:02:30,2.833997801566225,IISC
2026-01-21 21:03:00,0.6235366294260974,IISC
2026-01-21 21:03:30,-1.7497104394828074,IISC
2026-01-21 21:04:00,1.4860163179568842,IISC
2026-01-21 21:04:30,4.940694864360454,IISC
2026-01-21 21:05:00,2.3542077827578565,IISC
2026-01-21 21:05:30,5.274834354220384,IISC
2026-01-21 21:06:00,1.5926363260769028,IISC
2026-01-21 21:06:30,-1.292767564764965,IISC
2026-01-21 21:07:00,-0.5064450243847155,IISC
2026-01-21 21:07:30,4.00015409516305,IISC
2026-01-21 21:08:00,5.608127640029798,IISC
2026-01-21 21:08:30,1.9409494857359333,IISC
2026-01-21 21:09:00,10.460898019783388,IISC
2026-01-21 21:09:30,11.0094674588815,IISC
2026-01-21 21:10:00,13.362859280440134,IISC
2026-01-21 21:10:30,11.109423717127294,IISC
2026-01-21 21:11:00,7.773468727040916,IISC
2026-01-21 21:11:30,6.064012788308554,IISC
2026-01-21 21:12:00,6.146969670620693,IISC
2026-01-21 21:12:30,2.1645288994872502,IISC
2026-01-21 21:13:00,3.300143007715586,IISC
2026-01-21 21:13:30,5.148011541299514,IISC
2026-01-21 21:14:00,6.113726472579181,IISC
2026-01-21 21:14:30,7.2691996078000045,IISC
2026-01-21 21:15:00,3.3004603317717907,IISC
2026-01-21 21:15:30,1.3993875657922978,IISC
2026-01-21 21:16:00,1.7116318636343677,IISC
2026-01-21 21:16:30,0.3712660919636019,IISC
2026-01-21 21:17:00,0.7890726501522524,IISC
2026-01-21 21:17:30,5.386002632964045,IISC
2026-01-21 21:18:00,6.892221739566216,IISC
2026-01-21 21:18:30,5.423023468131735,IISC
2026-01-21 21:19:00,5.034833559163402,IISC
2026-01-21 21:19:30,3.1108078746706735,IISC
2026-01-21 21:20:00,4.800015688359007,IISC
2026-01-21 21:20:30,6.184594929935185,IISC
2026-01-21 21:21:00,4.743955563493928,IISC
2026-01-21 21:21:30,2.40106559234698,IISC
2026-01-21 21:22:00,3.817376955836137,IISC
2026-01-21 21:22:30,-0.6314696823645174,IISC
2026-01-21 21:23:00,0.32366786969031325,IISC
2026-01-21 21:23:30,0.8324399191594534,IISC
2026-01-21 21:24:00,0.7541673034387526,IISC
2026-01-21 21:24:30,-3.3889930105418866,IISC
2026-01-21 21:25:00,2.5565530913824333,IISC
2026-01-21 21:25:30,6.934531264346324,IISC
2026-01-21 21:26:00,5.806982412012833,IISC
2026-01-21 21:26:30,-0.056060124865080496,IISC
2026-01-21 21:27:00,-1.5844917420247806,IISC
2026-01-21 21:27:30,4.266915675341585,IISC
2026-01-21 21:28:00,6.744138410716606,IISC
2026-01-21 21:28:30,7.546961645192304,IISC
2026-01-21 21:29:00,6.078821114044536,IISC
2026-01-21 21:29:30,0.4283839492346314,IISC
2026-01-21 21:30:00,4.032758890738743,IISC
2026-01-21 21:30:30,6.0378337478761965,IISC
2026-01-21 21:31:00,14.160469385147072,IISC
2026-01-21 21:31:30,8.640266243909513,IISC
2026-01-21 21:32:00,7.036206348447107,IISC
2026-01-21 21:32:30,7.864415317295759,IISC
2026-01-21 21:33:00,11.585405879136077,IISC
2026-01-21 21:33:30,11.375973727928207,IISC
2026-01-21 21:34:00,4.118435676645288,IISC
2026-01-21 21:34:30,3.293796572398432,IISC
2026-01-21 21:35:00,11.469810218918484,IISC
2026-01-21 21:35:30,12.967114102848567,IISC
2026-01-21 21:36:00,4.771721200213197,IISC
2026-01-21 21:36:30,7.604835033491204,IISC
2026-01-21 21:37:00,5.653308171344994,IISC
2026-01-21 21:37:30,5.749864546298129,IISC
2026-01-21 21:38:00,4.012529647651729,IISC
2026-01-21 21:38:30,2.7880655306865187,IISC
2026-01-21 21:39:00,1.6064397978087241,IISC
2026-01-21 21:39:30,6.3174732776267355,IISC
2026-01-21 21:40:00,9.567241503682274,IISC
2026-01-21 21:40:30,11.880514820683425,IISC
2026-01-21 21:41:00,9.207874968272089,IISC
2026-01-21 21:41:30,7.301566397625813,IISC
2026-01-21 21:42:00,6.841053651213489,IISC
2026-01-21 21:42:30,6.003325046381999,IISC
2026-01-21 21:43:00,5.182255811169868,IISC
2026-01-21 21:43:30,5.749864553264161,IISC
2026-01-21 21:44:00,6.8279641417629975,IISC
2026-01-21 21:44:30,9.755254458413509,IISC
2026-01-21 21:45:00,7.012407231892438,IISC
2026-01-21 21:45:30,7.618094544515652,IISC
2026-01-21 21:46:00,8.297559078118686,IISC
2026-01-21 21:46:30,9.013912242159812,IISC
2026-01-21 21:47:00,5.548762084649504,IISC
2026-01-21 21:47:30,3.907284702889532,IISC
2026-01-21 21:48:00,4.2965323363830485,IISC
2026-01-21 21:48:30,3.1954269242308864,IISC
2026-01-21 21:49:00,4.772514500010207,IISC
2026-01-21 21:49:30,3.9231507599056403,IISC
2026-01-21 21:50:00,5.140607378994434,IISC
2026-01-21 21:50:30,2.901375727403182,IISC
2026-01-21 21:51:00,5.374367501631352,IISC
2026-01-21 21:51:30,8.094869998581414,IISC
2026-01-21 21:52:00,4.791553797588361,IISC
2026-01-21 21:52:30,4.495387108366086,IISC
2026-01-21 21:53:00,7.05828662964765,IISC
2026-01-21 21:53:30,7.85370570575865,IISC
2026-01-21 21:54:00,6.45537587985903,IISC
2026-01-21 21:54:30,3.371011461131209,IISC
2026-01-21 21:55:00,2.6348257110435176,IISC
2026-01-21 21:55:30,1.9377762806373215,IISC
2026-01-21 21:56:00,5.6187050153142515,IISC
2026-01-21 21:56:30,2.62319059547235,IISC
2026-01-21 21:57:00,3.8120882583429556,IISC
2026-01-21 21:57:30,5.407157387473337,IISC
2026-01-21 21:58:00,7.714084283441214,IISC
2026-01-21 21:58:30,7.350222357723074,IISC
2026-01-21 21:59:00,8.797208138301936,IISC
2026-01-21 21:59:30,6.22584671836896,IISC
2026-01-21 22:00:00,6.016414564698349,IISC
2026-01-21 22:00:30,1.9301076739021574,IISC
2026-01-21 22:01:00,8.312008544432587,IISC
2026-01-21 22:01:30,10.733397807031544,IISC
2026-01-21 22:02:00,9.975396216725558,IISC
2026-01-21 22:02:30,13.03120170780296,IISC
2026-01-21 22:03:00,6.673269947168573,IISC
2026-01-21 22:03:30,2.6036224361241502,IISC
2026-01-21 22:04:00,9.408580774920825,IISC
2026-01-21 22:04:30,11.790607081510794,IISC
2026-01-21 22:05:00,11.565176636049065,IISC
2026-01-21 22:05:30,11.48425967256687,IISC
2026-01-21 22:06:00,10.644151152090275,IISC
2026-01-21 22:06:30,9.867110267653969,IISC
2026-01-21 22:07:00,11.678222411977934,IISC
2026-01-21 22:07:30,9.220964477722582,IISC
2026-01-21 22:08:00,10.302633944122,IISC
2026-01-21 22:08:30,15.16584949590809,IISC
2026-01-21 22:09:00,13.369810129982774,IISC
2026-01-21 22:09:30,11.199331451233721,IISC
2026-01-21 22:10:00,10.516032616972119,IISC
2026-01-21 22:10:30,9.796770676008393,IISC
2026-01-21 22:11:00,10.79316001255662,IISC
2026-01-21 22:11:30,8.229202750988343,IISC
2026-01-21 22:12:00,8.05150274533574,IISC
2026-01-21 22:12:30,10.37852666340696,IISC
2026-01-21 22:13:00,8.575083131236184,IISC
2026-01-21 22:13:30,10.006202842977792,IISC
2026-01-21 22:14:00,11.611849343452244,IISC
2026-01-21 22:14:30,12.955176780833119,IISC
2026-01-21 22:15:00,10.647192152459288,IISC
2026-01-21 22:15:30,16.94708052934248,IISC
2026-01-21 22:16:00,12.808151168627928,IISC
2026-01-21 22:16:30,17.676787622636795,IISC
2026-01-21 22:17:00,15.628874363680211,IISC
2026-01-21 22:17:30,12.980033623390613,IISC
2026-01-21 22:18:00,9.876629908069736,IISC
2026-01-21 22:18:30,10.64772101669207,IISC
2026-01-21 22:19:00,11.116563454563469,IISC
2026-01-21 22:19:30,12.123265733294662,IISC
2026-01-21 22:20:00,12.301759038744272,IISC
2026-01-21 22:20:30,7.487728315228612,IISC
2026-01-21 22:21:00,7.409455691627149,IISC
2026-01-21 22:21:30,6.317869930234254,IISC
2026-01-21 22:22:00,11.755701722976148,IISC
2026-01-21 22:22:30,10.38698855811799,IISC
2026-01-21 22:23:00,13.870120270457003,IISC
2026-01-21 22:23:30,13.632129189135972,IISC
2026-01-21 22:24:00,10.927360537576751,IISC
2026-01-21 22:24:30,13.653548385612606,IISC
2026-01-21 22:25:00,12.197042972006196,IISC
2026-01-21 22:25:30,16.126275736097693,IISC
2026-01-21 22:26:00,15.871625267425589,IISC
2026-01-21 22:26:30,13.678537455556897,IISC
2026-01-21 22:27:00,16.868807914606876,IISC
2026-01-21 22:27:30,17.09132957083231,IISC
2026-01-21 22:28:00,12.983603496858269,IISC
2026-01-21 22:28:30,15.262368103499362,IISC
2026-01-21 22:29:00,17.000892958068487,IISC
2026-01-21 22:29:30,17.008032696137942,IISC
2026-01-21 22:30:00,15.827596921082694,IISC
2026-01-21 22:30:30,14.923230811176191,IISC
2026-01-21 22:31:00,13.572631413264553,IISC
2026-01-21 22:31:30,15.43253172192283,IISC
2026-01-21 22:32:00,12.308898772380795,IISC
2026-01-21 22:32:30,10.55456450856643,IISC
2026-01-21 22:33:00,15.461260647910466,IISC
2026-01-21 22:33:30,17.969006680547153,IISC
2026-01-21 22:34:00,14.68064990203874,IISC
2026-01-21 22:34:30,12.827039356510456,IISC
2026-01-21 22:35:00,9.609399924536598,IISC
2026-01-21 22:35:30,13.01607227128994,IISC
2026-01-21 22:36:00,10.864632885052837,IISC
2026-01-21 22:36:30,11.482049744563659,IISC
2026-01-21 22:37:00,10.467527780995093,IISC
2026-01-21 22:37:30,11.195100508100042,IISC
2026-01-21 22:38:00,10.963909168666579,IISC
2026-01-21 22:38:30,12.919515896336806,IISC
2026-01-21 22:39:00,9.96842645933197,IISC
2026-01-21 22:39:30,9.18781571852645,IISC
2026-01-21 22:40:00,11.853315835401437,IISC
2026-01-21 22:40:30,13.177906210919845,IISC
2026-01-21 22:41:00,12.268100302690398,IISC
2026-01-21 22:41:30,11.351494645607348,IISC
2026-01-21 22:42:00,10.976148709510372,IISC
2026-01-21 22:42:30,10.138420099612675,IISC
2026-01-21 22:43:00,11.161101773964456,IISC
2026-01-21 22:43:30,12.292239393895576,IISC
2026-01-21 22:44:00,14.961309372839256,IISC
2026-01-21 22:44:30,11.843626203544122,IISC
2026-01-21 22:45:00,11.759139371027201,IISC
2026-01-21 22:45:30,7.724000577942142,IISC
2026-01-21 22:46:00,12.930055492367892,IISC
2026-01-21 22:46:30,16.416624850787766,IISC
2026-01-21 22:47:00,16.391635776410542,IISC
2026-01-21 22:47:30,14.92085089553109,IISC
2026-01-21 22:48:00,15.238229004061598,IISC
2026-01-21 22:48:30,13.18589591886255,IISC
2026-01-21 22:49:00,13.456015790465605,IISC
2026-01-21 22:49:30,13.777303742048074,IISC
2026-01-21 22:50:00,9.758824323015308,IISC
2026-01-21 22:50:30,11.216519707743057,IISC
2026-01-21 22:51:00,14.678099991785711,IISC
2026-01-21 22:51:30,14.33301291478271,IISC
2026-01-21 22:52:00,11.208190020716913,IISC
2026-01-21 22:52:30,9.83855133310788,IISC
2026-01-21 22:53:00,13.444116234404733,IISC
2026-01-21 22:53:30,18.50142674018244,IISC
2026-01-21 22:54:00,17.194855684180766,IISC
2026-01-21 22:54:30,16.038219030113115,IISC
2026-01-21 22:55:00,14.25447585807976,IISC
2026-01-21 22:55:30,12.044728663292922,IISC
2026-01-21 22:56:00,12.72300326123805,IISC
2026-01-21 22:56:30,10.965439116971535,IISC
2026-01-21 22:57:00,10.613212319630804,IISC
2026-01-21 22:57:30,14.807805128468077,IISC
2026-01-21 22:58:00,15.898994253014983,IISC
2026-01-21 22:58:30,16.854528438467973,IISC
2026-01-21 22:59:00,15.471800245841376,IISC
2026-01-21 22:59:30,15.045796223087898,IISC
2026-01-21 23:00:00,18.625182096617912,IISC
2026-01-21 23:00:30,18.18727850007184,IISC
2026-01-21 23:01:00,16.410675074973796,IISC
2026-01-21 23:01:30,13.513133641826062,IISC
2026-01-21 23:02:00,13.179946129749789,IISC
2026-01-21 23:02:30,13.088319563596347,IISC
2026-01-21 23:03:00,14.862543077482222,IISC
2026-01-21 23:03:30,13.841561340343844,IISC
2026-01-21 23:04:00,13.227544353993268,IISC
2026-01-21 23:04:30,15.6943219153656,IISC
2026-01-21 23:05:00,15.90018419753875,IISC
2026-01-21 23:05:30,14.47580756978143,IISC
2026-01-21 23:06:00,16.78789094225882,IISC
2026-01-21 23:06:30,21.002713007481898,IISC
2026-01-21 23:07:00,17.71605616428706,IISC
2026-01-21 23:07:30,13.823712012901936,IISC
2026-01-21 23:08:00,12.545699895879274,IISC
2026-01-21 23:08:30,15.22547949079299,IISC
2026-01-21 23:09:00,14.714988622223803,IISC
2026-01-21 23:09:30,13.525033197886932,IISC
2026-01-21 23:10:00,16.75814204989018,IISC
2026-01-21 23:10:30,13.014542329317742,IISC
2026-01-21 23:11:00,13.934377864319838,IISC
2026-01-21 23:11:30,15.290927024746663,IISC
2026-01-21 23:12:00,13.739225171519152,IISC
2026-01-21 23:12:30,11.898364156991196,IISC
2026-01-21 23:13:00,15.150512289825976,IISC
2026-01-21 23:13:30,15.258798243330494,IISC
2026-01-21 23:14:00,16.931875541781302,IISC
2026-01-21 23:14:30,15.520588419041548,IISC
2026-01-21 23:15:00,13.020492113997571,IISC
2026-01-21 23:15:30,11.096334202610596,IISC
2026-01-21 23:16:00,12.688494550877992,IISC
2026-01-21 23:16:30,13.854650858660195,IISC
2026-01-21 23:17:00,11.369627302462002,IISC
2026-01-21 23:17:30,11.901669590954242,IISC
2026-01-21 23:18:00,11.445784433668898,IISC
2026-01-21 23:18:30,7.387243181069618,IISC
2026-01-21 23:19:00,7.87168725516933,IISC
2026-01-21 23:19:30,13.733672055700914,IISC
2026-01-21 23:20:00,16.702743023540346,IISC
2026-01-21 23:20:30,16.62658588051231,IISC
2026-01-21 23:21:00,16.17598942466053,IISC
2026-01-21 23:21:30,16.759860884751756,IISC
2026-01-21 23:22:00,18.295696664216536,IISC
2026-01-21 23:22:30,12.967869640631378,IISC
2026-01-21 23:23:00,12.434769607912049,IISC
2026-01-21 23:23:30,15.842801912091709,IISC
2026-01-21 23:24:00,15.20181259866983,IISC
2026-01-21 23:24:30,12.956234505358301,IISC
2026-01-21 23:25:00,8.320168246209212,IISC
2026-01-21 23:25:30,13.014410114737188,IISC
2026-01-21 23:26:00,14.00762623042528,IISC
2026-01-21 23:26:30,15.218736411734179,IISC
2026-01-21 23:27:00,16.558890628254908,IISC
2026-01-21 23:27:30,15.490575109825496,IISC
2026-01-21 23:28:00,17.253824597789592,IISC
2026-01-21 23:28:30,14.120804204680626,IISC
2026-01-21 23:29:00,12.319476157023656,IISC
2026-01-21 23:29:30,12.244376750341948,IISC
2026-01-21 23:30:00,11.341068362005343,IISC
2026-01-21 23:30:30,14.277349451883557,IISC
2026-01-21 23:31:00,17.152281731224647,IISC
2026-01-21 23:31:30,17.096221602419188,IISC
2026-01-21 23:32:00,13.700882161978164,IISC
2026-01-21 23:32:30,13.465006566648588,IISC
2026-01-21 23:33:00,12.028598169234943,IISC
2026-01-21 23:33:30,10.93172371034887,IISC
2026-01-21 23:34:00,13.016525595310616,IISC
2026-01-21 23:34:30,13.964258969298838,IISC
2026-01-21 23:35:00,14.352448870386407,IISC
2026-01-21 23:35:30,15.603647312810438,IISC
2026-01-21 23:36:00,14.864922996673666,IISC
2026-01-21 23:36:30,11.739624105293476,IISC
2026-01-21 23:37:00,12.636797596814839,IISC
2026-01-21 23:37:30,12.012732092516927,IISC
2026-01-21 23:38:00,14.207538738754645,IISC
2026-01-21 23:38:30,13.732614303593056,IISC
2026-01-21 23:39:00,14.553419107181343,IISC
2026-01-21 23:39:30,14.211769688080352,IISC
2026-01-21 23:40:00,10.0654361690011,IISC
2026-01-21 23:40:30,8.505272418107275,IISC
2026-01-21 23:41:00,12.170335072125805,IISC
2026-01-21 23:41:30,15.288547128803467,IISC
2026-01-21 23:42:00,15.826935839314068,IISC
2026-01-21 23:42:30,12.302552336078545,IISC
2026-01-21 23:43:00,13.156147029449198,IISC
2026-01-21 23:43:30,16.39705669537995,IISC
2026-01-21 23:44:00,16.612835276486948,IISC
2026-01-21 23:44:30,14.408508979489962,IISC
2026-01-21 23:45:00,12.666414261796682,IISC
2026-01-21 23:45:30,9.440312924416478,IISC
2026-01-21 23:46:00,15.576992307234093,IISC
2026-01-21 23:46:30,15.764529284155822,IISC
2026-01-21 23:47:00,13.951989199310654,IISC
2026-01-21 23:47:30,11.49782516514638,IISC
2026-01-21 23:48:00,12.40314323953775,IISC
2026-01-21 23:48:30,9.964210633585047,IISC
2026-01-21 23:49:00,11.39786891019362,IISC
2026-01-21 23:49:30,9.502507924030656,IISC
2026-01-21 23:50:00,11.819589097198115,IISC
2026-01-21 23:50:30,12.571640933854777,IISC
2026-01-21 23:51:00,14.249954038745537,IISC
2026-01-21 23:51:30,18.263435657974828,IISC
2026-01-21 23:52:00,15.569376598447823,IISC
2026-01-21 23:52:30,13.654024366968457,IISC
2026-01-21 23:53:00,15.983481083758736,IISC
2026-01-21 23:53:30,13.930094028570855,IISC
2026-01-21 23:54:00,13.48933454477628,IISC
2026-01-21 23:54:30,13.13615577231165,IISC
2026-01-21 23:55:00,13.032391655873067,IISC
2026-01-21 23:55:30,11.532095879508997,IISC
2026-01-21 23:56:00,8.760927719758792,IISC
2026-01-21 23:56:30,10.960917287884868,IISC
2026-01-21 23:57:00,13.535028832957337,IISC
2026-01-21 23:57:30,12.764889687046697,IISC
2026-01-21 23:58:00,10.719118344191434,IISC
2026-01-21 23:58:30,13.973884377143142,IISC
2026-01-21 23:59:00,15.279027489077269,IISC
2026-01-21 23:59:30,17.28576827918702,IISC
