time,TEC,station
2026-01-01 00:00:00,4.109766002303119,IISC
2026-01-01 00:00:30,5.840981134327277,IISC
2026-01-01 00:01:00,7.211809764560245,IISC
2026-01-01 00:01:30,6.652870710740184,IISC
2026-01-01 00:02:00,6.865022755410052,IISC
2026-01-01 00:02:30,5.52819285931267,IISC
2026-01-01 00:03:00,5.381318353988549,IISC
2026-01-01 00:03:30,4.300158873946009,IISC
2026-01-01 00:04:00,8.287529457678799,IISC
2026-01-01 00:04:30,8.298409051791593,IISC
2026-01-01 00:05:00,4.891736699972045,IISC
2026-01-01 00:05:30,5.033171403173563,IISC
2026-01-01 00:06:00,7.519158257717069,IISC
2026-01-01 00:06:30,7.812907232901874,IISC
2026-01-01 00:07:00,6.238086258649839,IISC
2026-01-01 00:07:30,5.086209416874132,IISC
2026-01-01 00:08:00,4.400795094158339,IISC
2026-01-01 00:08:30,15.401592871731639,IISC
2026-01-01 00:09:00,19.391513378382967,IISC
2026-01-01 00:09:30,17.102039169070625,IISC
2026-01-01 00:10:00,12.701584060328486,IISC
2026-01-01 00:10:30,4.708653559739981,IISC
2026-01-01 00:11:00,1.7067360452703682,IISC
2026-01-01 00:11:30,3.000047575048979,IISC
2026-01-01 00:12:00,5.67914719469737,IISC
2026-01-01 00:12:30,5.6587479582689815,IISC
2026-01-01 00:13:00,4.523190512728672,IISC
2026-01-01 00:13:30,4.157364218947291,IISC
2026-01-01 00:14:00,9.639318808346786,IISC
2026-01-01 00:14:30,12.94535491968918,IISC
2026-01-01 00:15:00,7.247168440360626,IISC
2026-01-01 00:15:30,3.2244391706950473,IISC
2026-01-01 00:16:00,4.376316007404552,IISC
2026-01-01 00:16:30,7.772108770177508,IISC
2026-01-01 00:17:00,7.364124051742148,IISC
2026-01-01 00:17:30,7.190050586467065,IISC
2026-01-01 00:18:00,6.776626081107717,IISC
2026-01-01 00:18:30,7.717710804679738,IISC
2026-01-01 00:19:00,7.230849044125228,IISC
2026-01-01 00:19:30,8.035768884675917,IISC
2026-01-01 00:20:00,8.470102616620187,IISC
2026-01-01 00:20:30,4.2933591219260325,IISC
2026-01-01 00:21:00,4.7907604766118,IISC
2026-01-01 00:21:30,4.496841506185794,IISC
2026-01-01 00:22:00,6.8255842349837526,IISC
2026-01-01 00:22:30,5.683227048189149,IISC
2026-01-01 00:23:00,9.099589028066356,IISC
2026-01-01 00:23:30,7.87155505093228,IISC
2026-01-01 00:24:00,9.065080326572158,IISC
2026-01-01 00:24:30,8.25115082056362,IISC
2026-01-01 00:25:00,10.36213171999342,IISC
2026-01-01 00:25:30,9.368518955145648,IISC
2026-01-01 00:26:00,8.8556481620655,IISC
2026-01-01 00:26:30,10.251465868575515,IISC
2026-01-01 00:27:00,9.95159710017089,IISC
2026-01-01 00:27:30,7.8275266957235266,IISC
2026-01-01 00:28:00,5.442856042357157,IISC
2026-01-01 00:28:30,5.4595154252753035,IISC
2026-01-01 00:29:00,7.666882704417038,IISC
2026-01-01 00:29:30,7.303946308837986,IISC
2026-01-01 00:30:00,9.222154444410991,IISC
2026-01-01 00:30:30,7.689491863149154,IISC
2026-01-01 00:31:00,6.664940256976051,IISC
2026-01-01 00:31:30,7.718050788829384,IISC
2026-01-01 00:32:00,10.011094867176451,IISC
2026-01-01 00:32:30,10.227666760886702,IISC
2026-01-01 00:33:00,9.999195311115582,IISC
2026-01-01 00:33:30,9.237623860640728,IISC
2026-01-01 00:34:00,9.74930468259954,IISC
2026-01-01 00:34:30,7.996500365190301,IISC
2026-01-01 00:35:00,6.01641455583249,IISC
2026-01-01 00:35:30,2.5595940853483263,IISC
2026-01-01 00:36:00,5.627299141352456,IISC
2026-01-01 00:36:30,10.516825922187152,IISC
2026-01-01 00:37:00,10.080112296762426,IISC
2026-01-01 00:37:30,6.188958094333991,IISC
2026-01-01 00:38:00,6.670890032790021,IISC
2026-01-01 00:38:30,6.437658773893339,IISC
2026-01-01 00:39:00,7.214699662762576,IISC
2026-01-01 00:39:30,6.104471252951209,IISC
2026-01-01 00:40:00,5.042237721468483,IISC
2026-01-01 00:40:30,6.27132945218806,IISC
2026-01-01 00:41:00,7.942555720406097,IISC
2026-01-01 00:41:30,4.290185914364681,IISC
2026-01-01 00:42:00,2.5438602315841723,IISC
2026-01-01 00:42:30,2.034030453649465,IISC
2026-01-01 00:43:00,4.428749608216551,IISC
2026-01-01 00:43:30,2.7575233439388955,IISC
2026-01-01 00:44:00,5.085604986535302,IISC
2026-01-01 00:44:30,4.186527575107078,IISC
2026-01-01 00:45:00,4.57894842157997,IISC
2026-01-01 00:45:30,3.363607290945365,IISC
2026-01-01 00:46:00,3.36572277151879,IISC
2026-01-01 00:46:30,1.6458405486215153,IISC
2026-01-01 00:47:00,3.520152546029058,IISC
2026-01-01 00:47:30,5.608127640029797,IISC
2026-01-01 00:48:00,5.187147853100246,IISC
2026-01-01 00:48:30,5.522450846242489,IISC
2026-01-01 00:49:00,5.69697764679648,IISC
2026-01-01 00:49:30,3.3995703976474863,IISC
2026-01-01 00:50:00,2.3069268841467347,IISC
2026-01-01 00:50:30,6.37075684211996,IISC
2026-01-01 00:51:00,5.72236336245262,IISC
2026-01-01 00:51:30,1.3835214934087,IISC
2026-01-01 00:52:00,2.532225116013006,IISC
2026-01-01 00:52:30,0.7245506266357609,IISC
2026-01-01 00:53:00,2.5322251081322427,IISC
2026-01-01 00:53:30,5.336288934057714,IISC
2026-01-01 00:54:00,4.0289245876174355,IISC
2026-01-01 00:54:30,5.737171691003161,IISC
2026-01-01 00:55:00,1.0376411171012394,IISC
2026-01-01 00:55:30,2.1450929552121503,IISC
2026-01-01 00:56:00,1.2809208944378079,IISC
2026-01-01 00:56:30,1.9346030637175649,IISC
2026-01-01 00:57:00,1.5717988822265196,IISC
2026-01-01 00:57:30,3.9538251809357257,IISC
2026-01-01 00:58:00,7.268776529022999,IISC
2026-01-01 00:58:30,5.346866317222931,IISC
2026-01-01 00:59:00,3.9273817328736365,IISC
2026-01-01 00:59:30,1.8351756895471927,IISC
2026-01-01 01:00:00,-1.4892953053589677,IISC
2026-01-01 01:00:30,-1.9271988974721042,IISC
2026-01-01 01:01:00,-3.9358436354654285,IISC
2026-01-01 01:01:30,-1.1539923161571055,IISC
2026-01-01 01:02:00,-1.058795883431674,IISC
2026-01-01 01:02:30,1.5199697145679076,IISC
2026-01-01 01:03:00,3.964931432274109,IISC
2026-01-01 01:03:30,1.4974398953216623,IISC
2026-01-01 01:04:00,-1.3708286296700576,IISC
2026-01-01 01:04:30,-0.3268410826696877,IISC
2026-01-01 01:05:00,-3.715834097151957,IISC
2026-01-01 01:05:30,-1.437466137700356,IISC
2026-01-01 01:06:00,-4.227779359600472,IISC
2026-01-01 01:06:30,-4.261626973908022,IISC
2026-01-01 01:07:00,0.04442499747276843,IISC
2026-01-01 01:07:30,-1.5971845978826604,IISC
2026-01-01 01:08:00,-2.1514393811709,IISC
2026-01-01 01:08:30,-3.1869650216390943,IISC
2026-01-01 01:09:00,-4.955503203155988,IISC
2026-01-01 01:09:30,-4.072291856624636,IISC
2026-01-01 01:10:00,-3.736988863482392,IISC
2026-01-01 01:10:30,-2.0583584211381307,IISC
2026-01-01 01:11:00,-3.5889055188712553,IISC
2026-01-01 01:11:30,-5.833425856134543,IISC
2026-01-01 01:12:00,-7.4834973619625265,IISC
2026-01-01 01:12:30,-5.42302345631059,IISC
2026-01-01 01:13:00,-4.466828171849809,IISC
2026-01-01 01:13:30,-4.062772213746131,IISC
2026-01-01 01:14:00,-4.516541874696521,IISC
2026-01-01 01:14:30,-2.7949672630060864,IISC
2026-01-01 01:15:00,-3.6964774830043217,IISC
2026-01-01 01:15:30,0.6536821732201391,IISC
2026-01-01 01:16:00,-2.5332828562997194,IISC
2026-01-01 01:16:30,-0.5732940769260123,IISC
2026-01-01 01:17:00,-6.46288582919604,IISC
2026-01-01 01:17:30,-6.251549745472085,IISC
2026-01-01 01:18:00,-5.047314876026817,IISC
2026-01-01 01:18:30,-5.52520096941179,IISC
2026-01-01 01:19:00,-8.375382161901282,IISC
2026-01-01 01:19:30,-6.7737550638773065,IISC
2026-01-01 01:20:00,-4.661452002387903,IISC
2026-01-01 01:20:30,-5.077143087883893,IISC
2026-01-01 01:21:00,-3.1806185996207272,IISC
2026-01-01 01:21:30,-3.4080323002392783,IISC
2026-01-01 01:22:00,-3.8046840960378767,IISC
2026-01-01 01:22:30,-7.7651730246243265,IISC
2026-01-01 01:23:00,-10.320245290638434,IISC
2026-01-01 01:23:30,-9.341625970416992,IISC
2026-01-01 01:24:00,-6.41814350018034,IISC
2026-01-01 01:24:30,-7.860369462472252,IISC
2026-01-01 01:25:00,-7.073094966472995,IISC
2026-01-01 01:25:30,-4.9587821842534625,IISC
2026-01-01 01:26:00,-3.6783901666576595,IISC
2026-01-01 01:26:30,-6.090667774126701,IISC
2026-01-01 01:27:00,5.947873119127982,IISC
2026-01-01 01:27:30,1.8777496361001886,IISC
2026-01-01 01:28:00,1.3648788518858965,IISC
2026-01-01 01:28:30,-0.03569865488382096,IISC
2026-01-01 01:29:00,1.1102284009455081,IISC
2026-01-01 01:29:30,0.2665500158671179,IISC
2026-01-01 01:30:00,0.9329250355867307,IISC
2026-01-01 01:30:30,0.22609152969308965,IISC
2026-01-01 01:31:00,0.47836207385423446,IISC
2026-01-01 01:31:30,-0.07734709444747123,IISC
2026-01-01 01:32:00,-1.0067022742982634,IISC
2026-01-01 01:32:30,-0.4747922092524388,IISC
2026-01-01 01:33:00,-0.7574916159813421,IISC
2026-01-01 01:33:30,1.9528868190096171,IISC
2026-01-01 01:34:00,2.8640526841024743,IISC
2026-01-01 01:34:30,-0.1550341907763068,IISC
2026-01-01 01:35:00,-3.0408460529719616,IISC
2026-01-01 01:35:30,-4.9189356903202395,IISC
2026-01-01 01:36:00,-3.4515506648693153,IISC
2026-01-01 01:36:30,-1.6672975242107932,IISC
2026-01-01 01:37:00,-8.940135007881207,IISC
2026-01-01 01:37:30,-10.019424567501382,IISC
2026-01-01 01:38:00,-9.67790735066725,IISC
2026-01-01 01:38:30,-11.331945381585312,IISC
2026-01-01 01:39:00,-12.99074323492772,IISC
2026-01-01 01:39:30,-14.402030339935756,IISC
2026-01-01 01:40:00,-14.221157123273972,IISC
2026-01-01 01:40:30,-13.36914904230358,IISC
2026-01-01 01:41:00,-9.41730713277875,IISC
2026-01-01 01:41:30,-6.895791613526418,IISC
2026-01-01 01:42:00,-6.190148047723612,IISC
2026-01-01 01:42:30,-11.637763930236835,IISC
2026-01-01 01:43:00,-14.869682815551673,IISC
2026-01-01 01:43:30,-15.737160303885943,IISC
2026-01-01 01:44:00,-10.70721879699642,IISC
2026-01-01 01:44:30,-9.287601978364663,IISC
2026-01-01 01:45:00,-9.648158476030329,IISC
2026-01-01 01:45:30,-11.464030429479855,IISC
2026-01-01 01:46:00,-14.482947303417955,IISC
2026-01-01 01:46:30,-12.78250101937775,IISC
2026-01-01 01:47:00,-5.645148465627988,IISC
2026-01-01 01:47:30,-5.165086469125693,IISC
2026-01-01 01:48:00,-3.859535373172265,IISC
2026-01-01 01:48:30,-5.132447686787307,IISC
2026-01-01 01:49:00,-8.121615687988312,IISC
2026-01-01 01:49:30,-7.719070756476939,IISC
2026-01-01 01:50:00,-6.685509488012365,IISC
2026-01-01 01:50:30,-9.431246603869909,IISC
2026-01-01 01:51:00,-12.17154391760485,IISC
2026-01-01 01:51:30,-11.582685969842194,IISC
2026-01-01 01:52:00,-12.393215614722722,IISC
2026-01-01 01:52:30,-7.388603143562142,IISC
2026-01-01 01:53:00,-6.166008950185675,IISC
2026-01-01 01:53:30,-5.214044617302245,IISC
2026-01-01 01:54:00,-9.67195757485328,IISC
2026-01-01 01:54:30,-17.397148101752116,IISC
2026-01-01 01:55:00,-22.794785862108476,IISC
2026-01-01 01:55:30,-14.569134077581205,IISC
2026-01-01 01:56:00,-15.662533098467534,IISC
2026-01-01 01:56:30,-13.725965665560908,IISC
2026-01-01 01:57:00,-13.785803433181282,IISC
2026-01-01 01:57:30,-11.72956047010011,IISC
2026-01-01 01:58:00,-22.277155251036902,IISC
2026-01-01 01:58:30,-14.963689292917293,IISC
2026-01-01 01:59:00,-16.4749326644037,IISC
2026-01-01 01:59:30,-18.64779125535003,IISC
2026-01-01 02:00:00,-20.250661179691097,IISC
2026-01-01 02:00:30,-21.17406657486206,IISC
2026-01-01 02:01:00,-23.381433876168444,IISC
2026-01-01 02:01:30,-24.8795877293385,IISC
2026-01-01 02:02:00,-20.613597579703075,IISC
2026-01-01 02:02:30,-17.13297800596303,IISC
2026-01-01 02:03:00,-17.04730121119063,IISC
2026-01-01 02:03:30,-19.02976693619354,IISC
2026-01-01 02:04:00,-14.575933826434806,IISC
2026-01-01 02:04:30,-16.290829562223564,IISC
2026-01-01 02:05:00,-14.603132801584382,IISC
2026-01-01 02:05:30,-14.095871814733894,IISC
2026-01-01 02:06:00,-13.920438392595404,IISC
2026-01-01 02:06:30,-17.62085972466596,IISC
2026-01-01 02:07:00,-17.015682400932725,IISC
2026-01-01 02:07:30,-16.636256624642762,IISC
2026-01-01 02:08:00,-15.523818298860423,IISC
2026-01-01 02:08:30,-14.849283580389836,IISC
2026-01-01 02:09:00,-15.280387423649373,IISC
2026-01-01 02:09:30,-14.85880322270543,IISC
2026-01-01 02:10:00,-15.46398054137246,IISC
2026-01-01 02:10:30,-19.247358781086184,IISC
2026-01-01 02:11:00,-17.54742248466941,IISC
2026-01-01 02:11:30,-14.797605523552674,IISC
2026-01-01 02:12:00,-15.672052761047949,IISC
2026-01-01 02:12:30,-17.480784973261645,IISC
2026-01-01 02:13:00,-17.639899009297146,IISC
2026-01-01 02:13:30,-17.599100541506576,IISC
2026-01-01 02:14:00,-19.288157248876754,IISC
2026-01-01 02:14:30,-20.856178499606212,IISC
2026-01-01 02:15:00,-20.434594298662272,IISC
2026-01-01 02:15:30,-19.74917997594648,IISC
2026-01-01 02:16:00,-22.535715559594593,IISC
2026-01-01 02:16:30,-20.460433322014644,IISC
2026-01-01 02:17:00,-20.3801963331645,IISC
2026-01-01 02:17:30,-16.505701520620242,IISC
2026-01-01 02:18:00,-20.66170578777033,IISC
2026-01-01 02:18:30,-22.205247946679798,IISC
2026-01-01 02:19:00,-22.055653547893684,IISC
2026-01-01 02:19:30,-21.159447122172818,IISC
2026-01-01 02:20:00,-19.747820024149274,IISC
2026-01-01 02:20:30,-23.599195716935554,IISC
2026-01-01 02:21:00,-27.891194885164566,IISC
2026-01-01 02:21:30,-28.270620671586943,IISC
2026-01-01 02:22:00,-28.77380181317823,IISC
2026-01-01 02:22:30,-27.402973182945257,IISC
2026-01-01 02:23:00,-24.22477227709718,IISC
2026-01-01 02:23:30,-27.043946632951272,IISC
2026-01-01 02:24:00,-24.647716414639717,IISC
2026-01-01 02:24:30,-22.866183177575596,IISC
2026-01-01 02:25:00,-22.67103050419536,IISC
2026-01-01 02:25:30,-26.919964606483976,IISC
2026-01-01 02:26:00,-28.524024506379316,IISC
2026-01-01 02:26:30,-28.838172721369975,IISC
2026-01-01 02:27:00,-29.598157586534693,IISC
2026-01-01 02:27:30,-31.010238014489484,IISC
2026-01-01 02:28:00,-27.936979847100048,IISC
2026-01-01 02:28:30,-31.787448891000615,IISC
2026-01-01 02:29:00,-34.240796958139526,IISC
2026-01-01 02:29:30,-34.03544464712465,IISC
2026-01-01 02:30:00,-32.84956909654438,IISC
2026-01-01 02:30:30,-32.392626199535236,IISC
2026-01-01 02:31:00,-33.50914437564297,IISC
2026-01-01 02:31:30,-36.77982181625119,IISC
2026-01-01 02:32:00,-40.59855873683149,IISC
2026-01-01 02:32:30,-38.78846655255578,IISC
2026-01-01 02:33:00,-38.48434794618387,IISC
2026-01-01 02:33:30,-36.26389114872578,IISC
2026-01-01 02:34:00,-38.22969749081055,IISC
2026-01-01 02:34:30,-37.65256911716635,IISC
2026-01-01 02:35:00,-39.041247081173985,IISC
2026-01-01 02:35:30,-41.15579784520558,IISC
2026-01-01 02:36:00,-43.17039235162466,IISC
2026-01-01 02:36:30,-30.666340890876107,IISC
2026-01-01 02:37:00,-32.91484665108874,IISC
2026-01-01 02:37:30,-37.54275322422273,IISC
2026-01-01 02:38:00,-39.70915204983182,IISC
2026-01-01 02:38:30,-37.35644021810385,IISC
2026-01-01 02:39:00,-33.60298086220032,IISC
2026-01-01 02:39:30,-33.360909923587855,IISC
2026-01-01 02:40:00,-35.51098936309396,IISC
2026-01-01 02:40:30,-38.41040071793061,IISC
2026-01-01 02:41:00,-37.87866064432633,IISC
2026-01-01 02:41:30,-36.839659573739155,IISC
2026-01-01 02:42:00,-37.458436390113384,IISC
2026-01-01 02:42:30,-39.82746761807675,IISC
2026-01-01 02:43:00,-37.79434381021699,IISC
2026-01-01 02:43:30,-37.30204224753988,IISC
2026-01-01 02:44:00,-39.2671686225919,IISC
2026-01-01 02:44:30,-36.885897848718535,IISC
2026-01-01 02:45:00,-40.94670567751408,IISC
2026-01-01 02:45:30,-44.45265431801357,IISC
2026-01-01 02:46:00,-38.38864153983743,IISC
2026-01-01 02:46:30,-35.475630692359786,IISC
2026-01-01 02:47:00,-36.80158099434437,IISC
2026-01-01 02:47:30,-33.49282499460619,IISC
2026-01-01 02:48:00,-39.60171607633296,IISC
2026-01-01 02:48:30,-41.90189988831656,IISC
2026-01-01 02:49:00,-45.73950608182169,IISC
2026-01-01 02:49:30,-43.76774996835587,IISC
2026-01-01 02:50:00,-45.52610741635978,IISC
2026-01-01 02:50:30,-50.601135023670246,IISC
2026-01-01 02:51:00,-49.6851337952373,IISC
2026-01-01 02:51:30,-52.20360831116532,IISC
2026-01-01 02:52:00,-51.863968587181986,IISC
2026-01-01 02:52:30,-49.20915163555052,IISC
2026-01-01 02:53:00,-49.857545111277474,IISC
2026-01-01 02:53:30,-51.60069757713823,IISC
2026-01-01 02:54:00,-49.74727592478078,IISC
2026-01-01 02:54:30,-47.253129377819064,IISC
2026-01-01 02:55:00,-42.838394801803865,IISC
2026-01-01 02:55:30,-48.08490820240364,IISC
2026-01-01 02:56:00,-49.875791103640594,IISC
2026-01-01 02:56:30,-48.330039017361194,IISC
2026-01-01 02:57:00,-48.22770286183529,IISC
2026-01-01 02:57:30,-52.670996359097785,IISC
2026-01-01 02:58:00,-52.85900930496315,IISC
2026-01-01 02:58:30,-51.10144517399543,IISC
2026-01-01 02:59:00,-47.42527625336954,IISC
2026-01-01 02:59:30,-50.014619232564144,IISC
2026-01-01 03:00:00,-51.4917505522086,IISC
2026-01-01 03:00:30,-46.13853780705671,IISC
2026-01-01 03:01:00,-46.1686833461223,IISC
2026-01-01 03:01:30,-46.87948338400169,IISC
2026-01-01 03:02:00,-46.7997563561774,IISC
2026-01-01 03:02:30,-48.29077049344266,IISC
2026-01-01 03:03:00,-52.74834345797817,IISC
2026-01-01 03:03:30,-47.279308392287106,IISC
2026-01-01 03:04:00,-46.844804670801125,IISC
2026-01-01 03:04:30,-54.29290557756917,IISC
2026-01-01 03:05:00,-54.417454251040816,IISC
2026-01-01 03:05:30,-52.97681490430147,IISC
2026-01-01 03:06:00,-53.61780421772334,IISC
2026-01-01 03:06:30,-49.12030163272422,IISC
2026-01-01 03:07:00,-49.86071834001838,IISC
2026-01-01 03:07:30,-47.816110503203696,IISC
2026-01-01 03:08:00,-50.15053857569923,IISC
2026-01-01 03:08:30,-53.402025636616344,IISC
2026-01-01 03:09:00,-61.58733225397066,IISC
2026-01-01 03:09:30,-60.21174379143425,IISC
2026-01-01 03:10:00,-56.11512396732095,IISC
2026-01-01 03:10:30,-55.908865033032825,IISC
2026-01-01 03:11:00,-59.151890179537,IISC
2026-01-01 03:11:30,-55.110272740002074,IISC
2026-01-01 03:12:00,-54.916706661571844,IISC
2026-01-01 03:12:30,-60.130826819086195,IISC
2026-01-01 03:13:00,-61.27794385046978,IISC
2026-01-01 03:13:30,-59.25977946615012,IISC
2026-01-01 03:14:00,-56.11406623491499,IISC
2026-01-01 03:14:30,-58.23906216802381,IISC
2026-01-01 03:15:00,-63.4124594170987,IISC
2026-01-01 03:15:30,-60.35665393094678,IISC
2026-01-01 03:16:00,-62.74714212830739,IISC
2026-01-01 03:16:30,-61.12562955899568,IISC
2026-01-01 03:17:00,-58.637829444395834,IISC
2026-01-01 03:17:30,-59.52104079486756,IISC
2026-01-01 03:18:00,-58.161847280768676,IISC
2026-01-01 03:18:30,-52.38236605710463,IISC
2026-01-01 03:19:00,-50.367374904973715,IISC
2026-01-01 03:19:30,-56.32138290554944,IISC
2026-01-01 03:20:00,-59.65748900814601,IISC
2026-01-01 03:20:30,-62.63819509549699,IISC
2026-01-01 03:21:00,-61.56141767447577,IISC
2026-01-01 03:21:30,-60.80513489440399,IISC
2026-01-01 03:22:00,-61.529685524980124,IISC
2026-01-01 03:22:30,-58.24435084975547,IISC
2026-01-01 03:23:00,-58.81341396553463,IISC
2026-01-01 03:23:30,-58.524651454378954,IISC
2026-01-01 03:24:00,-57.63086272862276,IISC
2026-01-01 03:24:30,-57.418257356554754,IISC
2026-01-01 03:25:00,-58.50243895170219,IISC
2026-01-01 03:25:30,-54.97593999153552,IISC
2026-01-01 03:26:00,-56.54985435039509,IISC
2026-01-01 03:26:30,-59.57921638454454,IISC
2026-01-01 03:27:00,-58.92870742824415,IISC
2026-01-01 03:27:30,-61.60055397839574,IISC
2026-01-01 03:28:00,-64.93031365109317,IISC
2026-01-01 03:28:30,-57.348446643425845,IISC
2026-01-01 03:29:00,-57.63549032316777,IISC
2026-01-01 03:29:30,-56.71922467049919,IISC
2026-01-01 03:30:00,-53.45041715031333,IISC
2026-01-01 03:30:30,-56.944126246802654,IISC
2026-01-01 03:31:00,-61.32078223899013,IISC
2026-01-01 03:31:30,-61.39812934673638,IISC
2026-01-01 03:32:00,-61.841982714663494,IISC
2026-01-01 03:32:30,-60.836470389321924,IISC
2026-01-01 03:33:00,-61.427878221373305,IISC
2026-01-01 03:33:30,-60.67106658002402,IISC
2026-01-01 03:34:00,-61.726557036388314,IISC
2026-01-01 03:34:30,-57.07145146340699,IISC
2026-01-01 03:35:00,-57.44152759705549,IISC
2026-01-01 03:35:30,-58.11980218170183,IISC
2026-01-01 03:36:00,-53.592871809763444,IISC
2026-01-01 03:36:30,-55.21393107925967,IISC
2026-01-01 03:37:00,-53.75606570119055,IISC
2026-01-01 03:37:30,-55.931984158982836,IISC
2026-01-01 03:38:00,-57.06074188100057,IISC
2026-01-01 03:38:30,-54.51899710916208,IISC
2026-01-01 03:39:00,-55.45736193927211,IISC
2026-01-01 03:39:30,-59.244820039443645,IISC
2026-01-01 03:40:00,-58.487328418396096,IISC
2026-01-01 03:40:30,-58.228938098746845,IISC
2026-01-01 03:41:00,-58.670921531052976,IISC
2026-01-01 03:41:30,-62.2870260340804,IISC
2026-01-01 03:42:00,-56.76019313163114,IISC
2026-01-01 03:42:30,-56.76155308849453,IISC
2026-01-01 03:43:00,-53.174007507347696,IISC
2026-01-01 03:43:30,-53.65270958245002,IISC
2026-01-01 03:44:00,-52.75106335460656,IISC
2026-01-01 03:44:30,-52.26692150271265,IISC
2026-01-01 03:45:00,-56.407966330490744,IISC
2026-01-01 03:45:30,-58.04942482121675,IISC
2026-01-01 03:46:00,-58.63012306326241,IISC
2026-01-01 03:46:30,-58.01406614541638,IISC
2026-01-01 03:47:00,-57.13281916919991,IISC
2026-01-01 03:47:30,-56.52764184040047,IISC
2026-01-01 03:48:00,-57.336811523351386,IISC
2026-01-01 03:48:30,-60.17910501416207,IISC
2026-01-01 03:49:00,-60.99507444596658,IISC
2026-01-01 03:49:30,-60.53949151595326,IISC
2026-01-01 03:50:00,-58.801476645207906,IISC
2026-01-01 03:50:30,-58.360853159632775,IISC
2026-01-01 03:51:00,-58.40709141434734,IISC
2026-01-01 03:51:30,-59.85951699536007,IISC
2026-01-01 03:52:00,-57.313692388394806,IISC
2026-01-01 03:52:30,-54.11645220298174,IISC
2026-01-01 03:53:00,-56.539881391376674,IISC
2026-01-01 03:53:30,-60.524532081647465,IISC
2026-01-01 03:54:00,-60.44701499132553,IISC
2026-01-01 03:54:30,-59.06666671371075,IISC
2026-01-01 03:55:00,-56.27333137107663,IISC
2026-01-01 03:55:30,-61.48873595030848,IISC
2026-01-01 03:56:00,-63.16147327664188,IISC
2026-01-01 03:56:30,-59.76024071681253,IISC
2026-01-01 03:57:00,-59.33593661227418,IISC
2026-01-01 03:57:30,-61.26978415171881,IISC
2026-01-01 03:58:00,-62.86500436746544,IISC
2026-01-01 03:58:30,-62.08711352012191,IISC
2026-01-01 03:59:00,-61.16778797970928,IISC
2026-01-01 03:59:30,-60.82916066107748,IISC
2026-01-01 04:00:00,-61.189547157802465,IISC
2026-01-01 04:00:30,-62.918042391298414,IISC
2026-01-01 04:01:00,-62.16191072204806,IISC
2026-01-01 04:01:30,-61.06443184070393,IISC
2026-01-01 04:02:00,-64.3646881784396,IISC
2026-01-01 04:02:30,-65.3702004949153,IISC
2026-01-01 04:03:00,-68.22490353067684,IISC
2026-01-01 04:03:30,-67.87267673776903,IISC
2026-01-01 04:04:00,-59.74256139411095,IISC
2026-01-01 04:04:30,-60.55717084878724,IISC
2026-01-01 04:05:00,-58.286055957706616,IISC
2026-01-01 04:05:30,-58.09430314439893,IISC
2026-01-01 04:06:00,-58.81371618098549,IISC
2026-01-01 04:06:30,-58.528126870988054,IISC
2026-01-01 04:07:00,-59.390334567639535,IISC
2026-01-01 04:07:30,-63.746251363946726,IISC
2026-01-01 04:08:00,-61.79336454493711,IISC
2026-01-01 04:08:30,-59.54400881675105,IISC
2026-01-01 04:09:00,-59.02858813431596,IISC
2026-01-01 04:09:30,-61.796084428266695,IISC
2026-01-01 04:10:00,-62.384942370963145,IISC
2026-01-01 04:10:30,-62.058554598241344,IISC
2026-01-01 04:11:00,-61.581212485068626,IISC
2026-01-01 04:11:30,-59.548088667076456,IISC
2026-01-01 04:12:00,-61.43841783006991,IISC
2026-01-01 04:12:30,-60.24982237589523,IISC
2026-01-01 04:13:00,-60.48373360879069,IISC
2026-01-01 04:13:30,-59.86903663260945,IISC
2026-01-01 04:14:00,-58.26429676948102,IISC
2026-01-01 04:14:30,-58.9565108258518,IISC
2026-01-01 04:15:00,-60.24710248243325,IISC
2026-01-01 04:15:30,-59.636485356577396,IISC
2026-01-01 04:16:00,-61.19090710959967,IISC
2026-01-01 04:16:30,-60.91619740384743,IISC
2026-01-01 04:17:00,-62.814686262425475,IISC
2026-01-01 04:17:30,-63.388584760683734,IISC
2026-01-01 04:18:00,-63.36818551918914,IISC
2026-01-01 04:18:30,-62.74532886768812,IISC
2026-01-01 04:19:00,-62.96020080581999,IISC
2026-01-01 04:19:30,-64.96068585160619,IISC
2026-01-01 04:20:00,-62.148311234473276,IISC
2026-01-01 04:20:30,-59.97375271327959,IISC
2026-01-01 04:21:00,-61.75936581080152,IISC
2026-01-01 04:21:30,-62.91668243443501,IISC
2026-01-01 04:22:00,-65.65425986484037,IISC
2026-01-01 04:22:30,-65.13339938028268,IISC
2026-01-01 04:23:00,-66.0962432971465,IISC
2026-01-01 04:23:30,-65.92760962386161,IISC
2026-01-01 04:24:00,-67.81521887819446,IISC
2026-01-01 04:24:30,-66.7612583834339,IISC
2026-01-01 04:25:00,-64.47110419758967,IISC
2026-01-01 04:25:30,-65.65833971009955,IISC
2026-01-01 04:26:00,-66.2675968841582,IISC
2026-01-01 04:26:30,-61.70632779203475,IISC
2026-01-01 04:27:00,-64.33374933458116,IISC
2026-01-01 04:27:30,-65.44890755382549,IISC
2026-01-01 04:28:00,-63.05131739891534,IISC
2026-01-01 04:28:30,-62.23670793410664,IISC
2026-01-01 04:29:00,-62.65829211985198,IISC
2026-01-01 04:29:30,-64.12295723664229,IISC
2026-01-01 04:30:00,-64.90764783790561,IISC
2026-01-01 04:30:30,-65.12523967963189,IISC
2026-01-01 04:31:00,-65.50330551932326,IISC
2026-01-01 04:31:30,-64.92396722400859,IISC
2026-01-01 04:32:00,-63.70273298242934,IISC
2026-01-01 04:32:30,-64.69957563342874,IISC
2026-01-01 04:33:00,-65.07084172933273,IISC
2026-01-01 04:33:30,-68.12120741448787,IISC
2026-01-01 04:34:00,-68.5931097407366,IISC
2026-01-01 04:34:30,-64.269831731834,IISC
2026-01-01 04:35:00,-67.53370943372103,IISC
2026-01-01 04:35:30,-68.98749495639855,IISC
2026-01-01 04:36:00,-67.60034694006261,IISC
2026-01-01 04:36:30,-66.09216344175489,IISC
2026-01-01 04:37:00,-66.38047266041293,IISC
2026-01-01 04:37:30,-70.15161133395185,IISC
2026-01-01 04:38:00,-69.49203605991946,IISC
2026-01-01 04:38:30,-67.24812014398842,IISC
2026-01-01 04:39:00,-66.87141425609424,IISC
2026-01-01 04:39:30,-70.3773628712627,IISC
2026-01-01 04:40:00,-71.61083665368577,IISC
2026-01-01 04:40:30,-68.4176763084657,IISC
2026-01-01 04:41:00,-67.74042169146692,IISC
2026-01-01 04:41:30,-67.9512137995382,IISC
2026-01-01 04:42:00,-67.67378418512534,IISC
2026-01-01 04:42:30,-71.30620808438816,IISC
2026-01-01 04:43:00,-71.28172899256818,IISC
2026-01-01 04:43:30,-70.25224755923038,IISC
2026-01-01 04:44:00,-73.12309999725265,IISC
2026-01-01 04:44:30,-72.8565499769526,IISC
2026-01-01 04:45:00,-71.70467314530933,IISC
2026-01-01 04:45:30,-69.80210443640586,IISC
2026-01-01 04:46:00,-71.0614172523137,IISC
2026-01-01 04:46:30,-71.89642595355079,IISC
2026-01-01 04:47:00,-73.75411634940448,IISC
2026-01-01 04:47:30,-78.81176683933184,IISC
2026-01-01 04:48:00,-75.12222509630786,IISC
2026-01-01 04:48:30,-75.49757101720623,IISC
2026-01-01 04:49:00,-75.00934930992071,IISC
2026-01-01 04:49:30,-73.0483028003927,IISC
2026-01-01 04:50:00,-73.57460308200679,IISC
2026-01-01 04:50:30,-74.28313652954675,IISC
2026-01-01 04:51:00,-74.48440898517003,IISC
2026-01-01 04:51:30,-74.73871945449389,IISC
2026-01-01 04:52:00,-76.27138202942297,IISC
2026-01-01 04:52:30,-74.25049774214219,IISC
2026-01-01 04:53:00,-75.8892363444724,IISC
2026-01-01 04:53:30,-76.3597787037253,IISC
2026-01-01 04:54:00,-76.79632235923984,IISC
2026-01-01 04:54:30,-80.04388066489149,IISC
2026-01-01 04:55:00,-78.41466170487685,IISC
2026-01-01 04:55:30,-78.67305203465851,IISC
2026-01-01 04:56:00,-75.27997917547997,IISC
2026-01-01 04:56:30,-77.15534890923384,IISC
2026-01-01 04:57:00,-79.93916458422133,IISC
2026-01-01 04:57:30,-80.91560799372614,IISC
2026-01-01 04:58:00,-80.56202124585478,IISC
2026-01-01 04:58:30,-79.58965768667534,IISC
2026-01-01 04:59:00,-76.06874961693627,IISC
2026-01-01 04:59:30,-77.96451859218475,IISC
2026-01-01 05:00:00,-77.5062157484446,IISC
2026-01-01 05:00:30,-77.23014610102759,IISC
2026-01-01 05:01:00,-75.60364705473977,IISC
2026-01-01 05:01:30,-76.69024633690492,IISC
2026-01-01 05:02:00,-79.04839797075547,IISC
2026-01-01 05:02:30,-79.80996943199602,IISC
2026-01-01 05:03:00,-77.55109407162679,IISC
2026-01-01 05:03:30,-81.05296286180088,IISC
2026-01-01 05:04:00,-80.52394268672481,IISC
2026-01-01 05:04:30,-76.81808153733303,IISC
2026-01-01 05:05:00,-75.24598044641058,IISC
2026-01-01 05:05:30,-76.58689018776715,IISC
2026-01-01 05:06:00,-76.0524302257671,IISC
2026-01-01 05:06:30,-79.31086813566392,IISC
2026-01-01 05:07:00,-80.70889574611267,IISC
2026-01-01 05:07:30,-80.73201487093687,IISC
2026-01-01 05:08:00,-81.25151540876355,IISC
2026-01-01 05:08:30,-77.22742619236696,IISC
2026-01-01 05:09:00,-78.45410023100264,IISC
2026-01-01 05:09:30,-81.05160289987126,IISC
2026-01-01 05:10:00,-83.91837548756814,IISC
2026-01-01 05:10:30,-81.51398557367199,IISC
2026-01-01 05:11:00,-81.46094757010383,IISC
2026-01-01 05:11:30,-83.4532729000406,IISC
2026-01-01 05:12:00,-80.93464728848974,IISC
2026-01-01 05:12:30,-78.31538543139551,IISC
2026-01-01 05:13:00,-78.82400638017563,IISC
2026-01-01 05:13:30,-79.00351965263951,IISC
2026-01-01 05:14:00,-83.23840097204116,IISC
2026-01-01 05:14:30,-83.42471399335864,IISC
2026-01-01 05:15:00,-83.36079637034666,IISC
2026-01-01 05:15:30,-80.4899439424568,IISC
2026-01-01 05:16:00,-80.96728606576191,IISC
2026-01-01 05:16:30,-84.44518574414016,IISC
2026-01-01 05:17:00,-86.20631975744138,IISC
2026-01-01 05:17:30,-86.25153805274098,IISC
2026-01-01 05:18:00,-86.71681062601058,IISC
2026-01-01 05:18:30,-84.97471590240673,IISC
2026-01-01 05:19:00,-80.60400968603324,IISC
2026-01-01 05:19:30,-85.66845990771573,IISC
2026-01-01 05:20:00,-88.80399241331864,IISC
2026-01-01 05:20:30,-87.36057649586394,IISC
2026-01-01 05:21:00,-88.51245334080602,IISC
2026-01-01 05:21:30,-87.6283164695536,IISC
2026-01-01 05:22:00,-87.73065263837829,IISC
2026-01-01 05:22:30,-89.44180850735802,IISC
2026-01-01 05:23:00,-87.93770487394107,IISC
2026-01-01 05:23:30,-86.07304474729136,IISC
2026-01-01 05:24:00,-79.16535357707082,IISC
2026-01-01 05:24:30,-78.6852915653699,IISC
2026-01-01 05:25:00,-80.33762966034111,IISC
2026-01-01 05:25:30,-82.8086570653802,IISC
2026-01-01 05:26:00,-80.42738629657306,IISC
2026-01-01 05:26:30,-80.91968784911775,IISC
2026-01-01 05:27:00,-82.96097136269452,IISC
2026-01-01 05:27:30,-81.04072331589087,IISC
2026-01-01 05:28:00,-82.43331112421704,IISC
2026-01-01 05:28:30,-82.03348611656487,IISC
2026-01-01 05:29:00,-82.8453756929778,IISC
2026-01-01 05:29:30,-83.45055301164481,IISC
2026-01-01 05:30:00,-88.6707174164674,IISC
2026-01-01 05:30:30,-90.43185141646985,IISC
2026-01-01 05:31:00,-84.47612458103255,IISC
2026-01-01 05:31:30,-83.46466248874287,IISC
2026-01-01 05:32:00,-85.35669158325024,IISC
2026-01-01 05:32:30,-87.8508381346449,IISC
2026-01-01 05:33:00,-90.54013735224267,IISC
2026-01-01 05:33:30,-87.05832782954593,IISC
2026-01-01 05:34:00,-87.03214881064494,IISC
2026-01-01 05:34:30,-89.42990896459594,IISC
2026-01-01 05:35:00,-90.65318313260445,IISC
2026-01-01 05:35:30,-90.34974449959805,IISC
2026-01-01 05:36:00,-89.15026944371127,IISC
2026-01-01 05:36:30,-88.81589197824536,IISC
2026-01-01 05:37:00,-89.19548774344378,IISC
2026-01-01 05:37:30,-89.37517101114886,IISC
2026-01-01 05:38:00,-93.75050484669477,IISC
2026-01-01 05:38:30,-94.68342988819207,IISC
2026-01-01 05:39:00,-94.96161501224213,IISC
2026-01-01 05:39:30,-91.95234999625565,IISC
2026-01-01 05:40:00,-90.41439873621744,IISC
2026-01-01 05:40:30,-90.01668920013213,IISC
2026-01-01 05:41:00,-90.0864999211418,IISC
2026-01-01 05:41:30,-87.4474432484589,IISC
2026-01-01 05:42:00,-86.65850281239463,IISC
2026-01-01 05:42:30,-93.18778815687435,IISC
2026-01-01 05:43:00,-92.70908608177203,IISC
2026-01-01 05:43:30,-90.57940588882671,IISC
2026-01-01 05:44:00,-88.98826551833929,IISC
2026-01-01 05:44:30,-89.74847702271641,IISC
2026-01-01 05:45:00,-92.80938232290092,IISC
2026-01-01 05:45:30,-92.07279992907158,IISC
2026-01-01 05:46:00,-81.5099057385452,IISC
2026-01-01 05:46:30,-83.18400300147718,IISC
2026-01-01 05:47:00,-83.78510047995123,IISC
2026-01-01 05:47:30,-83.74838185235365,IISC
2026-01-01 05:48:00,-83.40839459712325,IISC
2026-01-01 05:48:30,-85.34904187528909,IISC
2026-01-01 05:49:00,-93.38294083637625,IISC
2026-01-01 05:49:30,-91.63013652339995,IISC
2026-01-01 05:50:00,-89.62268173288567,IISC
2026-01-01 05:50:30,-93.44600846355068,IISC
2026-01-01 05:51:00,-83.78374052815401,IISC
2026-01-01 05:51:30,-81.77781569037764,IISC
2026-01-01 05:52:00,-85.45375795595922,IISC
2026-01-01 05:52:30,-82.41835168991123,IISC
2026-01-01 05:53:00,-84.28964156827352,IISC
2026-01-01 05:53:30,-84.9723359873949,IISC
2026-01-01 05:54:00,-83.35943642868187,IISC
2026-01-01 05:54:30,-87.60655729399353,IISC
2026-01-01 05:55:00,-89.59072293341191,IISC
2026-01-01 05:55:30,-87.24345089367414,IISC
2026-01-01 05:56:00,-85.19400767944657,IISC
2026-01-01 05:56:30,-82.08788407193025,IISC
2026-01-01 05:57:00,-83.60014740536474,IISC
2026-01-01 05:57:30,-83.59606755503933,IISC
2026-01-01 05:58:00,-82.11916290247142,IISC
2026-01-01 05:58:30,-84.80370230397762,IISC
2026-01-01 05:59:00,-86.9741809900445,IISC
2026-01-01 05:59:30,-92.73628505692159,IISC
2026-01-01 06:00:00,-92.27526234505049,IISC
2026-01-01 06:00:30,-87.72215294851163,IISC
2026-01-01 06:01:00,-86.41660186269063,IISC
2026-01-01 06:01:30,-87.16457385155498,IISC
2026-01-01 06:02:00,-84.33451990158811,IISC
2026-01-01 06:02:30,-86.43020136039783,IISC
2026-01-01 06:03:00,-85.84542326802678,IISC
2026-01-01 06:03:30,-82.21843918101897,IISC
2026-01-01 06:04:00,-84.55347169004536,IISC
2026-01-01 06:04:30,-83.7932601755358,IISC
2026-01-01 06:05:00,-87.37400600782907,IISC
2026-01-01 06:05:30,-89.07666220277403,IISC
2026-01-01 06:06:00,-88.78835299931461,IISC
2026-01-01 06:06:30,-91.33553755807709,IISC
2026-01-01 06:07:00,-91.81695952157517,IISC
2026-01-01 06:07:30,-88.29877134529809,IISC
2026-01-01 06:08:00,-88.64334843531094,IISC
2026-01-01 06:08:30,-89.9499194735809,IISC
2026-01-01 06:09:00,-92.78558321964505,IISC
2026-01-01 06:09:30,-88.52588283440616,IISC
2026-01-01 06:10:00,-85.8100645972926,IISC
2026-01-01 06:10:30,-86.07389471906446,IISC
2026-01-01 06:11:00,-90.46789006436919,IISC
2026-01-01 06:11:30,-90.79427782695858,IISC
2026-01-01 06:12:00,-87.71671316158765,IISC
2026-01-01 06:12:30,-90.02845653471678,IISC
2026-01-01 06:13:00,-90.54132731893107,IISC
2026-01-01 06:13:30,-92.37147873965364,IISC
2026-01-01 06:14:00,-91.68844433258295,IISC
2026-01-01 06:14:30,-89.29663395001299,IISC
2026-01-01 06:15:00,-88.49460400449826,IISC
2026-01-01 06:15:30,-90.00584737598467,IISC
2026-01-01 06:16:00,-90.50562865074846,IISC
2026-01-01 06:16:30,-88.41130712537095,IISC
2026-01-01 06:17:00,-92.10135885031887,IISC
2026-01-01 06:17:30,-92.42264681963306,IISC
2026-01-01 06:18:00,-91.71343338922846,IISC
2026-01-01 06:18:30,-87.35819659351762,IISC
2026-01-01 06:19:00,-86.18133069636295,IISC
2026-01-01 06:19:30,-88.10905844575416,IISC
2026-01-01 06:20:00,-89.14788952363324,IISC
2026-01-01 06:20:30,-88.77781339885058,IISC
2026-01-01 06:21:00,-89.08482188759294,IISC
2026-01-01 06:21:30,-84.04655068037849,IISC
2026-01-01 06:22:00,-88.7823087876809,IISC
2026-01-01 06:22:30,-93.20259648542489,IISC
2026-01-01 06:23:00,-93.80021853772034,IISC
2026-01-01 06:23:30,-90.53392314825267,IISC
2026-01-01 06:24:00,-89.45185702973829,IISC
2026-01-01 06:24:30,-93.38558518068992,IISC
2026-01-01 06:25:00,-90.9115356701154,IISC
2026-01-01 06:25:30,-93.56328518634251,IISC
2026-01-01 06:26:00,-92.45371787553894,IISC
2026-01-01 06:26:30,-89.44762607253182,IISC
2026-01-01 06:27:00,-90.71162315784566,IISC
2026-01-01 06:27:30,-92.99951075229501,IISC
2026-01-01 06:28:00,-90.3382415931894,IISC
2026-01-01 06:28:30,-90.56274650654184,IISC
2026-01-01 06:29:00,-89.68217950875709,IISC
2026-01-01 06:29:30,-87.67472473597454,IISC
2026-01-01 06:30:00,-86.88102446418715,IISC
2026-01-01 06:30:30,-92.08112961609771,IISC
2026-01-01 06:31:00,-98.81389733449367,IISC
2026-01-01 06:31:30,-100.89552600253566,IISC
2026-01-01 06:32:00,-93.3091635976647,IISC
2026-01-01 06:32:30,-91.60990726701414,IISC
2026-01-01 06:33:00,-91.44926329343937,IISC
2026-01-01 06:33:30,-94.2016301603762,IISC
2026-01-01 06:34:00,-92.22273431327388,IISC
2026-01-01 06:34:30,-92.57139124157987,IISC
2026-01-01 06:35:00,-93.33177275639683,IISC
2026-01-01 06:35:30,-91.35287690929451,IISC
2026-01-01 06:36:00,-91.57420861656325,IISC
2026-01-01 06:36:30,-89.9368299641304,IISC
2026-01-01 06:37:00,-91.71938317834122,IISC
2026-01-01 06:37:30,-89.96300897416553,IISC
2026-01-01 06:38:00,-89.54771454078451,IISC
2026-01-01 06:38:30,-94.33754950794422,IISC
2026-01-01 06:39:00,-92.65151491905641,IISC
2026-01-01 06:39:30,-89.03722367270787,IISC
2026-01-01 06:40:00,-90.3572808828868,IISC
2026-01-01 06:40:30,-90.26208445016135,IISC
2026-01-01 06:41:00,-91.29655235034284,IISC
2026-01-01 06:41:30,-90.98134638324433,IISC
2026-01-01 06:42:00,-94.98276977857257,IISC
2026-01-01 06:42:30,-94.36293523148112,IISC
2026-01-01 06:43:00,-94.78497274687625,IISC
2026-01-01 06:43:30,-95.53596682551449,IISC
2026-01-01 06:44:00,-94.86641858345709,IISC
2026-01-01 06:44:30,-93.00903040305428,IISC
2026-01-01 06:45:00,-93.03124289785029,IISC
2026-01-01 06:45:30,-93.81820008713102,IISC
2026-01-01 06:46:00,-96.43927519808956,IISC
2026-01-01 06:46:30,-95.96435078262988,IISC
2026-01-01 06:47:00,-95.33393884449245,IISC
2026-01-01 06:47:30,-94.75429833372694,IISC
2026-01-01 06:48:00,-96.49427759054869,IISC
2026-01-01 06:48:30,-98.04809492336453,IISC
2026-01-01 06:49:00,-100.01971881436901,IISC
2026-01-01 06:49:30,-98.20887111989316,IISC
2026-01-01 06:50:00,-95.05152275535517,IISC
2026-01-01 06:50:30,-98.17608123799157,IISC
2026-01-01 06:51:00,-100.36136822558926,IISC
2026-01-01 06:51:30,-95.98021685934789,IISC
2026-01-01 06:52:00,-93.18355720360826,IISC
2026-01-01 06:52:30,-96.49321984238122,IISC
2026-01-01 06:53:00,-99.4199812972617,IISC
2026-01-01 06:53:30,-98.43099612301853,IISC
2026-01-01 06:54:00,-99.30997652810495,IISC
2026-01-01 06:54:30,-100.12866584323905,IISC
2026-01-01 06:55:00,-98.68696875621298,IISC
2026-01-01 06:55:30,-95.59308467884513,IISC
2026-01-01 06:56:00,-93.88060662613368,IISC
2026-01-01 06:56:30,-91.48271426252762,IISC
2026-01-01 06:57:00,-97.20507762103986,IISC
2026-01-01 06:57:30,-98.5917723313683,IISC
2026-01-01 06:58:00,-96.85390853935844,IISC
2026-01-01 06:58:30,-94.3650507041738,IISC
2026-01-01 06:59:00,-95.62799004132015,IISC
2026-01-01 06:59:30,-97.1183430948466,IISC
2026-01-01 07:00:00,-93.01643457718052,IISC
2026-01-01 07:00:30,-94.78074179361016,IISC
2026-01-01 07:01:00,-92.03062261985711,IISC
2026-01-01 07:01:30,-92.18822560734674,IISC
2026-01-01 07:02:00,-93.1676911150691,IISC
2026-01-01 07:02:30,-94.4433233198945,IISC
2026-01-01 07:03:00,-96.15791686106012,IISC
2026-01-01 07:03:30,-98.45849731530774,IISC
2026-01-01 07:04:00,-99.79865154758997,IISC
2026-01-01 07:04:30,-97.16033529793472,IISC
2026-01-01 07:05:00,-101.41466387332135,IISC
2026-01-01 07:05:30,-99.19753895510664,IISC
2026-01-01 07:06:00,-97.8248063948907,IISC
2026-01-01 07:06:30,-95.37635413345028,IISC
2026-01-01 07:07:00,-97.42316398946421,IISC
2026-01-01 07:07:30,-97.82298900540651,IISC
2026-01-01 07:08:00,-94.63044683206891,IISC
2026-01-01 07:08:30,-95.61443177126317,IISC
2026-01-01 07:09:00,-97.41883687978132,IISC
2026-01-01 07:09:30,-97.2777730725245,IISC
2026-01-01 07:10:00,-94.54130833133489,IISC
2026-01-01 07:10:30,-96.37167612051802,IISC
2026-01-01 07:11:00,-97.84895167639962,IISC
2026-01-01 07:11:30,-96.7995408131375,IISC
2026-01-01 07:12:00,-95.82758523544427,IISC
2026-01-01 07:12:30,-96.06367238868215,IISC
2026-01-01 07:13:00,-92.55568383467224,IISC
2026-01-01 07:13:30,-92.21012078517924,IISC
2026-01-01 07:14:00,-94.16545551793044,IISC
2026-01-01 07:14:30,-95.14217091627484,IISC
2026-01-01 07:15:00,-96.75575045747253,IISC
2026-01-01 07:15:30,-100.77875170381878,IISC
2026-01-01 07:16:00,-98.43025570442379,IISC
2026-01-01 07:16:30,-98.03995033655414,IISC
2026-01-01 07:17:00,-96.43874632834023,IISC
2026-01-01 07:17:30,-99.0947268191115,IISC
2026-01-01 07:18:00,-90.27054634487239,IISC
2026-01-01 07:18:30,-95.1421709233675,IISC
2026-01-01 07:19:00,-88.50095043488993,IISC
2026-01-01 07:19:30,-85.6915979272328,IISC
2026-01-01 07:20:00,-84.92685324850959,IISC
2026-01-01 07:20:30,-85.16167111931401,IISC
2026-01-01 07:21:00,-83.77180319600615,IISC
2026-01-01 07:21:30,-83.47246330168527,IISC
2026-01-01 07:22:00,-87.83669088638534,IISC
2026-01-01 07:22:30,-90.26525765525997,IISC
2026-01-01 07:23:00,-87.21791407169985,IISC
2026-01-01 07:23:30,-85.3573526704369,IISC
2026-01-01 07:24:00,-86.21200508833272,IISC
2026-01-01 07:24:30,-83.86488415603893,IISC
2026-01-01 07:25:00,-84.76713479226767,IISC
2026-01-01 07:25:30,-84.41808119904046,IISC
2026-01-01 07:26:00,-84.81896395992628,IISC
2026-01-01 07:26:30,-84.72482526748757,IISC
2026-01-01 07:27:00,-85.77621697679302,IISC
2026-01-01 07:27:30,-85.519186615133,IISC
2026-01-01 07:28:00,-84.99560622529218,IISC
2026-01-01 07:28:30,-85.72121459221466,IISC
2026-01-01 07:29:00,-83.51900378367185,IISC
2026-01-01 07:29:30,-84.22028417128452,IISC
2026-01-01 07:30:00,-82.42741801439817,IISC
2026-01-01 07:30:30,-84.02248714352858,IISC
2026-01-01 07:31:00,-82.91820852233741,IISC
2026-01-01 07:31:30,-84.6835734751134,IISC
2026-01-01 07:32:00,-82.8843609001491,IISC
2026-01-01 07:32:30,-85.51178244100677,IISC
2026-01-01 07:33:00,-86.97040334503757,IISC
2026-01-01 07:33:30,-85.40495088876979,IISC
2026-01-01 07:34:00,-84.94589254214736,IISC
2026-01-01 07:34:30,-82.2825078906472,IISC
2026-01-01 07:35:00,-81.35592927904902,IISC
2026-01-01 07:35:30,-83.5105418731993,IISC
2026-01-01 07:36:00,-84.53972109164913,IISC
2026-01-01 07:36:30,-81.30410010745001,IISC
2026-01-01 07:37:00,-81.37496856874641,IISC
2026-01-01 07:37:30,-85.12041933088022,IISC
2026-01-01 07:38:00,-86.39287831484548,IISC
2026-01-01 07:38:30,-85.09820683214383,IISC
2026-01-01 07:39:00,-84.9596431304112,IISC
2026-01-01 07:39:30,-85.60169018411979,IISC
2026-01-01 07:40:00,-85.29811934835396,IISC
2026-01-01 07:40:30,-84.1166258359673,IISC
2026-01-01 07:41:00,-83.86065319095171,IISC
2026-01-01 07:41:30,-83.656509737237,IISC
2026-01-01 07:42:00,-83.83209426625656,IISC
2026-01-01 07:42:30,-85.0759943215863,IISC
2026-01-01 07:43:00,-82.83464720124277,IISC
2026-01-01 07:43:30,-81.37073761153994,IISC
2026-01-01 07:44:00,-84.31759608458337,IISC
2026-01-01 07:44:30,-85.83227710559848,IISC
2026-01-01 07:45:00,-85.92535805775049,IISC
2026-01-01 07:45:30,-83.53381211616278,IISC
2026-01-01 07:46:00,-83.78978475329761,IISC
2026-01-01 07:46:30,-82.8335894688368,IISC
2026-01-01 07:47:00,-84.6380907412943,IISC
2026-01-01 07:47:30,-82.84310911171534,IISC
2026-01-01 07:48:00,-80.2537661384313,IISC
2026-01-01 07:48:30,-80.75196079685445,IISC
2026-01-01 07:49:00,-82.61357993052336,IISC
2026-01-01 07:49:30,-83.44707758602914,IISC
2026-01-01 07:50:00,-82.56280850315144,IISC
2026-01-01 07:50:30,-81.75681203599446,IISC
2026-01-01 07:51:00,-81.12957332265756,IISC
2026-01-01 07:51:30,-82.1100965785474,IISC
2026-01-01 07:52:00,-82.23385193990833,IISC
2026-01-01 07:52:30,-83.91142463408512,IISC
2026-01-01 07:53:00,-88.3465206722008,IISC
2026-01-01 07:53:30,-89.71946477456352,IISC
2026-01-01 07:54:00,-86.55576999194753,IISC
2026-01-01 07:54:30,-82.99648113805812,IISC
2026-01-01 07:55:00,-83.52111926030489,IISC
2026-01-01 07:55:30,-85.1521514724951,IISC
2026-01-01 07:56:00,-84.2012448855275,IISC
2026-01-01 07:56:30,-81.90595311695193,IISC
2026-01-01 07:57:00,-83.69564606085889,IISC
2026-01-01 07:57:30,-83.18264305024289,IISC
2026-01-01 07:58:00,-82.30789362206485,IISC
2026-01-01 07:58:30,-79.26583870447486,IISC
2026-01-01 07:59:00,-78.72427678098488,IISC
2026-01-01 07:59:30,-79.46152026347853,IISC
2026-01-01 08:00:00,-82.17673409051807,IISC
2026-01-01 08:00:30,-84.02777583314099,IISC
2026-01-01 08:01:00,-84.79886693782295,IISC
2026-01-01 08:01:30,-82.65165850203738,IISC
2026-01-01 08:02:00,-82.1418287162219,IISC
2026-01-01 08:02:30,-81.24698225017899,IISC
2026-01-01 08:03:00,-88.18331167025447,IISC
2026-01-01 08:03:30,-90.90212179574905,IISC
2026-01-01 08:04:00,-93.35152601635484,IISC
2026-01-01 08:04:30,-88.93631545543745,IISC
2026-01-01 08:05:00,-88.7068920518205,IISC
2026-01-01 08:05:30,-90.69554553622261,IISC
2026-01-01 08:06:00,-91.63037450432542,IISC
2026-01-01 08:06:30,-90.81549305067715,IISC
2026-01-01 08:07:00,-87.34939091626975,IISC
2026-01-01 08:07:30,-83.79570808117148,IISC
2026-01-01 08:08:00,-85.9119247888144,IISC
2026-01-01 08:08:30,-84.04226684551608,IISC
2026-01-01 08:09:00,-83.25404037261976,IISC
2026-01-01 08:09:30,-87.12663127291276,IISC
2026-01-01 08:10:00,-89.20476939761456,IISC
2026-01-01 08:10:30,-89.97110067494668,IISC
2026-01-01 08:11:00,-88.92298795974197,IISC
2026-01-01 08:11:30,-85.84719121448231,IISC
2026-01-01 08:12:00,-86.22702497833791,IISC
2026-01-01 08:12:30,-85.65108656251626,IISC
2026-01-01 08:13:00,-84.03369915983276,IISC
2026-01-01 08:13:30,-85.17891224894781,IISC
2026-01-01 08:14:00,-84.20505273519218,IISC
2026-01-01 08:14:30,-88.00719827069751,IISC
2026-01-01 08:15:00,-89.2437999361747,IISC
2026-01-01 08:15:30,-91.27814770521152,IISC
2026-01-01 08:16:00,-83.61631569303033,IISC
2026-01-01 08:16:30,-86.43624558385267,IISC
2026-01-01 08:17:00,-86.2966241457737,IISC
2026-01-01 08:17:30,-85.04320444756546,IISC
2026-01-01 08:18:00,-80.27068994755525,IISC
2026-01-01 08:18:30,-82.454919202747,IISC
2026-01-01 08:19:00,-79.84481812903883,IISC
2026-01-01 08:19:30,-78.48231917949926,IISC
2026-01-01 08:20:00,-80.20061479541428,IISC
2026-01-01 08:20:30,-89.22021237979405,IISC
2026-01-01 08:21:00,-90.77297197232316,IISC
2026-01-01 08:21:30,-87.37128609804262,IISC
2026-01-01 08:22:00,-86.27652711972999,IISC
2026-01-01 08:22:30,-84.41913893932718,IISC
2026-01-01 08:23:00,-85.87458661855743,IISC
2026-01-01 08:23:30,-86.35585748361817,IISC
2026-01-01 08:24:00,-87.99746708291397,IISC
2026-01-01 08:24:30,-85.7254455533615,IISC
2026-01-01 08:25:00,-86.28816224712229,IISC
2026-01-01 08:25:30,-84.67299609588856,IISC
2026-01-01 08:26:00,-84.91733361351186,IISC
2026-01-01 08:26:30,-86.76837536007515,IISC
2026-01-01 08:27:00,-85.32350506006972,IISC
2026-01-01 08:27:30,-86.04488247766648,IISC
2026-01-01 08:28:00,-84.3874067937719,IISC
2026-01-01 08:28:30,-86.79693428871067,IISC
2026-01-01 08:29:00,-83.14667996324268,IISC
2026-01-01 08:29:30,-84.72482526354719,IISC
2026-01-01 08:30:00,-83.37832460924656,IISC
2026-01-01 08:30:30,-83.93998355089951,IISC
2026-01-01 08:31:00,-84.39692644453118,IISC
2026-01-01 08:31:30,-85.67044316090238,IISC
2026-01-01 08:32:00,-87.4897527816123,IISC
2026-01-01 08:32:30,-84.67828478550099,IISC
2026-01-01 08:33:00,-81.80441025038698,IISC
2026-01-01 08:33:30,-84.06585440859538,IISC
2026-01-01 08:34:00,-87.35753549795767,IISC
2026-01-01 08:34:30,-85.83016163290581,IISC
2026-01-01 08:35:00,-85.29811933259244,IISC
2026-01-01 08:35:30,-83.77814962984566,IISC
2026-01-01 08:36:00,-83.6300662931153,IISC
2026-01-01 08:36:30,-80.99841378717039,IISC
2026-01-01 08:37:00,-80.24530423189911,IISC
2026-01-01 08:37:30,-82.65800493587689,IISC
2026-01-01 08:38:00,-85.76881281054756,IISC
2026-01-01 08:38:30,-82.9002269571652,IISC
2026-01-01 08:39:00,-81.82768049335047,IISC
2026-01-01 08:39:30,-83.62900854888821,IISC
2026-01-01 08:40:00,-81.55372630680495,IISC
2026-01-01 08:40:30,-82.82406982201795,IISC
2026-01-01 08:41:00,-80.6334941290463,IISC
2026-01-01 08:41:30,-77.31113862259433,IISC
2026-01-01 08:42:00,-79.08602322218921,IISC
2026-01-01 08:42:30,-79.57892919888072,IISC
2026-01-01 08:43:00,-81.9789370470006,IISC
2026-01-01 08:43:30,-81.8583548867979,IISC
2026-01-01 08:44:00,-79.43507681147604,IISC
2026-01-01 08:44:30,-81.67959714873933,IISC
2026-01-01 08:45:00,-84.5566448968327,IISC
2026-01-01 08:45:30,-84.20124488158712,IISC
2026-01-01 08:46:00,-84.27740204037669,IISC
2026-01-01 08:46:30,-82.78387577387088,IISC
2026-01-01 08:47:00,-82.64213886309925,IISC
2026-01-01 08:47:30,-81.1750560682978,IISC
2026-01-01 08:48:00,-80.43781257004264,IISC
2026-01-01 08:48:30,-81.32948582310615,IISC
2026-01-01 08:49:00,-80.53195126248136,IISC
2026-01-01 08:49:30,-80.9888941403515,IISC
2026-01-01 08:50:00,-82.73521982313201,IISC
2026-01-01 08:50:30,-84.4773145368849,IISC
2026-01-01 08:51:00,-81.14120843428836,IISC
2026-01-01 08:51:30,-78.53599939216707,IISC
2026-01-01 08:52:00,-79.94384885306442,IISC
2026-01-01 08:52:30,-79.01198155579421,IISC
2026-01-01 08:53:00,-78.1478094910795,IISC
2026-01-01 08:53:30,-79.22035596671537,IISC
2026-01-01 08:54:00,-80.50656555076561,IISC
2026-01-01 08:54:30,-80.67686138623236,IISC
2026-01-01 08:55:00,-80.91908342328222,IISC
2026-01-01 08:55:30,-78.5370571285134,IISC
2026-01-01 08:56:00,-78.59417497396328,IISC
2026-01-01 08:56:30,-80.83763759458215,IISC
2026-01-01 08:57:00,-81.49343524443532,IISC
2026-01-01 08:57:30,-80.96033521171599,IISC
2026-01-01 08:58:00,-78.78351012276971,IISC
2026-01-01 08:58:30,-78.31810533442702,IISC
2026-01-01 08:59:00,-78.3128166408742,IISC
2026-01-01 08:59:30,-77.62951780267223,IISC
2026-01-01 09:00:00,-79.19602798740556,IISC
2026-01-01 09:00:30,-78.70841070820724,IISC
2026-01-01 09:01:00,-77.62105590008044,IISC
2026-01-01 09:01:30,-80.06231552875335,IISC
2026-01-01 09:02:00,-76.68707311829641,IISC
2026-01-01 09:02:30,-79.00986607916118,IISC
2026-01-01 09:03:00,-82.4210716002606,IISC
2026-01-01 09:03:30,-80.98572093525291,IISC
2026-01-01 09:04:00,-78.64283093258288,IISC
2026-01-01 09:04:30,-77.37989160331729,IISC
2026-01-01 09:05:00,-78.94322857901163,IISC
2026-01-01 09:05:30,-80.57531853148856,IISC
2026-01-01 09:06:00,-81.13380427198327,IISC
2026-01-01 09:06:30,-82.110096574607,IISC
2026-01-01 09:07:00,-81.16130546033207,IISC
2026-01-01 09:07:30,-79.2584345421698,IISC
2026-01-01 09:08:00,-82.07201800703336,IISC
2026-01-01 09:08:30,-81.83508465959592,IISC
2026-01-01 09:09:00,-81.23640487095416,IISC
2026-01-01 09:09:30,-82.73098886198517,IISC
2026-01-01 09:10:00,-81.84460429853405,IISC
2026-01-01 09:10:30,-78.7581244031732,IISC
2026-01-01 09:11:00,-77.55653386474279,IISC
2026-01-01 09:11:30,-76.84150288098554,IISC
2026-01-01 09:12:00,-81.14967034082052,IISC
2026-01-01 09:12:30,-82.55963528229131,IISC
2026-01-01 09:13:00,-81.35381380241598,IISC
2026-01-01 09:13:30,-78.36887675785853,IISC
2026-01-01 09:14:00,-79.06592620008587,IISC
2026-01-01 09:14:30,-81.55478405103206,IISC
2026-01-01 09:15:00,-80.53829770026125,IISC
2026-01-01 09:15:30,-79.87932682954794,IISC
2026-01-01 09:16:00,-77.53749458292617,IISC
2026-01-01 09:16:30,-76.16560820902902,IISC
2026-01-01 09:17:00,-77.23603921591263,IISC
2026-01-01 09:17:30,-79.84442147495366,IISC
2026-01-01 09:18:00,-78.94851726468367,IISC
2026-01-01 09:18:30,-79.2267023966145,IISC
2026-01-01 09:19:00,-78.41753272041852,IISC
2026-01-01 09:19:30,-75.89694273179784,IISC
2026-01-01 09:20:00,-76.49033381900605,IISC
2026-01-01 09:20:30,-78.25358330302976,IISC
2026-01-01 09:21:00,-80.49704590394671,IISC
2026-01-01 09:21:30,-79.15371846656585,IISC
2026-01-01 09:22:00,-80.24636197218582,IISC
2026-01-01 09:22:30,-80.79321257740747,IISC
2026-01-01 09:23:00,-80.6535911590304,IISC
2026-01-01 09:23:30,-81.3421786868448,IISC
2026-01-01 09:24:00,-81.01745306898702,IISC
2026-01-01 09:24:30,-79.66989467834007,IISC
2026-01-01 09:25:00,-79.1928547744262,IISC
2026-01-01 09:25:30,-80.23790005777288,IISC
2026-01-01 09:26:00,-79.73335896551022,IISC
2026-01-01 09:26:30,-82.9330168430072,IISC
2026-01-01 09:27:00,-83.30851388823687,IISC
2026-01-01 09:27:30,-81.38131499864555,IISC
2026-01-01 09:28:00,-80.49069948192836,IISC
2026-01-01 09:28:30,-82.3755888427992,IISC
2026-01-01 09:29:00,-82.04874776801029,IISC
2026-01-01 09:29:30,-81.41198939603333,IISC
2026-01-01 09:30:00,-80.47271794039843,IISC
2026-01-01 09:30:30,-81.19621082280712,IISC
2026-01-01 09:31:00,-82.47395850032515,IISC
2026-01-01 09:31:30,-82.90974661580523,IISC
2026-01-01 09:32:00,-80.24107327469265,IISC
2026-01-01 09:32:30,-79.3113214501151,IISC
2026-01-01 09:33:00,-81.1306310550635,IISC
2026-01-01 09:33:30,-82.73839303611139,IISC
2026-01-01 09:34:00,-81.39189237393,IISC
2026-01-01 09:34:30,-81.87527870774299,IISC
2026-01-01 09:35:00,-81.82133406739172,IISC
2026-01-01 09:35:30,-81.50401261577939,IISC
2026-01-01 09:36:00,-80.08135481056996,IISC
2026-01-01 09:36:30,-82.64531208001898,IISC
2026-01-01 09:37:00,-82.31424004014283,IISC
2026-01-01 09:37:30,-82.97849958470707,IISC
2026-01-01 09:38:00,-81.53997571066037,IISC
2026-01-01 09:38:30,-82.45597694697409,IISC
2026-01-01 09:39:00,-82.08999954856328,IISC
2026-01-01 09:39:30,-82.86532161045172,IISC
2026-01-01 09:40:00,-83.34236152224634,IISC
2026-01-01 09:40:30,-82.44116861448317,IISC
2026-01-01 09:41:00,-84.34403953658585,IISC
2026-01-01 09:41:30,-82.94570971068623,IISC
2026-01-01 09:42:00,-82.1830805007153,IISC
2026-01-01 09:42:30,-82.73310434649898,IISC
2026-01-01 09:43:00,-81.47439595473793,IISC
2026-01-01 09:43:30,-84.01931391872806,IISC
2026-01-01 09:44:00,-83.61843116572298,IISC
2026-01-01 09:44:30,-83.28735912978722,IISC
2026-01-01 09:45:00,-83.58987224102785,IISC
2026-01-01 09:45:30,-86.25854558214044,IISC
2026-01-01 09:46:00,-86.00151521259968,IISC
2026-01-01 09:46:30,-87.0306944113476,IISC
2026-01-01 09:47:00,-87.26868549907175,IISC
2026-01-01 09:47:30,-85.2431169598352,IISC
2026-01-01 09:48:00,-72.58371020428827,IISC
2026-01-01 09:48:30,-72.75744370504525,IISC
2026-01-01 09:49:00,-75.30037841634127,IISC
2026-01-01 09:49:30,-73.61421159070827,IISC
2026-01-01 09:50:00,-70.54531659904622,IISC
2026-01-01 09:50:30,-71.97326307810656,IISC
2026-01-01 09:51:00,-72.6919961311952,IISC
2026-01-01 09:51:30,-72.62178878811596,IISC
2026-01-01 09:52:00,-73.60350199246994,IISC
2026-01-01 09:52:30,-74.29367613317716,IISC
2026-01-01 09:53:00,-73.3881200787469,IISC
2026-01-01 09:53:30,-73.60231203908032,IISC
2026-01-01 09:54:00,-76.51770279523703,IISC
2026-01-01 09:54:30,-75.8322884813871,IISC
2026-01-01 09:55:00,-73.96405847683681,IISC
2026-01-01 09:55:30,-79.00775060252812,IISC
2026-01-01 09:56:00,-79.25208811227066,IISC
2026-01-01 09:56:30,-83.86382641181183,IISC
2026-01-01 09:57:00,-76.48676395834462,IISC
2026-01-01 09:57:30,-74.98623018509653,IISC
2026-01-01 09:58:00,-72.19102491634057,IISC
2026-01-01 09:58:30,-73.55590378152525,IISC
2026-01-01 09:59:00,-74.5435667616932,IISC
2026-01-01 09:59:30,-75.19090250944714,IISC
2026-01-01 10:00:00,-73.99856718719688,IISC
2026-01-01 10:00:30,-74.50548818673134,IISC
2026-01-01 10:01:00,-75.73352217716422,IISC
2026-01-01 10:01:30,-73.855772541064,IISC
2026-01-01 10:02:00,-73.95096897625218,IISC
2026-01-01 10:02:30,-73.79389485841334,IISC
2026-01-01 10:03:00,-73.77842543775068,IISC
2026-01-01 10:03:30,-76.8282811663129,IISC
2026-01-01 10:04:00,-74.21989891219734,IISC
2026-01-01 10:04:30,-70.28352640560345,IISC
2026-01-01 10:05:00,-71.06889697263297,IISC
2026-01-01 10:05:30,-74.86009489971718,IISC
2026-01-01 10:06:00,-74.93744200746343,IISC
2026-01-01 10:06:30,-73.09896089084886,IISC
2026-01-01 10:07:00,-75.7406619063678,IISC
2026-01-01 10:07:30,-76.79258249813029,IISC
2026-01-01 10:08:00,-78.00633701242425,IISC
2026-01-01 10:08:30,-76.7283249087004,IISC
2026-01-01 10:09:00,-78.23348626910527,IISC
2026-01-01 10:09:30,-76.89650526556392,IISC
2026-01-01 10:10:00,-77.49835827112544,IISC
2026-01-01 10:10:30,-75.81549688733624,IISC
2026-01-01 10:11:00,-75.21893257532751,IISC
2026-01-01 10:11:30,-74.77785576235424,IISC
2026-01-01 10:12:00,-74.36428014955091,IISC
2026-01-01 10:12:30,-76.61832013757346,IISC
2026-01-01 10:13:00,-77.02131836721156,IISC
2026-01-01 10:13:30,-79.5450815806328,IISC
2026-01-01 10:14:00,-81.7504656139761,IISC
2026-01-01 10:14:30,-79.64133574970454,IISC
2026-01-01 10:15:00,-78.64494642497746,IISC
2026-01-01 10:15:30,-79.7365321784896,IISC
2026-01-01 10:16:00,-80.08664350806313,IISC
2026-01-01 10:16:30,-78.15309818463227,IISC
2026-01-01 10:17:00,-78.14675175473316,IISC
2026-01-01 10:17:30,-79.87086492695613,IISC
2026-01-01 10:18:00,-78.83428153832047,IISC
2026-01-01 10:18:30,-76.36869393427814,IISC
2026-01-01 10:19:00,-75.15123733095088,IISC
2026-01-01 10:19:30,-77.06574338832664,IISC
2026-01-01 10:20:00,-80.28444053581909,IISC
2026-01-01 10:20:30,-80.8048477008594,IISC
2026-01-01 10:21:00,-82.04769002378319,IISC
2026-01-01 10:21:30,-83.0652341148407,IISC
2026-01-01 10:22:00,-75.5455092268659,IISC
2026-01-01 10:22:30,-74.32342501667992,IISC
2026-01-01 10:23:00,-76.08336907659154,IISC
2026-01-01 10:23:30,-77.20311711795283,IISC
2026-01-01 10:24:00,-77.0531827160188,IISC
2026-01-01 10:24:30,-79.97809312589007,IISC
2026-01-01 10:25:00,-78.33595467319752,IISC
2026-01-01 10:25:30,-78.14913166742298,IISC
2026-01-01 10:26:00,-77.10078094912814,IISC
2026-01-01 10:26:30,-78.90356338869424,IISC
2026-01-01 10:27:00,-80.21132438921968,IISC
2026-01-01 10:27:30,-79.16535359100286,IISC
2026-01-01 10:28:00,-77.0139142009661,IISC
2026-01-01 10:28:30,-77.38518028800422,IISC
2026-01-01 10:29:00,-79.2189015733286,IISC
2026-01-01 10:29:30,-78.15508143437108,IISC
2026-01-01 10:30:00,-77.56962337813368,IISC
2026-01-01 10:30:30,-77.40778943787049,IISC
2026-01-01 10:31:00,-76.47843426245262,IISC
2026-01-01 10:31:30,-79.77818061953089,IISC
2026-01-01 10:32:00,-78.09439370954297,IISC
2026-01-01 10:32:30,-78.17650063971357,IISC
2026-01-01 10:33:00,-78.25860756101832,IISC
2026-01-01 10:33:30,-75.65260521368201,IISC
2026-01-01 10:34:00,-75.48482149760486,IISC
2026-01-01 10:34:30,-75.56811838116508,IISC
2026-01-01 10:35:00,-76.95798629856235,IISC
2026-01-01 10:35:30,-77.8314135627106,IISC
2026-01-01 10:36:00,-77.469667129387,IISC
2026-01-01 10:36:30,-79.12965492282027,IISC
2026-01-01 10:37:00,-79.17130336238391,IISC
2026-01-01 10:37:30,-80.25297283764918,IISC
2026-01-01 10:38:00,-82.66977227243171,IISC
2026-01-01 10:38:30,-80.81106191716307,IISC
2026-01-01 10:39:00,-80.53023244288876,IISC
2026-01-01 10:39:30,-78.45614015173241,IISC
2026-01-01 10:40:00,-78.42520131927293,IISC
2026-01-01 10:40:30,-77.24476555751647,IISC
2026-01-01 10:41:00,-78.3442843513578,IISC
2026-01-01 10:41:30,-78.98567031443193,IISC
2026-01-01 10:42:00,-84.25942047914486,IISC
2026-01-01 10:42:30,-84.56722228393829,IISC
2026-01-01 10:43:00,-87.377632520061,IISC
2026-01-01 10:43:30,-88.24392006534914,IISC
2026-01-01 10:44:00,-91.97879345219849,IISC
2026-01-01 10:44:30,-89.00443379474665,IISC
2026-01-01 10:45:00,-86.67740987667543,IISC
2026-01-01 10:45:30,-85.32456278459492,IISC
2026-01-01 10:46:00,-83.6459323540718,IISC
2026-01-01 10:46:30,-85.46947292410744,IISC
2026-01-01 10:47:00,-84.94906575118637,IISC
2026-01-01 10:47:30,-86.97357655407656,IISC
2026-01-01 10:48:00,-91.9259065403128,IISC
2026-01-01 10:48:30,-90.42286064669,IISC
2026-01-01 10:49:00,-90.2885279061042,IISC
2026-01-01 10:49:30,-89.75965882271059,IISC
2026-01-01 10:50:00,-87.32474562393682,IISC
2026-01-01 10:50:30,-83.08850435780417,IISC
2026-01-01 10:51:00,-86.63192713497557,IISC
2026-01-01 10:51:30,-87.51408074910097,IISC
2026-01-01 10:52:00,-87.82505575899303,IISC
2026-01-01 10:52:30,-88.03343017385457,IISC
2026-01-01 10:53:00,-87.11848668176793,IISC
2026-01-01 10:53:30,-89.82629633468127,IISC
2026-01-01 10:54:00,-87.00425096328551,IISC
2026-01-01 10:54:30,-88.14026172215117,IISC
2026-01-01 10:55:00,-86.69010272859292,IISC
2026-01-01 10:55:30,-89.46666535828884,IISC
2026-01-01 10:56:00,-87.50033014901598,IISC
2026-01-01 10:56:30,-88.32325042923733,IISC
2026-01-01 10:57:00,-89.55657310534222,IISC
2026-01-01 10:57:30,-88.731537360309,IISC
2026-01-01 10:58:00,-90.81845471008265,IISC
2026-01-01 10:58:30,-91.40095110780115,IISC
2026-01-01 10:59:00,-90.86118733176552,IISC
2026-01-01 10:59:30,-89.3608915518551,IISC
2026-01-01 11:00:00,-91.13916091169862,IISC
2026-01-01 11:00:30,-93.70790683941026,IISC
2026-01-01 11:01:00,-89.85158588209947,IISC
2026-01-01 11:01:30,-93.29942760087823,IISC
2026-01-01 11:02:00,-92.8104641035456,IISC
2026-01-01 11:02:30,-93.27606121116979,IISC
2026-01-01 11:03:00,-92.15533954538606,IISC
2026-01-01 11:03:30,-92.60276279363171,IISC
2026-01-01 11:04:00,-89.15336332607062,IISC
2026-01-01 11:04:30,-88.82969545795646,IISC
2026-01-01 11:05:00,-90.37378159353185,IISC
2026-01-01 11:05:30,-88.96963421418107,IISC
2026-01-01 11:06:00,-86.28319087407935,IISC
2026-01-01 11:06:30,-87.35510269963264,IISC
2026-01-01 11:07:00,-87.26466609307491,IISC
2026-01-01 11:07:30,-87.99482273771372,IISC
2026-01-01 11:08:00,-89.30567761173268,IISC
2026-01-01 11:08:30,-91.65322165550863,IISC
2026-01-01 11:09:00,-91.05824394998959,IISC
2026-01-01 11:09:30,-90.05963335253466,IISC
2026-01-01 11:10:00,-92.69086277024564,IISC
2026-01-01 11:10:30,-93.97601461558531,IISC
2026-01-01 11:11:00,-92.656592045244,IISC
2026-01-01 11:11:30,-91.78744861773133,IISC
2026-01-01 11:12:00,-88.3137307922694,IISC
2026-01-01 11:12:30,-89.91398282003988,IISC
2026-01-01 11:13:00,-87.76444736783873,IISC
2026-01-01 11:13:30,-87.56072700354007,IISC
2026-01-01 11:14:00,-89.81307459528274,IISC
2026-01-01 11:14:30,-88.62311920197638,IISC
2026-01-01 11:15:00,-85.22841439506834,IISC
2026-01-01 11:15:30,-88.46794900690118,IISC
2026-01-01 11:16:00,-88.78209723016664,IISC
2026-01-01 11:16:30,-87.27037787643779,IISC
2026-01-01 11:17:00,-86.81153107275021,IISC
2026-01-01 11:17:30,-90.01774692938577,IISC
2026-01-01 11:18:00,-90.21099568967038,IISC
2026-01-01 11:18:30,-89.96729282764623,IISC
2026-01-01 11:19:00,-89.16573885905441,IISC
2026-01-01 11:19:30,-87.62450861161412,IISC
2026-01-01 11:20:00,-92.99263547116635,IISC
2026-01-01 11:20:30,-87.43316377675292,IISC
2026-01-01 11:21:00,-86.90291965265865,IISC
2026-01-01 11:21:30,-91.41713449517808,IISC
2026-01-01 11:22:00,-90.52704784899827,IISC
2026-01-01 11:22:30,-89.7968912149985,IISC
2026-01-01 11:23:00,-91.34764110374113,IISC
2026-01-01 11:23:30,-88.23757363702617,IISC
2026-01-01 11:24:00,-88.2604207882094,IISC
2026-01-01 11:24:30,-87.31036038480231,IISC
2026-01-01 11:25:00,-89.15431529587501,IISC
2026-01-01 11:25:30,-87.08664876809459,IISC
2026-01-01 11:26:00,-84.02798737292353,IISC
2026-01-01 11:26:30,-83.93902198243289,IISC
2026-01-01 11:27:00,-85.77285144775608,IISC
2026-01-01 11:27:30,-81.77460126576544,IISC
2026-01-01 11:28:00,-85.51149397390567,IISC
2026-01-01 11:28:30,-89.33925599505841,IISC
2026-01-01 11:29:00,-91.58935349763239,IISC
2026-01-01 11:29:30,-91.06577312283667,IISC
2026-01-01 11:30:00,-91.28991744116324,IISC
2026-01-01 11:30:30,-90.08005732300474,IISC
2026-01-01 11:31:00,-90.52228803124866,IISC
2026-01-01 11:31:30,-90.7057575179113,IISC
2026-01-01 11:32:00,-91.193855591373,IISC
2026-01-01 11:32:30,-89.4673384700426,IISC
2026-01-01 11:33:00,-84.39449364108364,IISC
2026-01-01 11:33:30,-84.27359418164914,IISC
2026-01-01 11:34:00,-83.78238057917139,IISC
2026-01-01 11:34:30,-82.23596742048176,IISC
2026-01-01 11:35:00,-81.76633168281336,IISC
2026-01-01 11:35:30,-81.8932602532133,IISC
2026-01-01 11:36:00,-79.18650835240783,IISC
2026-01-01 11:36:30,-81.12428462910478,IISC
2026-01-01 11:37:00,-79.39699823602164,IISC
2026-01-01 11:37:30,-81.54949536141964,IISC
2026-01-01 11:38:00,-81.42362451948526,IISC
2026-01-01 11:38:30,-81.93028108444061,IISC
2026-01-01 11:39:00,-79.31449467097524,IISC
2026-01-01 11:39:30,-82.30048944005787,IISC
2026-01-01 11:40:00,-81.0914947393224,IISC
2026-01-01 11:40:30,-82.06990252645996,IISC
2026-01-01 11:41:00,-84.08806690733178,IISC
2026-01-01 11:41:30,-83.10437042664142,IISC
2026-01-01 11:42:00,-83.16889245803867,IISC
2026-01-01 11:42:30,-80.66755330520252,IISC
2026-01-01 11:43:00,-82.64478321223989,IISC
2026-01-01 11:43:30,-84.17363791960368,IISC
2026-01-01 11:44:00,-85.0865717169667,IISC
2026-01-01 11:44:30,-81.27395457744731,IISC
2026-01-01 11:45:00,-82.00315925228175,IISC
2026-01-01 11:45:30,-82.33729873504899,IISC
2026-01-01 11:46:00,-80.74561436813742,IISC
2026-01-01 11:46:30,-77.86592227484383,IISC
2026-01-01 11:47:00,-77.8097563826487,IISC
2026-01-01 11:47:30,-77.13386170832796,IISC
2026-01-01 11:48:00,-78.95306554279404,IISC
2026-01-01 11:48:30,-81.66330798615164,IISC
2026-01-01 11:49:00,-80.28010382192163,IISC
2026-01-01 11:49:30,-81.47101118503238,IISC
2026-01-01 11:50:00,-78.73220981776772,IISC
2026-01-01 11:50:30,-81.12640011243646,IISC
2026-01-01 11:51:00,-82.19894658925445,IISC
2026-01-01 11:51:30,-79.3388226424043,IISC
2026-01-01 11:52:00,-80.88946677012152,IISC
2026-01-01 11:52:30,-84.01614071362945,IISC
2026-01-01 11:53:00,-80.11097149131334,IISC
2026-01-01 11:53:30,-78.2588719887018,IISC
2026-01-01 11:54:00,-77.90135649682318,IISC
2026-01-01 11:54:30,-80.1955905290524,IISC
2026-01-01 11:55:00,-79.43507681541642,IISC
2026-01-01 11:55:30,-78.50849820775865,IISC
2026-01-01 11:56:00,-76.05348796717962,IISC
2026-01-01 11:56:30,-74.50072837859088,IISC
2026-01-01 11:57:00,-84.69436240948828,IISC
2026-01-01 11:57:30,-82.09264390322045,IISC
2026-01-01 11:58:00,-82.50770033705768,IISC
2026-01-01 11:58:30,-81.61380584712379,IISC
2026-01-01 11:59:00,-80.55236560785283,IISC
2026-01-01 11:59:30,-78.38283891388161,IISC
2026-01-01 12:00:00,-78.56942391390626,IISC
2026-01-01 12:00:30,-80.36673257053988,IISC
2026-01-01 12:01:00,-81.3091772509753,IISC
2026-01-01 12:01:30,-82.71012257135303,IISC
2026-01-01 12:02:00,-79.02922269094458,IISC
2026-01-01 12:02:30,-79.4918773490253,IISC
2026-01-01 12:03:00,-77.46895315735324,IISC
2026-01-01 12:03:30,-75.0757148324889,IISC
2026-01-01 12:04:00,-78.83978178859945,IISC
2026-01-01 12:04:30,-78.19244603463942,IISC
2026-01-01 12:05:00,-80.66426468643307,IISC
2026-01-01 12:05:30,-81.05889718171733,IISC
2026-01-01 12:06:00,-78.68244804545311,IISC
2026-01-01 12:06:30,-79.23977988351284,IISC
2026-01-01 12:07:00,-80.56127945212312,IISC
2026-01-01 12:07:30,-80.83734911888384,IISC
2026-01-01 12:08:00,-80.32934633830172,IISC
2026-01-01 12:08:30,-78.91265032442841,IISC
2026-01-01 12:09:00,-80.38386792288526,IISC
2026-01-01 12:09:30,-81.55478405067383,IISC
2026-01-01 12:10:00,-82.44097629555989,IISC
2026-01-01 12:10:30,-78.04584353943294,IISC
2026-01-01 12:11:00,-75.74208987259999,IISC
2026-01-01 12:11:30,-74.64066713560354,IISC
2026-01-01 12:12:00,-75.5973912779925,IISC
2026-01-01 12:12:30,-80.1675123936056,IISC
2026-01-01 12:13:00,-74.94555534376076,IISC
2026-01-01 12:13:30,-75.99098525528217,IISC
2026-01-01 12:14:00,-77.16536308177851,IISC
2026-01-01 12:14:30,-79.76768737443936,IISC
2026-01-01 12:15:00,-77.13680414884439,IISC
2026-01-01 12:15:30,-79.09006186333814,IISC
2026-01-01 12:16:00,-76.8806391892041,IISC
2026-01-01 12:16:30,-76.6374555844041,IISC
2026-01-01 12:17:00,-74.85641686881833,IISC
2026-01-01 12:17:30,-76.58899194112558,IISC
2026-01-01 12:18:00,-78.69542937450177,IISC
2026-01-01 12:18:30,-75.53836948960243,IISC
2026-01-01 12:19:00,-70.08880641949932,IISC
2026-01-01 12:19:30,-71.34886102223035,IISC
2026-01-01 12:20:00,-73.95983955037671,IISC
2026-01-01 12:20:30,-73.23548124051494,IISC
2026-01-01 12:21:00,-76.86938871112129,IISC
2026-01-01 12:21:30,-74.26368925633669,IISC
2026-01-01 12:22:00,-73.02518367252881,IISC
2026-01-01 12:22:30,-70.55293230783249,IISC
2026-01-01 12:23:00,-74.2679298294356,IISC
2026-01-01 12:23:30,-72.02562110946063,IISC
2026-01-01 12:24:00,-72.58381838428708,IISC
2026-01-01 12:24:30,-72.25149629487281,IISC
2026-01-01 12:25:00,-71.51502207016144,IISC
2026-01-01 12:25:30,-70.42285935343158,IISC
2026-01-01 12:26:00,-71.78416834917854,IISC
2026-01-01 12:26:30,-75.02171248643059,IISC
2026-01-01 12:27:00,-77.71230984950661,IISC
2026-01-01 12:27:30,-78.19521538619051,IISC
2026-01-01 12:28:00,-76.74130624258497,IISC
2026-01-01 12:28:30,-74.67294737248382,IISC
2026-01-01 12:29:00,-69.07799339511286,IISC
2026-01-01 12:29:30,-71.93734806483702,IISC
2026-01-01 12:30:00,-69.50205023108244,IISC
2026-01-01 12:30:30,-69.93735754191087,IISC
2026-01-01 12:31:00,-72.03773702753413,IISC
2026-01-01 12:31:30,-73.81271778891906,IISC
2026-01-01 12:32:00,-71.43799950362069,IISC
2026-01-01 12:32:30,-71.88628815639358,IISC
2026-01-01 12:33:00,-72.1987055483593,IISC
2026-01-01 12:33:30,-73.3670254013111,IISC
2026-01-01 12:34:00,-74.03945838530639,IISC
2026-01-01 12:34:30,-72.7274784534849,IISC
2026-01-01 12:35:00,-72.47131350996438,IISC
2026-01-01 12:35:30,-71.97456120424113,IISC
2026-01-01 12:36:00,-69.98149407873045,IISC
2026-01-01 12:36:30,-69.55137928856003,IISC
2026-01-01 12:37:00,-70.49122770705446,IISC
2026-01-01 12:37:30,-72.14504937797484,IISC
2026-01-01 12:38:00,-70.98711458245889,IISC
2026-01-01 12:38:30,-68.4834483950814,IISC
2026-01-01 12:39:00,-69.71494406487831,IISC
2026-01-01 12:39:30,-67.21993210009053,IISC
2026-01-01 12:40:00,-70.0446698923516,IISC
2026-01-01 12:40:30,-67.70803017032827,IISC
2026-01-01 12:41:00,-67.6751441373831,IISC
2026-01-01 12:41:30,-70.26189084550221,IISC
2026-01-01 12:42:00,-66.4150895346521,IISC
2026-01-01 12:42:30,-65.73746401387902,IISC
2026-01-01 12:43:00,-66.79068272411922,IISC
2026-01-01 12:43:30,-67.8802491724602,IISC
2026-01-01 12:44:00,-71.0130772405562,IISC
2026-01-01 12:44:30,-68.52585407771116,IISC
2026-01-01 12:45:00,-65.75122422989224,IISC
2026-01-01 12:45:30,-66.07584405717178,IISC
2026-01-01 12:46:00,-67.8122269938664,IISC
2026-01-01 12:46:30,-68.99171080443678,IISC
2026-01-01 12:47:00,-67.31244572619528,IISC
2026-01-01 12:47:30,-65.67887493258851,IISC
2026-01-01 12:48:00,-63.4817412667829,IISC
2026-01-01 12:48:30,-64.88208080237958,IISC
2026-01-01 12:49:00,-64.51747845609651,IISC
2026-01-01 12:49:30,-60.20317611638993,IISC
2026-01-01 12:50:00,-61.93289530700999,IISC
2026-01-01 12:50:30,-61.30364688358198,IISC
2026-01-01 12:51:00,-62.40030978574189,IISC
2026-01-01 12:51:30,-63.65785467697888,IISC
2026-01-01 12:52:00,-67.52949359682846,IISC
2026-01-01 12:52:30,-62.617357652828716,IISC
2026-01-01 12:53:00,-62.596414448346955,IISC
2026-01-01 12:53:30,-61.85769012511751,IISC
2026-01-01 12:54:00,-62.24133175755162,IISC
2026-01-01 12:54:30,-60.32978738046538,IISC
2026-01-01 12:55:00,-61.387419751157836,IISC
2026-01-01 12:55:30,-61.274135982777864,IISC
2026-01-01 12:56:00,-61.49879957638268,IISC
2026-01-01 12:56:30,-61.25700062914291,IISC
2026-01-01 12:57:00,-61.159900272964265,IISC
2026-01-01 12:57:30,-63.124754643471476,IISC
2026-01-01 12:58:00,-61.990013158370445,IISC
2026-01-01 12:58:30,-59.85285324269942,IISC
2026-01-01 12:59:00,-62.004292630963015,IISC
2026-01-01 12:59:30,-61.43787385289736,IISC
2026-01-01 13:00:00,-59.62247787637077,IISC
2026-01-01 13:00:30,-57.602409572833814,IISC
2026-01-01 13:01:00,-58.006042450584324,IISC
2026-01-01 13:01:30,-60.65535918464197,IISC
2026-01-01 13:02:00,-60.63251202281972,IISC
2026-01-01 13:02:30,-58.241177644656844,IISC
2026-01-01 13:03:00,-55.15395732203242,IISC
2026-01-01 13:03:30,-57.60716939703131,IISC
2026-01-01 13:04:00,-59.792879492564836,IISC
2026-01-01 13:04:30,-58.56294158025493,IISC
2026-01-01 13:05:00,-58.35350942550072,IISC
2026-01-01 13:05:30,-56.84750186222743,IISC
2026-01-01 13:06:00,-55.46524964652375,IISC
2026-01-01 13:06:30,-52.76928666866604,IISC
2026-01-01 13:07:00,-54.64180051073847,IISC
2026-01-01 13:07:30,-57.30254080442918,IISC
2026-01-01 13:08:00,-58.67336943922173,IISC
2026-01-01 13:08:30,-56.646637386063865,IISC
2026-01-01 13:09:00,-56.182078799013404,IISC
2026-01-01 13:09:30,-51.7593583009742,IISC
2026-01-01 13:10:00,-51.15538982666039,IISC
2026-01-01 13:10:30,-49.587821889819196,IISC
2026-01-01 13:11:00,-48.54806529214453,IISC
2026-01-01 13:11:30,-50.591615380791744,IISC
2026-01-01 13:12:00,-49.35300402689557,IISC
2026-01-01 13:12:30,-48.57979743375943,IISC
2026-01-01 13:13:00,-49.97283858186778,IISC
2026-01-01 13:13:30,-50.256312399470644,IISC
2026-01-01 13:14:00,-48.84952066309847,IISC
2026-01-01 13:14:30,-50.06168857681331,IISC
2026-01-01 13:15:00,-48.82519268772903,IISC
2026-01-01 13:15:30,-48.41479028002433,IISC
2026-01-01 13:16:00,-48.97116055176675,IISC
2026-01-01 13:16:30,-49.22184448352763,IISC
2026-01-01 13:17:00,-51.92224996231474,IISC
2026-01-01 13:17:30,-50.95230408564975,IISC
2026-01-01 13:18:00,-49.713692731753575,IISC
2026-01-01 13:18:30,-50.16323144337825,IISC
2026-01-01 13:19:00,-47.306280709507455,IISC
2026-01-01 13:19:30,-44.47048475378824,IISC
2026-01-01 13:20:00,-47.32320451863143,IISC
2026-01-01 13:20:30,-46.13219137124702,IISC
2026-01-01 13:21:00,-46.490764611293116,IISC
2026-01-01 13:21:30,-48.227570635433594,IISC
2026-01-01 13:22:00,-46.99953665682188,IISC
2026-01-01 13:22:30,-47.65850751177367,IISC
2026-01-01 13:23:00,-48.96058317254191,IISC
2026-01-01 13:23:30,-47.62360214929865,IISC
2026-01-01 13:24:00,-47.38243786041627,IISC
2026-01-01 13:24:30,-46.67798426770499,IISC
2026-01-01 13:25:00,-44.49904368242376,IISC
2026-01-01 13:25:30,-44.520198440873436,IISC
2026-01-01 13:26:00,-43.80516745317579,IISC
2026-01-01 13:26:30,-44.12143116844178,IISC
2026-01-01 13:27:00,-43.778724012994466,IISC
2026-01-01 13:27:30,-47.561195606355575,IISC
2026-01-01 13:28:00,-56.38389522724964,IISC
2026-01-01 13:28:30,-55.89934538779009,IISC
2026-01-01 13:29:00,-54.21912835747594,IISC
2026-01-01 13:29:30,-54.25244709848782,IISC
2026-01-01 13:30:00,-51.506981967416905,IISC
2026-01-01 13:30:30,-57.562427078654665,IISC
2026-01-01 13:31:00,-59.838573780745904,IISC
2026-01-01 13:31:30,-59.75860878174857,IISC
2026-01-01 13:32:00,-55.677537692959405,IISC
2026-01-01 13:32:30,-55.18822803994137,IISC
2026-01-01 13:33:00,-54.456167462786496,IISC
2026-01-01 13:33:30,-58.156452814369324,IISC
2026-01-01 13:34:00,-55.17299660818346,IISC
2026-01-01 13:34:30,-56.47909166864391,IISC
2026-01-01 13:35:00,-55.58519716097828,IISC
2026-01-01 13:35:30,-57.37203421359784,IISC
2026-01-01 13:36:00,-55.50618411759997,IISC
2026-01-01 13:36:30,-54.70272623422378,IISC
2026-01-01 13:37:00,-54.56278746736016,IISC
2026-01-01 13:37:30,-56.00025361254724,IISC
2026-01-01 13:38:00,-57.170217760537206,IISC
2026-01-01 13:38:30,-53.22622955047657,IISC
2026-01-01 13:39:00,-51.041471421201095,IISC
2026-01-01 13:39:30,-49.046154190724394,IISC
2026-01-01 13:40:00,-50.843462847358,IISC
2026-01-01 13:40:30,-52.85020363746776,IISC
2026-01-01 13:41:00,-52.64267541522962,IISC
2026-01-01 13:41:30,-50.56072942549565,IISC
2026-01-01 13:42:00,-51.04623123830592,IISC
2026-01-01 13:42:30,-51.10906088366828,IISC
2026-01-01 13:43:00,-46.94136105335356,IISC
2026-01-01 13:43:30,-46.825935379511314,IISC
2026-01-01 13:44:00,-46.077453434054014,IISC
2026-01-01 13:44:30,-47.673183633624426,IISC
2026-01-01 13:45:00,-46.21667820671922,IISC
2026-01-01 13:45:30,-44.443644641790044,IISC
2026-01-01 13:46:00,-46.79499653818598,IISC
2026-01-01 13:46:30,-47.91236466833507,IISC
2026-01-01 13:47:00,-46.57009496631544,IISC
2026-01-01 13:47:30,-43.464311339782384,IISC
2026-01-01 13:48:00,-42.76342760526978,IISC
2026-01-01 13:48:30,-38.34036335109431,IISC
2026-01-01 13:49:00,-41.613930671539876,IISC
2026-01-01 13:49:30,-43.62971514464736,IISC
2026-01-01 13:50:00,-40.06817860299219,IISC
2026-01-01 13:50:30,-44.837519896426144,IISC
2026-01-01 13:51:00,-45.013633299529445,IISC
2026-01-01 13:51:30,-46.88781305772904,IISC
2026-01-01 13:52:00,-46.056034228711525,IISC
2026-01-01 13:52:30,-43.603536121313454,IISC
2026-01-01 13:53:00,-40.03247994367544,IISC
2026-01-01 13:53:30,-40.196693781852005,IISC
2026-01-01 13:54:00,-41.39854875781682,IISC
2026-01-01 13:54:30,-42.13394118939068,IISC
2026-01-01 13:55:00,-43.23345998766494,IISC
2026-01-01 13:55:30,-43.51428947080511,IISC
2026-01-01 13:56:00,-42.1256115112304,IISC
2026-01-01 13:56:30,-40.235452331445906,IISC
2026-01-01 13:57:00,-42.59224402363169,IISC
2026-01-01 13:57:30,-42.0877029302432,IISC
2026-01-01 13:58:00,-40.470383531355644,IISC
2026-01-01 13:58:30,-42.84672448883001,IISC
2026-01-01 13:59:00,-41.82387280847134,IISC
2026-01-01 13:59:30,-39.7594701700704,IISC
2026-01-01 14:00:00,-40.41496561404222,IISC
2026-01-01 14:00:30,-42.057784036300596,IISC
2026-01-01 14:01:00,-43.97803209830285,IISC
2026-01-01 14:01:30,-40.59991867343009,IISC
2026-01-01 14:02:00,-39.465721174620775,IISC
2026-01-01 14:02:30,-41.68515800886423,IISC
2026-01-01 14:03:00,-41.199656205173135,IISC
2026-01-01 14:03:30,-41.088140375649395,IISC
2026-01-01 14:04:00,-41.06502124069281,IISC
2026-01-01 14:04:30,-40.62167786165568,IISC
2026-01-01 14:05:00,-40.95350542636768,IISC
2026-01-01 14:05:30,-40.29529009400009,IISC
2026-01-01 14:06:00,-36.87909810176477,IISC
2026-01-01 14:06:30,-42.016135604336256,IISC
2026-01-01 14:07:00,-43.82367787075964,IISC
2026-01-01 14:07:30,-42.65990149635426,IISC
2026-01-01 14:08:00,-44.86184787573595,IISC
2026-01-01 14:08:30,-42.67338764757622,IISC
2026-01-01 14:09:00,-42.6585793150853,IISC
2026-01-01 14:09:30,-43.048884696746285,IISC
2026-01-01 14:10:00,-44.17431806850635,IISC
2026-01-01 14:10:30,-39.67668325513533,IISC
2026-01-01 14:11:00,-37.778704393679845,IISC
2026-01-01 14:11:30,-39.63384487548085,IISC
2026-01-01 14:12:00,-40.10149734666384,IISC
2026-01-01 14:12:30,-36.05088912405026,IISC
2026-01-01 14:13:00,-38.572536858375685,IISC
2026-01-01 14:13:30,-37.79933027706069,IISC
2026-01-01 14:14:00,-42.19952095664173,IISC
2026-01-01 14:14:30,-40.56320005089871,IISC
2026-01-01 14:15:00,-39.04534581690423,IISC
2026-01-01 14:15:30,-40.96514054419049,IISC
2026-01-01 14:16:00,-40.455310766255785,IISC
2026-01-01 14:16:30,-38.74494818623701,IISC
2026-01-01 14:17:00,-37.2087157581051,IISC
2026-01-01 14:17:30,-38.29990485162149,IISC
2026-01-01 14:18:00,-42.4802182197833,IISC
2026-01-01 14:18:30,-43.8974551139041,IISC
2026-01-01 14:19:00,-40.15266543550911,IISC
2026-01-01 14:19:30,-38.98055935634587,IISC
2026-01-01 14:20:00,-41.88881038773192,IISC
2026-01-01 14:20:30,-44.72447412049728,IISC
2026-01-01 14:21:00,-43.2441695903362,IISC
2026-01-01 14:21:30,-41.62583022760074,IISC
2026-01-01 14:22:00,-42.13632110503579,IISC
2026-01-01 14:22:30,-38.605326752098435,IISC
2026-01-01 14:23:00,-40.47329230384532,IISC
2026-01-01 14:23:30,-43.04544703293371,IISC
2026-01-01 14:24:00,-43.852236809738656,IISC
2026-01-01 14:24:30,-42.95739034024792,IISC
2026-01-01 14:25:00,-45.01958306647755,IISC
2026-01-01 14:25:30,-41.66866862941987,IISC
2026-01-01 14:26:00,-39.186421638519015,IISC
2026-01-01 14:26:30,-40.87496836649835,IISC
2026-01-01 14:27:00,-42.89075283960584,IISC
2026-01-01 14:27:30,-40.857251255607174,IISC
2026-01-01 14:28:00,-43.975463296523316,IISC
2026-01-01 14:28:30,-52.83825120256884,IISC
2026-01-01 14:29:00,-52.18985771896112,IISC
2026-01-01 14:29:30,-48.11756587021725,IISC
2026-01-01 14:30:00,-49.64917070035632,IISC
2026-01-01 14:30:30,-47.12963844020119,IISC
2026-01-01 14:31:00,-39.51722923938311,IISC
2026-01-01 14:31:30,-41.27853325235849,IISC
2026-01-01 14:32:00,-38.637512207038675,IISC
2026-01-01 14:32:30,-41.44852687744058,IISC
2026-01-01 14:33:00,-38.823825228356164,IISC
2026-01-01 14:33:30,-38.56135505838152,IISC
2026-01-01 14:34:00,-38.00649585488686,IISC
2026-01-01 14:34:30,-40.56863984795511,IISC
2026-01-01 14:35:00,-40.54552071806472,IISC
2026-01-01 14:35:30,-40.5958388332371,IISC
2026-01-01 14:36:00,-41.5967613345619,IISC
2026-01-01 14:36:30,-39.69147271193164,IISC
2026-01-01 14:37:00,-41.1085396272764,IISC
2026-01-01 14:37:30,-39.56720737040584,IISC
2026-01-01 14:38:00,-36.104437124107704,IISC
2026-01-01 14:38:30,-37.462176251222935,IISC
2026-01-01 14:39:00,-46.798566404265415,IISC
2026-01-01 14:39:30,-47.566484295968,IISC
2026-01-01 14:40:00,-46.73192890805626,IISC
2026-01-01 14:40:30,-50.3049683502095,IISC
2026-01-01 14:41:00,-46.295083052289456,IISC
2026-01-01 14:41:30,-49.17318854066954,IISC
2026-01-01 14:42:00,-48.27622659011283,IISC
2026-01-01 14:42:30,-50.66671479141384,IISC
2026-01-01 14:43:00,-48.757233015668945,IISC
2026-01-01 14:43:30,-50.3208344205244,IISC
2026-01-01 14:44:00,-49.57235246620125,IISC
2026-01-01 14:44:30,-50.51241724429036,IISC
2026-01-01 14:45:00,-51.4013139335342,IISC
2026-01-01 14:45:30,-49.88293082397833,IISC
2026-01-01 14:46:00,-46.49750768985938,IISC
2026-01-01 14:46:30,-45.622890467888595,IISC
2026-01-01 14:47:00,-44.62094800271589,IISC
2026-01-01 14:47:30,-45.68238823489415,IISC
2026-01-01 14:48:00,-45.10644981020664,IISC
2026-01-01 14:48:30,-45.36467013018176,IISC
2026-01-01 14:49:00,-48.326469161625255,IISC
2026-01-01 14:49:30,-43.971232343749776,IISC
2026-01-01 14:50:00,-47.0484570446026,IISC
2026-01-01 14:50:30,-48.68583569260252,IISC
2026-01-01 14:51:00,-50.58976434760369,IISC
2026-01-01 14:51:30,-48.12893655317947,IISC
2026-01-01 14:52:00,-47.56013787542727,IISC
2026-01-01 14:52:30,-45.552683084913,IISC
2026-01-01 14:53:00,-51.17760231188691,IISC
2026-01-01 14:53:30,-51.00488880347522,IISC
2026-01-01 14:54:00,-52.49403299182071,IISC
2026-01-01 14:54:30,-53.326321804662015,IISC
2026-01-01 14:55:00,-49.59020180694194,IISC
2026-01-01 14:55:30,-51.30849741399113,IISC
2026-01-01 14:56:00,-48.666531963893064,IISC
2026-01-01 14:56:30,-48.29420813952351,IISC
2026-01-01 14:57:00,-48.53114148597586,IISC
2026-01-01 14:57:30,-47.95758297250052,IISC
2026-01-01 14:58:00,-45.82756278780626,IISC
2026-01-01 14:58:30,-41.22957507997673,IISC
2026-01-01 14:59:00,-39.507577392267564,IISC
2026-01-01 14:59:30,-41.00004590272514,IISC
2026-01-01 15:00:00,-43.57775376043801,IISC
2026-01-01 15:00:30,-43.167351364554435,IISC
2026-01-01 15:01:00,-40.92917744536913,IISC
2026-01-01 15:01:30,-42.46289774820087,IISC
2026-01-01 15:02:00,-44.25576390902758,IISC
2026-01-01 15:02:30,-45.47216277206812,IISC
2026-01-01 15:03:00,-45.29023181314944,IISC
2026-01-01 15:03:30,-44.04527401753299,IISC
2026-01-01 15:04:00,-41.37236973103507,IISC
2026-01-01 15:04:30,-42.15086499802211,IISC
2026-01-01 15:05:00,-45.23522943645183,IISC
2026-01-01 15:05:30,-44.547699637103,IISC
2026-01-01 15:06:00,-41.41362151552847,IISC
2026-01-01 15:06:30,-39.68633512244534,IISC
2026-01-01 15:07:00,-38.22031006399024,IISC
2026-01-01 15:07:30,-39.984617296181426,IISC
2026-01-01 15:08:00,-43.96700138999114,IISC
2026-01-01 15:08:30,-42.83733704920346,IISC
2026-01-01 15:09:00,-39.1585238069211,IISC
2026-01-01 15:09:30,-42.59194181099537,IISC
2026-01-01 15:10:00,-39.215641652370984,IISC
2026-01-01 15:10:30,-39.84288036964827,IISC
2026-01-01 15:11:00,-39.3827642906199,IISC
2026-01-01 15:11:30,-40.439444681657,IISC
2026-01-01 15:12:00,-44.868194293813936,IISC
2026-01-01 15:12:30,-38.53657376349471,IISC
2026-01-01 15:13:00,-39.34680118391778,IISC
2026-01-01 15:13:30,-40.97254470255519,IISC
2026-01-01 15:14:00,-42.95368825219971,IISC
2026-01-01 15:14:30,-40.73772683963156,IISC
2026-01-01 15:15:00,-37.74961659785626,IISC
2026-01-01 15:15:30,-38.555613053192104,IISC
2026-01-01 15:16:00,-47.206721106965205,IISC
2026-01-01 15:16:30,-39.95817383235781,IISC
2026-01-01 15:17:00,-41.23803699438967,IISC
2026-01-01 15:17:30,-40.17395241346482,IISC
2026-01-01 15:18:00,-44.343450405025216,IISC
2026-01-01 15:18:30,-45.18593883050788,IISC
2026-01-01 15:19:00,-38.64234758726612,IISC
2026-01-01 15:19:30,-37.35296479023652,IISC
2026-01-01 15:20:00,-41.05081733009703,IISC
2026-01-01 15:20:30,-43.03301861214751,IISC
2026-01-01 15:21:00,-40.124344496073874,IISC
2026-01-01 15:21:30,-39.038153183742665,IISC
2026-01-01 15:22:00,-41.05060578203969,IISC
2026-01-01 15:22:30,-41.125810967478536,IISC
2026-01-01 15:23:00,-41.78076242667849,IISC
2026-01-01 15:23:30,-41.122955079343434,IISC
2026-01-01 15:24:00,-41.88167064079661,IISC
2026-01-01 15:24:30,-41.60401438097933,IISC
2026-01-01 15:25:00,-46.208348513486975,IISC
2026-01-01 15:25:30,-44.58334540910989,IISC
2026-01-01 15:26:00,-42.05302422324873,IISC
2026-01-01 15:26:30,-42.73272675196262,IISC
2026-01-01 15:27:00,-35.80020519376701,IISC
2026-01-01 15:27:30,-37.09593441675536,IISC
2026-01-01 15:28:00,-38.03954261465848,IISC
2026-01-01 15:28:30,-29.74253884605291,IISC
2026-01-01 15:29:00,-30.07255315115889,IISC
2026-01-01 15:29:30,-31.228237844288014,IISC
2026-01-01 15:30:00,-39.209824102466165,IISC
2026-01-01 15:30:30,-38.667060199049246,IISC
2026-01-01 15:31:00,-41.79642656843751,IISC
2026-01-01 15:31:30,-44.36067230104727,IISC
2026-01-01 15:32:00,-37.340800789154514,IISC
2026-01-01 15:32:30,-39.80162859421776,IISC
2026-01-01 15:33:00,-41.918797253933356,IISC
2026-01-01 15:33:30,-41.914037429735835,IISC
2026-01-01 15:34:00,-39.39228392246534,IISC
2026-01-01 15:34:30,-35.97282805668242,IISC
2026-01-01 15:35:00,-36.45547397071857,IISC
2026-01-01 15:35:30,-39.1638124921991,IISC
2026-01-01 15:36:00,-40.1738466492871,IISC
2026-01-01 15:36:30,-40.714562377395396,IISC
2026-01-01 15:37:00,-40.821182389061754,IISC
2026-01-01 15:37:30,-41.848351899784724,IISC
2026-01-01 15:38:00,-43.23726785092394,IISC
2026-01-01 15:38:30,-43.968376451181754,IISC
2026-01-01 15:39:00,-44.63855934568598,IISC
2026-01-01 15:39:30,-44.23778236670959,IISC
2026-01-01 15:40:00,-42.8650497958546,IISC
2026-01-01 15:40:30,-41.789330101722804,IISC
2026-01-01 15:41:00,-43.00594051833724,IISC
2026-01-01 15:41:30,-40.199549677966374,IISC
2026-01-01 15:42:00,-41.024902753360415,IISC
2026-01-01 15:42:30,-42.46885954920885,IISC
2026-01-01 15:43:00,-42.48703341503529,IISC
2026-01-01 15:43:30,-44.4489453617906,IISC
2026-01-01 15:44:00,-45.640631617346635,IISC
2026-01-01 15:44:30,-43.75228055132015,IISC
2026-01-01 15:45:00,-44.552882549140406,IISC
2026-01-01 15:45:30,-45.02531648954773,IISC
2026-01-01 15:46:00,-46.39960681111941,IISC
2026-01-01 15:46:30,-43.86391999854797,IISC
2026-01-01 15:47:00,-41.22438255681118,IISC
2026-01-01 15:47:30,-42.08158314360944,IISC
2026-01-01 15:48:00,-44.73107296340847,IISC
2026-01-01 15:48:30,-43.645833624750374,IISC
2026-01-01 15:49:00,-44.8738676119593,IISC
2026-01-01 15:49:30,-46.935303100764706,IISC
2026-01-01 15:50:00,-47.616390300901806,IISC
2026-01-01 15:50:30,-44.157298104040244,IISC
2026-01-01 15:51:00,-43.11013734155297,IISC
2026-01-01 15:51:30,-42.14519168560822,IISC
2026-01-01 15:52:00,-44.95867898689068,IISC
2026-01-01 15:52:30,-32.7228218443819,IISC
2026-01-01 15:53:00,-35.19792909366695,IISC
2026-01-01 15:53:30,-37.39791866179303,IISC
2026-01-01 15:54:00,-38.14140279503464,IISC
2026-01-01 15:54:30,-35.19306350253344,IISC
2026-01-01 15:55:00,-36.62397165085023,IISC
2026-01-01 15:55:30,-37.02379667420761,IISC
2026-01-01 15:56:00,-37.35222437006563,IISC
2026-01-01 15:56:30,-38.314660313549176,IISC
2026-01-01 15:57:00,-38.04906225596083,IISC
2026-01-01 15:57:30,-35.44163196987647,IISC
2026-01-01 15:58:00,-37.78727207404368,IISC
2026-01-01 15:58:30,-37.63971759839378,IISC
2026-01-01 15:59:00,-33.83175450786113,IISC
2026-01-01 15:59:30,-32.777189577695545,IISC
2026-01-01 16:00:00,-34.48226346416152,IISC
2026-01-01 16:00:30,-42.71463943561596,IISC
2026-01-01 16:01:00,-39.867314124168864,IISC
2026-01-01 16:01:30,-38.0423985134326,IISC
2026-01-01 16:02:00,-37.78727207049733,IISC
2026-01-01 16:02:30,-37.32080954738445,IISC
2026-01-01 16:03:00,-38.515524789712735,IISC
2026-01-01 16:03:30,-36.76391041416751,IISC
2026-01-01 16:04:00,-37.670180458363255,IISC
2026-01-01 16:04:30,-40.85484730864909,IISC
2026-01-01 16:05:00,-46.296621570361566,IISC
2026-01-01 16:05:30,-48.84096260229879,IISC
2026-01-01 16:06:00,-43.337743355363344,IISC
2026-01-01 16:06:30,-44.16249063437012,IISC
2026-01-01 16:07:00,-39.376100531542065,IISC
2026-01-01 16:07:30,-38.636424249147254,IISC
2026-01-01 16:08:00,-37.688267781802615,IISC
2026-01-01 16:08:30,-35.47971053863223,IISC
2026-01-01 16:09:00,-36.34790199988686,IISC
2026-01-01 16:09:30,-37.53404955298546,IISC
2026-01-01 16:10:00,-36.1803562824669,IISC
2026-01-01 16:10:30,-37.585455631622075,IISC
2026-01-01 16:11:00,-31.162023434342586,IISC
2026-01-01 16:11:30,-31.997636570421793,IISC
2026-01-01 16:12:00,-31.043556766534444,IISC
2026-01-01 16:12:30,-29.45694954787662,IISC
2026-01-01 16:13:00,-30.30631327616004,IISC
2026-01-01 16:13:30,-33.26480685689387,IISC
2026-01-01 16:14:00,-31.262508556680434,IISC
2026-01-01 16:14:30,-29.55003050396901,IISC
2026-01-01 16:15:00,-30.510456733815108,IISC
2026-01-01 16:15:30,-31.085866283433784,IISC
2026-01-01 16:16:00,-30.956822236400804,IISC
2026-01-01 16:16:30,-32.87132828195541,IISC
2026-01-01 16:17:00,-29.69388289925444,IISC
2026-01-01 16:17:30,-25.87333271861778,IISC
2026-01-01 16:18:00,-26.885588124003263,IISC
2026-01-01 16:18:30,-17.016362374298225,IISC
2026-01-01 16:19:00,-18.439549048665917,IISC
2026-01-01 16:19:30,-15.425391992719238,IISC
2026-01-01 16:20:00,-17.301951675429805,IISC
2026-01-01 16:20:30,-21.457275960348532,IISC
2026-01-01 16:21:00,-23.127973374184744,IISC
2026-01-01 16:21:30,-19.262998199523153,IISC
2026-01-01 16:22:00,-19.372474101984366,IISC
2026-01-01 16:22:30,-28.606528083246864,IISC
2026-01-01 16:23:00,-29.28771146451772,IISC
2026-01-01 16:23:30,-26.417010122681184,IISC
2026-01-01 16:24:00,-29.596570982015198,IISC
2026-01-01 16:24:30,-18.627562012263013,IISC
2026-01-01 16:25:00,-20.376796465070456,IISC
2026-01-01 16:25:30,-18.502616680273274,IISC
2026-01-01 16:26:00,-19.215399975279674,IISC
2026-01-01 16:26:30,-19.449821187565977,IISC
2026-01-01 16:27:00,-19.922233494472103,IISC
2026-01-01 16:27:30,-18.302704182779955,IISC
2026-01-01 16:28:00,-16.217902297818213,IISC
2026-01-01 16:28:30,-15.472990199230999,IISC
2026-01-01 16:29:00,-15.898994248582055,IISC
2026-01-01 16:29:30,-16.939015279850754,IISC
2026-01-01 16:30:00,-18.219407290353868,IISC
2026-01-01 16:30:30,-18.271765341454625,IISC
2026-01-01 16:31:00,-19.586666071183657,IISC
2026-01-01 16:31:30,-27.393302429245306,IISC
2026-01-01 16:32:00,-28.30613044469889,IISC
2026-01-01 16:32:30,-28.260647706939405,IISC
2026-01-01 16:33:00,-29.576473948090715,IISC
2026-01-01 16:33:30,-27.692642331446955,IISC
2026-01-01 16:34:00,-27.8671691201798,IISC
2026-01-01 16:34:30,-27.315029813524607,IISC
2026-01-01 16:35:00,-26.0616101074356,IISC
2026-01-01 16:35:30,-27.556194102406987,IISC
2026-01-01 16:36:00,-28.024772103729063,IISC
2026-01-01 16:36:30,-31.668680011119065,IISC
2026-01-01 16:37:00,-28.86778940211335,IISC
2026-01-01 16:37:30,-26.59153691535441,IISC
2026-01-01 16:38:00,-29.42733288289477,IISC
2026-01-01 16:38:30,-27.8724578137326,IISC
2026-01-01 16:39:00,-25.88496784206971,IISC
2026-01-01 16:39:30,-25.726307114293352,IISC
2026-01-01 16:40:00,-30.037647783167333,IISC
2026-01-01 16:40:30,-30.25977279417346,IISC
2026-01-01 16:41:00,-26.988188722974154,IISC
2026-01-01 16:41:30,-24.337496935212616,IISC
2026-01-01 16:42:00,-26.794622640603535,IISC
2026-01-01 16:42:30,-27.441958387864926,IISC
2026-01-01 16:43:00,-26.23719464039554,IISC
2026-01-01 16:43:30,-27.679949471648698,IISC
2026-01-01 16:44:00,-25.55706901911331,IISC
2026-01-01 16:44:30,-23.20677486595937,IISC
2026-01-01 16:45:00,-24.083639782591597,IISC
2026-01-01 16:45:30,-16.15364469508951,IISC
2026-01-01 16:46:00,-15.828786878905245,IISC
2026-01-01 16:46:30,-16.327378200279426,IISC
2026-01-01 16:47:00,-15.613404951883403,IISC
2026-01-01 16:47:30,-15.649103611200156,IISC
2026-01-01 16:48:00,-17.626809513778717,IISC
2026-01-01 16:48:30,-16.308338901716173,IISC
2026-01-01 16:49:00,-14.908951352769005,IISC
2026-01-01 16:49:30,-17.51257377559437,IISC
2026-01-01 16:50:00,-18.10636153658965,IISC
2026-01-01 16:50:30,-20.292309632553533,IISC
2026-01-01 16:51:00,-17.793403258734532,IISC
2026-01-01 16:51:30,-17.148447435491555,IISC
2026-01-01 16:52:00,-18.866743046973664,IISC
2026-01-01 16:52:30,-15.90851388899782,IISC
2026-01-01 16:53:00,-15.953732202029126,IISC
2026-01-01 16:53:30,-14.854213394889005,IISC
2026-01-01 16:54:00,-18.490717137511194,IISC
2026-01-01 16:54:30,-21.794033345892462,IISC
2026-01-01 16:55:00,-18.877452639793958,IISC
2026-01-01 16:55:30,-16.839191232878406,IISC
2026-01-01 16:56:00,-17.614909944419065,IISC
2026-01-01 16:56:30,-20.175297351236495,IISC
2026-01-01 16:57:00,-18.835804210081264,IISC
2026-01-01 16:57:30,-18.803675397634592,IISC
2026-01-01 16:58:00,-20.45890338194227,IISC
2026-01-01 16:58:30,-22.05582353933523,IISC
2026-01-01 16:59:00,-17.072290294433706,IISC
2026-01-01 16:59:30,-15.146942425224179,IISC
2026-01-01 17:00:00,-14.009345060853926,IISC
2026-01-01 17:00:30,-15.343285071414488,IISC
2026-01-01 17:01:00,-18.04567381176153,IISC
2026-01-01 17:01:30,-18.84532383276531,IISC
2026-01-01 17:02:00,-17.207945202497115,IISC
2026-01-01 17:02:30,-16.345227536587196,IISC
2026-01-01 17:03:00,-16.554659678929205,IISC
2026-01-01 17:03:30,-17.693447005554944,IISC
2026-01-01 17:04:00,-18.25034614054506,IISC
2026-01-01 17:04:30,-21.228804529294223,IISC
2026-01-01 17:05:00,-24.11748740477991,IISC
2026-01-01 17:05:30,-24.939349940774147,IISC
2026-01-01 17:06:00,-27.840725664236945,IISC
2026-01-01 17:06:30,-28.378056648252176,IISC
2026-01-01 17:07:00,-29.375239277701745,IISC
2026-01-01 17:07:30,-29.350250207757455,IISC
2026-01-01 17:08:00,-27.947557212533543,IISC
2026-01-01 17:08:30,-27.156369097569396,IISC
2026-01-01 17:09:00,-26.30383213660469,IISC
2026-01-01 17:09:30,-27.27800897835691,IISC
2026-01-01 17:10:00,-28.828653086372235,IISC
2026-01-01 17:10:30,-26.43076072276616,IISC
2026-01-01 17:11:00,-25.870159501698026,IISC
2026-01-01 17:11:30,-23.084077237004376,IISC
2026-01-01 17:12:00,-24.412596337953943,IISC
2026-01-01 17:12:30,-25.901891647253297,IISC
2026-01-01 17:13:00,-23.754683227229243,IISC
2026-01-01 17:13:30,-16.286919714105395,IISC
2026-01-01 17:14:00,-15.77047906528931,IISC
2026-01-01 17:14:30,-15.345664978193735,IISC
2026-01-01 17:15:00,-21.84969682849353,IISC
2026-01-01 17:15:30,-24.5437558773815,IISC
2026-01-01 17:16:00,-26.66557858963017,IISC
2026-01-01 17:16:30,-25.80669521058748,IISC
2026-01-01 17:17:00,-29.725086163830305,IISC
2026-01-01 17:17:30,-29.43156383616086,IISC
2026-01-01 17:18:00,-25.45764162918141,IISC
2026-01-01 17:18:30,-21.98561617409135,IISC
2026-01-01 17:19:00,-22.522286057128596,IISC
2026-01-01 17:19:30,-29.180086589333982,IISC
2026-01-01 17:20:00,-29.43354708688475,IISC
2026-01-01 17:20:30,-28.4006657936855,IISC
2026-01-01 17:21:00,-27.954432518979154,IISC
2026-01-01 17:21:30,-28.04724902965636,IISC
2026-01-01 17:22:00,-26.395590927682193,IISC
2026-01-01 17:22:30,-25.460285976450358,IISC
2026-01-01 17:23:00,-26.129040911815075,IISC
2026-01-01 17:23:30,-29.133678327345987,IISC
2026-01-01 17:24:00,-31.723021305062957,IISC
2026-01-01 17:24:30,-34.02915490172637,IISC
2026-01-01 17:25:00,-23.618235001566745,IISC
2026-01-01 17:25:30,-22.47179795178123,IISC
2026-01-01 17:26:00,-21.808142822357233,IISC
2026-01-01 17:26:30,-21.250563715268168,IISC
2026-01-01 17:27:00,-20.709303994282095,IISC
2026-01-01 17:27:30,-19.099124329031067,IISC
2026-01-01 17:28:00,-22.009415277980512,IISC
2026-01-01 17:28:30,-20.28635984660715,IISC
2026-01-01 17:29:00,-22.67987016132431,IISC
2026-01-01 17:29:30,-22.51667628002961,IISC
2026-01-01 17:30:00,-20.80586037430143,IISC
2026-01-01 17:30:30,-21.48719485175803,IISC
2026-01-01 17:31:00,-20.627707048568542,IISC
2026-01-01 17:31:30,-21.998535688933917,IISC
2026-01-01 17:32:00,-23.95278245974074,IISC
2026-01-01 17:32:30,-22.26916553929455,IISC
2026-01-01 17:33:00,-19.964051924210747,IISC
2026-01-01 17:33:30,-23.142252830058826,IISC
2026-01-01 17:34:00,-21.34983999381571,IISC
2026-01-01 17:34:30,-21.412397654898076,IISC
2026-01-01 17:35:00,-21.967256863458942,IISC
2026-01-01 17:35:30,-22.0189349202961,IISC
2026-01-01 17:36:00,-22.18484871025141,IISC
2026-01-01 17:36:30,-25.535763144775984,IISC
2026-01-01 17:37:00,-21.521193570695004,IISC
2026-01-01 17:37:30,-25.885100059113,IISC
2026-01-01 17:38:00,-24.893867196611545,IISC
2026-01-01 17:38:30,-28.055578729981292,IISC
2026-01-01 17:39:00,-26.625252321977076,IISC
2026-01-01 17:39:30,-19.600945539089974,IISC
2026-01-01 17:40:00,-19.961332025682548,IISC
2026-01-01 17:40:30,-25.333130737355503,IISC
2026-01-01 17:41:00,-24.903386840826965,IISC
2026-01-01 17:41:30,-23.85350617612699,IISC
2026-01-01 17:42:00,-21.3729591338385,IISC
2026-01-01 17:42:30,-18.122680919526257,IISC
2026-01-01 17:43:00,-19.541107776535803,IISC
2026-01-01 17:43:30,-24.994503428856113,IISC
2026-01-01 17:44:00,-25.988626171194905,IISC
2026-01-01 17:44:30,-25.161777155410004,IISC
2026-01-01 17:45:00,-22.62683214762374,IISC
2026-01-01 17:45:30,-23.08105513090607,IISC
2026-01-01 17:46:00,-26.071583063639455,IISC
2026-01-01 17:46:30,-26.431969555298235,IISC
2026-01-01 17:47:00,-26.539405544628984,IISC
2026-01-01 17:47:30,-24.06446828767206,IISC
2026-01-01 17:48:00,-22.487777368933187,IISC
2026-01-01 17:48:30,-24.267950654200103,IISC
2026-01-01 17:49:00,-22.75551732045821,IISC
2026-01-01 17:49:30,-22.793595904285922,IISC
2026-01-01 17:50:00,-23.3503250294695,IISC
2026-01-01 17:50:30,-25.11876877734794,IISC
2026-01-01 17:51:00,-25.499554500368905,IISC
2026-01-01 17:51:30,-25.05706108993848,IISC
2026-01-01 17:52:00,-23.298646982764744,IISC
2026-01-01 17:52:30,-26.52308615345979,IISC
2026-01-01 17:53:00,-25.0121827616901,IISC
2026-01-01 17:53:30,-25.49904452224461,IISC
2026-01-01 17:54:00,-28.836359469194388,IISC
2026-01-01 17:54:30,-31.084355235450836,IISC
2026-01-01 17:55:00,-28.57116941589016,IISC
2026-01-01 17:55:30,-25.59560090733015,IISC
2026-01-01 17:56:00,-19.20112051623921,IISC
2026-01-01 17:56:30,-23.237449258280968,IISC
2026-01-01 17:57:00,-18.26955542991658,IISC
2026-01-01 17:57:30,-20.021169773038107,IISC
2026-01-01 17:58:00,-22.65675103143393,IISC
2026-01-01 17:58:30,-28.30053954019851,IISC
2026-01-01 17:59:00,-25.6690381473267,IISC
2026-01-01 17:59:30,-29.017232693455487,IISC
2026-01-01 18:00:00,-23.85622608985381,IISC
2026-01-01 18:00:30,-19.761419521856475,IISC
2026-01-01 18:01:00,-27.63416451224631,IISC
2026-01-01 18:01:30,-28.36445715307808,IISC
2026-01-01 18:02:00,-27.972791830878116,IISC
2026-01-01 18:02:30,-27.132343317386017,IISC
2026-01-01 18:03:00,-25.968226944898927,IISC
2026-01-01 18:03:30,-23.191211003566405,IISC
2026-01-01 18:04:00,-22.199808154689606,IISC
2026-01-01 18:04:30,-23.73961045375607,IISC
2026-01-01 18:05:00,-20.29043969186635,IISC
2026-01-01 18:05:30,-20.134045554359044,IISC
2026-01-01 18:06:00,-19.62814450917335,IISC
2026-01-01 18:06:30,-22.724748474374078,IISC
2026-01-01 18:07:00,-19.296316940239514,IISC
2026-01-01 18:07:30,-21.77142420489206,IISC
2026-01-01 18:08:00,-26.788276212674592,IISC
2026-01-01 18:08:30,-22.69165639250168,IISC
2026-01-01 18:09:00,-23.63886089240616,IISC
2026-01-01 18:09:30,-22.239473324249634,IISC
2026-01-01 18:10:00,-19.59301249369457,IISC
2026-01-01 18:10:30,-22.149490029384822,IISC
2026-01-01 18:11:00,-21.946857621964348,IISC
2026-01-01 18:11:30,-23.452321231876258,IISC
2026-01-01 18:12:00,-23.801828104091214,IISC
2026-01-01 18:12:30,-22.95729976560474,IISC
2026-01-01 18:13:00,-24.49540212745781,IISC
2026-01-01 18:13:30,-25.050261341084884,IISC
2026-01-01 18:14:00,-22.06653314200648,IISC
2026-01-01 18:14:30,-21.58239127998017,IISC
2026-01-01 18:15:00,-19.644463905408745,IISC
2026-01-01 18:15:30,-19.97855804209517,IISC
2026-01-01 18:16:00,-22.559967992781722,IISC
2026-01-01 18:16:30,-22.32673672058625,IISC
2026-01-01 18:17:00,-19.62157143415123,IISC
2026-01-01 18:17:30,-19.313996277295335,IISC
2026-01-01 18:18:00,-18.908731457388175,IISC
2026-01-01 18:18:30,-20.598128167906268,IISC
2026-01-01 18:19:00,-20.292309623687675,IISC
2026-01-01 18:19:30,-17.75730794976555,IISC
2026-01-01 18:20:00,-21.33034739782936,IISC
2026-01-01 18:20:30,-21.273229534647758,IISC
2026-01-01 18:21:00,-22.747187627521495,IISC
2026-01-01 18:21:30,-23.028017112139295,IISC
2026-01-01 18:22:00,-21.015292535641716,IISC
2026-01-01 18:22:30,-20.74330272841768,IISC
2026-01-01 18:23:00,-20.221082292062793,IISC
2026-01-01 18:23:30,-20.313558826822934,IISC
2026-01-01 18:24:00,-30.69846970332278,IISC
2026-01-01 18:24:30,-28.150775156303602,IISC
2026-01-01 18:25:00,-29.69295736468242,IISC
2026-01-01 18:25:30,-26.065973280207718,IISC
2026-01-01 18:26:00,-20.155464748935856,IISC
2026-01-01 18:26:30,-18.80843522449187,IISC
2026-01-01 18:27:00,-21.635769283529864,IISC
2026-01-01 18:27:30,-20.39583574146906,IISC
2026-01-01 18:28:00,-24.066848190018376,IISC
2026-01-01 18:28:30,-21.757144733186088,IISC
2026-01-01 18:29:00,-22.56512445894773,IISC
2026-01-01 18:29:30,-28.449453971318608,IISC
2026-01-01 18:30:00,-29.21340534630442,IISC
2026-01-01 18:30:30,-27.12146373657201,IISC
2026-01-01 18:31:00,-28.883787689964088,IISC
2026-01-01 18:31:30,-27.402293206413383,IISC
2026-01-01 18:32:00,-25.17231676853953,IISC
2026-01-01 18:32:30,-27.4130028046517,IISC
2026-01-01 18:33:00,-22.886412428261917,IISC
2026-01-01 18:33:30,-22.954239873427763,IISC
2026-01-01 18:34:00,-24.059708447515995,IISC
2026-01-01 18:34:30,-24.104926764980227,IISC
2026-01-01 18:35:00,-23.48733989186321,IISC
2026-01-01 18:35:30,-27.4594110666397,IISC
2026-01-01 18:36:00,-26.33014338486266,IISC
2026-01-01 18:36:30,-26.21709761779965,IISC
2026-01-01 18:37:00,-28.506571827111994,IISC
2026-01-01 18:37:30,-27.70216196595215,IISC
2026-01-01 18:38:00,-28.324508657060584,IISC
2026-01-01 18:38:30,-27.746190321160903,IISC
2026-01-01 18:39:00,-25.152087521019588,IISC
2026-01-01 18:39:30,-25.124718548728982,IISC
2026-01-01 18:40:00,-29.08608010310251,IISC
2026-01-01 18:40:30,-22.078772682850268,IISC
2026-01-01 18:41:00,-21.0397716173293,IISC
2026-01-01 18:41:30,-21.642229042534336,IISC
2026-01-01 18:42:00,-23.037536749388682,IISC
2026-01-01 18:42:30,-23.008977832574317,IISC
2026-01-01 18:43:00,-22.82266481632303,IISC
2026-01-01 18:43:30,-25.299132013352327,IISC
2026-01-01 18:44:00,-25.208015420256977,IISC
2026-01-01 18:44:30,-24.587878662217953,IISC
2026-01-01 18:45:00,-23.63591434453314,IISC
2026-01-01 18:45:30,-20.242841470155977,IISC
2026-01-01 18:46:00,-22.152209927913024,IISC
2026-01-01 18:46:30,-23.614155156307554,IISC
2026-01-01 18:47:00,-20.824899663998824,IISC
2026-01-01 18:47:30,-20.922816005947784,IISC
2026-01-01 18:48:00,-20.92417593748016,IISC
2026-01-01 18:48:30,-22.301804316566727,IISC
2026-01-01 18:49:00,-21.644948941062534,IISC
2026-01-01 18:49:30,-24.012620212162492,IISC
2026-01-01 18:50:00,-27.770159418391433,IISC
2026-01-01 18:50:30,-23.814067660133624,IISC
2026-01-01 18:51:00,-22.225647178041978,IISC
2026-01-01 18:51:30,-23.336725541894705,IISC
2026-01-01 18:52:00,-24.509001620098807,IISC
2026-01-01 18:52:30,-22.535715554528387,IISC
2026-01-01 18:53:00,-17.78269366429587,IISC
2026-01-01 18:53:30,-22.91242144748877,IISC
2026-01-01 18:54:00,-25.82951214529181,IISC
2026-01-01 18:54:30,-22.73562807355308,IISC
2026-01-01 18:55:00,-21.371599182041297,IISC
2026-01-01 18:55:30,-22.45547855554583,IISC
2026-01-01 18:56:00,-21.517113725435802,IISC
2026-01-01 18:56:30,-22.017574968498902,IISC
2026-01-01 18:57:00,-20.529790731950612,IISC
2026-01-01 18:57:30,-21.455916021216844,IISC
2026-01-01 18:58:00,-21.594630820823962,IISC
2026-01-01 18:58:30,-20.65082618352513,IISC
2026-01-01 18:59:00,-24.207092929064583,IISC
2026-01-01 18:59:30,-25.594240950466745,IISC
2026-01-01 19:00:00,-22.375241576828095,IISC
2026-01-01 19:00:30,-21.363439486456702,IISC
2026-01-01 19:01:00,-18.703379171704317,IISC
2026-01-01 19:01:30,-17.643978864688755,IISC
2026-01-01 19:02:00,-18.249156183355783,IISC
2026-01-01 19:02:30,-18.689779668930914,IISC
2026-01-01 19:03:00,-19.44455138638406,IISC
2026-01-01 19:03:30,-21.953657370817947,IISC
2026-01-01 19:04:00,-23.403363043170064,IISC
2026-01-01 19:04:30,-25.133218228463225,IISC
2026-01-01 19:05:00,-24.23837176467197,IISC
2026-01-01 19:05:30,-20.82217977560304,IISC
2026-01-01 19:06:00,-18.279075062099764,IISC
2026-01-01 19:06:30,-20.078287642130277,IISC
2026-01-01 19:07:00,-20.342117768968333,IISC
2026-01-01 19:07:30,-19.112723826738264,IISC
2026-01-01 19:08:00,-19.175281477688223,IISC
2026-01-01 19:08:30,-18.710178915491714,IISC
2026-01-01 19:09:00,-18.40691027266029,IISC
2026-01-01 19:09:30,-21.805422928895236,IISC
2026-01-01 19:10:00,-21.925098443871168,IISC
2026-01-01 19:10:30,-22.496277048667427,IISC
2026-01-01 19:11:00,-23.377524019817688,IISC
2026-01-01 19:11:30,-20.658985889242135,IISC
2026-01-01 19:12:00,-19.80901773343444,IISC
2026-01-01 19:12:30,-20.07692770046549,IISC
2026-01-01 19:13:00,-18.727858243259494,IISC
2026-01-01 19:13:30,-19.63902410835235,IISC
2026-01-01 19:14:00,-26.778756569514634,IISC
2026-01-01 19:14:30,-25.08697996868246,IISC
2026-01-01 19:15:00,-23.72023117357628,IISC
2026-01-01 19:15:30,-21.337600452971916,IISC
2026-01-01 19:16:00,-21.016652487438915,IISC
2026-01-01 19:16:30,-21.857100995864812,IISC
2026-01-01 19:17:00,-24.228852112223965,IISC
2026-01-01 19:17:30,-20.089167236243075,IISC
2026-01-01 19:18:00,-23.022577320149104,IISC
2026-01-01 19:18:30,-20.123165960246247,IISC
2026-01-01 19:19:00,-20.10548661221365,IISC
2026-01-01 19:19:30,-20.317638672082133,IISC
2026-01-01 19:20:00,-20.482192510240235,IISC
2026-01-01 19:20:30,-21.7061466503477,IISC
2026-01-01 19:21:00,-17.453585998112068,IISC
2026-01-01 19:21:30,-15.727810668210514,IISC
2026-01-01 19:22:00,-17.41822731724548,IISC
2026-01-01 19:22:30,-18.86385314940461,IISC
2026-01-01 19:23:00,-18.243716391365588,IISC
2026-01-01 19:23:30,-18.610902626811765,IISC
2026-01-01 19:24:00,-20.801780534108442,IISC
2026-01-01 19:24:30,-19.66486313677093,IISC
2026-01-01 19:25:00,-19.660783291511734,IISC
2026-01-01 19:25:30,-17.731015597326298,IISC
2026-01-01 19:26:00,-15.419102228322691,IISC
2026-01-01 19:26:30,-16.145315018829056,IISC
2026-01-01 19:27:00,-15.416382334860698,IISC
2026-01-01 19:27:30,-12.13482530013968,IISC
2026-01-01 19:28:00,-15.587735901607582,IISC
2026-01-01 19:28:30,-18.457228387832657,IISC
2026-01-01 19:29:00,-17.042881386214713,IISC
2026-01-01 19:29:30,-17.930928116350984,IISC
2026-01-01 19:30:00,-11.415412248354508,IISC
2026-01-01 19:30:30,-9.070860107144926,IISC
2026-01-01 19:31:00,-14.722808331758925,IISC
2026-01-01 19:31:30,-20.768688434504323,IISC
2026-01-01 19:32:00,-20.836912558875262,IISC
2026-01-01 19:32:30,-21.906285807740442,IISC
2026-01-01 19:33:00,-22.548861737502957,IISC
2026-01-01 19:33:30,-23.36437784950864,IISC
2026-01-01 19:34:00,-22.244233155539845,IISC
2026-01-01 19:34:30,-17.952460630745094,IISC
2026-01-01 19:35:00,-18.265022247126833,IISC
2026-01-01 19:35:30,-17.025882030968063,IISC
2026-01-01 19:36:00,-20.751235755237,IISC
2026-01-01 19:36:30,-20.510071472265196,IISC
2026-01-01 19:37:00,-15.012477461684535,IISC
2026-01-01 19:37:30,-15.34702492492473,IISC
2026-01-01 19:38:00,-18.306274037249345,IISC
2026-01-01 19:38:30,-17.20743522437282,IISC
2026-01-01 19:39:00,-24.80411055721322,IISC
2026-01-01 19:39:30,-28.20670306883978,IISC
2026-01-01 19:40:00,-25.03802180530729,IISC
2026-01-01 19:40:30,-21.419197393619267,IISC
2026-01-01 19:41:00,-21.89653951185818,IISC
2026-01-01 19:41:30,-20.811300186556448,IISC
2026-01-01 19:42:00,-22.422839788406062,IISC
2026-01-01 19:42:30,-19.730140696381493,IISC
2026-01-01 19:43:00,-18.942730196589967,IISC
2026-01-01 19:43:30,-19.01344753805832,IISC
2026-01-01 19:44:00,-21.10640912367086,IISC
2026-01-01 19:44:30,-22.206607893410794,IISC
2026-01-01 19:45:00,-21.454556074485847,IISC
2026-01-01 19:45:30,-19.690702165189514,IISC
2026-01-01 19:46:00,-20.15988458277763,IISC
2026-01-01 19:46:30,-20.697064448372096,IISC
2026-01-01 19:47:00,-22.697549494158295,IISC
2026-01-01 19:47:30,-22.100531871075866,IISC
2026-01-01 19:48:00,-19.65806338791733,IISC
2026-01-01 19:48:30,-22.985858687485315,IISC
2026-01-01 19:49:00,-26.15997975820661,IISC
2026-01-01 19:49:30,-24.767391934681847,IISC
2026-01-01 19:50:00,-20.571949146472182,IISC
2026-01-01 19:50:30,-18.66938043756873,IISC
2026-01-01 19:51:00,-18.31715363136214,IISC
2026-01-01 19:51:30,-15.167511657527045,IISC
2026-01-01 19:52:00,-16.959924488703958,IISC
2026-01-01 19:52:30,-18.937290394467365,IISC
2026-01-01 19:53:00,-23.10009440540485,IISC
2026-01-01 19:53:30,-22.561554588013173,IISC
2026-01-01 19:54:00,-22.595553317082558,IISC
2026-01-01 19:54:30,-25.91790881959415,IISC
2026-01-01 19:55:00,-21.003052994797923,IISC
2026-01-01 19:55:30,-19.38199374556651,IISC
2026-01-01 19:56:00,-20.45227362643005,IISC
2026-01-01 19:56:30,-20.860258339799202,IISC
2026-01-01 19:57:00,-24.351247521506256,IISC
2026-01-01 19:57:30,-15.798528004612654,IISC
2026-01-01 19:58:00,-12.412254889221499,IISC
2026-01-01 19:58:30,-12.856958235254439,IISC
2026-01-01 19:59:00,-25.788713663146993,IISC
2026-01-01 19:59:30,-26.288494937910798,IISC
2026-01-01 20:00:00,-24.16402788085591,IISC
2026-01-01 20:00:30,-25.446006495878525,IISC
2026-01-01 20:01:00,-25.344463641134727,IISC
2026-01-01 20:01:30,-23.16922515670795,IISC
2026-01-01 20:02:00,-25.150897570585254,IISC
2026-01-01 20:02:30,-24.100563587775184,IISC
2026-01-01 20:03:00,-23.06609568562351,IISC
2026-01-01 20:03:30,-23.02167068815074,IISC
2026-01-01 20:04:00,-23.10893407857678,IISC
2026-01-01 20:04:30,-27.302336957666725,IISC
2026-01-01 20:05:00,-26.483647637466422,IISC
2026-01-01 20:05:30,-23.49175973267101,IISC
2026-01-01 20:06:00,-24.3580472796479,IISC
2026-01-01 20:06:30,-28.76292222413164,IISC
2026-01-01 20:07:00,-28.839079377855,IISC
2026-01-01 20:07:30,-26.406130526879654,IISC
2026-01-01 20:08:00,-24.77283173680445,IISC
2026-01-01 20:08:30,-25.32769094029911,IISC
2026-01-01 20:09:00,-25.39704833503646,IISC
2026-01-01 20:09:30,-26.886192543646775,IISC
2026-01-01 20:10:00,-25.293692206163517,IISC
2026-01-01 20:10:30,-24.341727883412506,IISC
2026-01-01 20:11:00,-26.56524457304757,IISC
2026-01-01 20:11:30,-24.907466691152365,IISC
2026-01-01 20:12:00,-24.042539095972682,IISC
2026-01-01 20:12:30,-22.494917081671613,IISC
2026-01-01 20:13:00,-18.57418400428039,IISC
2026-01-01 20:13:30,-25.969586886563718,IISC
2026-01-01 20:14:00,-28.016310197196884,IISC
2026-01-01 20:14:30,-25.002153136817277,IISC
2026-01-01 20:15:00,-24.64873638165399,IISC
2026-01-01 20:15:30,-23.578966475748373,IISC
2026-01-01 20:16:00,-22.428279588628836,IISC
2026-01-01 20:16:30,-22.27001550853452,IISC
2026-01-01 20:17:00,-21.628629554326274,IISC
2026-01-01 20:17:30,-17.793403258734532,IISC
2026-01-01 20:18:00,-15.947782421782225,IISC
2026-01-01 20:18:30,-17.022312163410984,IISC
2026-01-01 20:19:00,-17.87551018003928,IISC
2026-01-01 20:19:30,-19.39151336951711,IISC
2026-01-01 20:20:00,-18.539505310711363,IISC
2026-01-01 20:20:30,-16.00847015104327,IISC
2026-01-01 20:21:00,-18.74536760175037,IISC
2026-01-01 20:21:30,-23.599195701103667,IISC
2026-01-01 20:22:00,-25.288932404637265,IISC
2026-01-01 20:22:30,-25.003343099072758,IISC
2026-01-01 20:23:00,-22.08319251162584,IISC
2026-01-01 20:23:30,-25.517403832243744,IISC
2026-01-01 20:24:00,-23.311226506491632,IISC
2026-01-01 20:24:30,-26.897752113658164,IISC
2026-01-01 20:25:00,-27.44870147283431,IISC
2026-01-01 20:25:30,-26.154029990625226,IISC
2026-01-01 20:26:00,-27.39481349242687,IISC
2026-01-01 20:26:30,-25.437846818025644,IISC
2026-01-01 20:27:00,-20.203402949096397,IISC
2026-01-01 20:27:30,-19.775018994232653,IISC
2026-01-01 20:28:00,-18.938650346264563,IISC
2026-01-01 20:28:30,-19.47855011545344,IISC
2026-01-01 20:29:00,-26.43763601689807,IISC
2026-01-01 20:29:30,-26.91679139744498,IISC
2026-01-01 20:30:00,-25.33970382757624,IISC
2026-01-01 20:30:30,-21.074903638718652,IISC
2026-01-01 20:31:00,-25.028728815713993,IISC
2026-01-01 20:31:30,-22.045907241879018,IISC
2026-01-01 20:32:00,-21.436876741651865,IISC
2026-01-01 20:32:30,-17.294471941811743,IISC
2026-01-01 20:33:00,-17.852051064099424,IISC
2026-01-01 20:33:30,-19.199760564442013,IISC
2026-01-01 20:34:00,-19.99805065328013,IISC
2026-01-01 20:34:30,-21.542952763986797,IISC
2026-01-01 20:35:00,-21.997175747269125,IISC
2026-01-01 20:35:30,-21.245123913145566,IISC
2026-01-01 20:36:00,-18.765936822654275,IISC
2026-01-01 20:36:30,-20.42779454980867,IISC
2026-01-01 20:37:00,-18.863853144338407,IISC
2026-01-01 20:37:30,-18.770016662847265,IISC
2026-01-01 20:38:00,-20.71882363153148,IISC
2026-01-01 20:38:30,-19.003927895742724,IISC
2026-01-01 20:39:00,-20.042928966329896,IISC
2026-01-01 20:39:30,-23.24560895893177,IISC
2026-01-01 20:40:00,-23.221129877244184,IISC
2026-01-01 20:40:30,-20.36795680245312,IISC
2026-01-01 20:41:00,-19.79541824585965,IISC
2026-01-01 20:41:30,-17.214234973226418,IISC
2026-01-01 20:42:00,-18.137640363964454,IISC
2026-01-01 20:42:30,-18.417789861706876,IISC
2026-01-01 20:43:00,-23.74471026539627,IISC
2026-01-01 20:43:30,-22.595553322148763,IISC
2026-01-01 20:44:00,-18.734657997179294,IISC
2026-01-01 20:44:30,-19.04744627726011,IISC
2026-01-01 20:45:00,-19.14264270041604,IISC
2026-01-01 20:45:30,-21.198885658431006,IISC
2026-01-01 20:46:00,-17.902369169139384,IISC
2026-01-01 20:46:30,-15.710131325244118,IISC
2026-01-01 20:47:00,-17.96492683022175,IISC
2026-01-01 20:47:30,-18.84617381150442,IISC
2026-01-01 20:48:00,-19.322155977946135,IISC
2026-01-01 20:48:30,-19.804937883109037,IISC
2026-01-01 20:49:00,-19.259598321929975,IISC
2026-01-01 20:49:30,-19.897414417869186,IISC
2026-01-01 20:50:00,-17.835731677996435,IISC
2026-01-01 20:50:30,-15.655733359746346,IISC
2026-01-01 20:51:00,-18.863853144338407,IISC
2026-01-01 20:51:30,-20.26868051377317,IISC
2026-01-01 20:52:00,-22.707069141540096,IISC
2026-01-01 20:52:30,-20.695704506707305,IISC
2026-01-01 20:53:00,-16.629456875789163,IISC
2026-01-01 20:53:30,-20.661705787770334,IISC
2026-01-01 20:54:00,-18.821694724750635,IISC
2026-01-01 20:54:30,-18.159399547123837,IISC
2026-01-01 20:55:00,-16.522020901657026,IISC
2026-01-01 20:55:30,-16.829369389747647,IISC
2026-01-01 20:56:00,-17.244153836771783,IISC
2026-01-01 20:56:30,-19.553347307247186,IISC
2026-01-01 20:57:00,-20.329878217992132,IISC
2026-01-01 20:57:30,-22.919221191276165,IISC
2026-01-01 20:58:00,-27.631444613718116,IISC
2026-01-01 20:58:30,-23.419682434339254,IISC
2026-01-01 20:59:00,-18.376084758540472,IISC
2026-01-01 20:59:30,-17.947700811276032,IISC
2026-01-01 21:00:00,-13.61308989943858,IISC
2026-01-01 21:00:30,-13.045084518035557,IISC
2026-01-01 21:01:00,-16.010453394871494,IISC
2026-01-01 21:01:30,-14.858576569138767,IISC
2026-01-01 21:02:00,-17.633552590374794,IISC
2026-01-01 21:02:30,-20.121352685272743,IISC
2026-01-01 21:03:00,-19.488296418090638,IISC
2026-01-01 21:03:30,-21.005092909828218,IISC
2026-01-01 21:04:00,-19.147175867162808,IISC
2026-01-01 21:04:30,-14.409566721746865,IISC
2026-01-01 21:05:00,-15.023583716963296,IISC
2026-01-01 21:05:30,-18.291994583063993,IISC
2026-01-01 21:06:00,-18.204731180816808,IISC
2026-01-01 21:06:30,-16.094543588079684,IISC
2026-01-01 21:07:00,-15.318692659988288,IISC
2026-01-01 21:07:30,-16.987803439752135,IISC
2026-01-01 21:08:00,-17.263873110811456,IISC
2026-01-01 21:08:30,-15.00613104360655,IISC
2026-01-01 21:09:00,-15.888284645910806,IISC
2026-01-01 21:09:30,-15.221909612892404,IISC
2026-01-01 21:10:00,-15.037863187191627,IISC
2026-01-01 21:10:30,-14.546014940935882,IISC
2026-01-01 21:11:00,-16.03901232941758,IISC
2026-01-01 21:11:30,-16.74505255226083,IISC
2026-01-01 21:12:00,-17.09727934664628,IISC
2026-01-01 21:12:30,-16.638749866226828,IISC
2026-01-01 21:13:00,-16.3055623556282,IISC
2026-01-01 21:13:30,-16.316668593175248,IISC
2026-01-01 21:14:00,-15.894631075809935,IISC
2026-01-01 21:14:30,-15.812127504852958,IISC
2026-01-01 21:15:00,-15.245708727969431,IISC
2026-01-01 21:15:30,-17.695656926592118,IISC
2026-01-01 21:16:00,-13.371018965892322,IISC
2026-01-01 21:16:30,-12.689684508700546,IISC
2026-01-01 21:17:00,-15.541497641826819,IISC
2026-01-01 21:17:30,-17.27679261911017,IISC
2026-01-01 21:18:00,-19.93821289072596,IISC
2026-01-01 21:18:30,-17.004802811886133,IISC
2026-01-01 21:19:00,-21.95365736575174,IISC
2026-01-01 21:19:30,-17.78269366936207,IISC
2026-01-01 21:20:00,-17.138531135080054,IISC
2026-01-01 21:20:30,-13.638475619035104,IISC
2026-01-01 21:21:00,-12.551649673170886,IISC
2026-01-01 21:21:30,-15.774048922925074,IISC
2026-01-01 21:22:00,-16.17795379610124,IISC
2026-01-01 21:22:30,-17.546062527806008,IISC
2026-01-01 21:23:00,-19.63358430622975,IISC
2026-01-01 21:23:30,-21.77278414149065,IISC
2026-01-01 21:24:00,-21.566071893877183,IISC
2026-01-01 21:24:30,-18.942730191523765,IISC
2026-01-01 21:25:00,-19.08144499619708,IISC
2026-01-01 21:25:30,-21.008492786788118,IISC
2026-01-01 21:26:00,-21.23560427589618,IISC
2026-01-01 21:26:30,-24.303649314150128,IISC
2026-01-01 21:27:00,-21.669428022750118,IISC
2026-01-01 21:27:30,-19.002567949011727,IISC
2026-01-01 21:28:00,-22.405160465704487,IISC
2026-01-01 21:28:30,-24.417885037135857,IISC
2026-01-01 21:29:00,-14.185628450965838,IISC
2026-01-01 21:29:30,-13.313901117064969,IISC
2026-01-01 21:30:00,-15.585242680288333,IISC
2026-01-01 21:30:30,-15.921603399925957,IISC
2026-01-01 21:31:00,-16.31508198865575,IISC
2026-01-01 21:31:30,-17.63037936360408,IISC
2026-01-01 21:32:00,-15.858139118666367,IISC
2026-01-01 21:32:30,-15.708998027857945,IISC
2026-01-01 21:33:00,-12.350150568202787,IISC
2026-01-01 21:33:30,-9.013515589552293,IISC
2026-01-01 21:34:00,-15.275854267035015,IISC
2026-01-01 21:34:30,-18.07462938561635,IISC
2026-01-01 21:35:00,-19.24871873963832,IISC
2026-01-01 21:35:30,-17.946114200845965,IISC
2026-01-01 21:36:00,-19.667583030232922,IISC
2026-01-01 21:36:30,-15.759769461140417,IISC
2026-01-01 21:37:00,-13.849494380673042,IISC
2026-01-01 21:37:30,-13.697180086736202,IISC
2026-01-01 21:38:00,-17.217861491087465,IISC
2026-01-01 21:38:30,-14.73640782017808,IISC
2026-01-01 21:39:00,-13.88757294824668,IISC
2026-01-01 21:39:30,-14.03195421367547,IISC
2026-01-01 21:40:00,-18.239636539351455,IISC
2026-01-01 21:40:30,-17.68477733754553,IISC
2026-01-01 21:41:00,-15.80532775853246,IISC
2026-01-01 21:41:30,-12.016509731894748,IISC
2026-01-01 21:42:00,-11.960751814599776,IISC
2026-01-01 21:42:30,-13.385978405264312,IISC
2026-01-01 21:43:00,-15.685652248622741,IISC
2026-01-01 21:43:30,-19.66520312345368,IISC
2026-01-01 21:44:00,-18.959559570949665,IISC
2026-01-01 21:44:30,-11.147502287022943,IISC
2026-01-01 21:45:00,-12.513571105597249,IISC
2026-01-01 21:45:30,-13.005022688901976,IISC
2026-01-01 21:46:00,-15.661003167261022,IISC
2026-01-01 21:46:30,-16.06796791804883,IISC
2026-01-01 21:47:00,-18.459778300618794,IISC
2026-01-01 21:47:30,-16.35355720588162,IISC
2026-01-01 21:48:00,-14.086692150868467,IISC
2026-01-01 21:48:30,-14.895861843318515,IISC
2026-01-01 21:49:00,-16.184583554146563,IISC
2026-01-01 21:49:30,-18.569254180915358,IISC
2026-01-01 21:50:00,-16.510631323720453,IISC
2026-01-01 21:50:30,-14.948219872254624,IISC
2026-01-01 21:51:00,-10.808874988022684,IISC
2026-01-01 21:51:30,-11.237258927687817,IISC
2026-01-01 21:52:00,-11.539167618722038,IISC
2026-01-01 21:52:30,-12.273540094680587,IISC
2026-01-01 21:53:00,-12.696484252487938,IISC
2026-01-01 21:53:30,-18.99763813704566,IISC
2026-01-01 21:54:00,-13.853460900837643,IISC
2026-01-01 21:54:30,-17.63989901879628,IISC
2026-01-01 21:55:00,-18.06114322799127,IISC
2026-01-01 21:55:30,-15.345664973760805,IISC
2026-01-01 21:56:00,-16.908246421734386,IISC
2026-01-01 21:56:30,-12.308898770480967,IISC
2026-01-01 21:57:00,-11.14750229145587,IISC
2026-01-01 21:57:30,-10.6130423243896,IISC
2026-01-01 21:58:00,-10.887752014943219,IISC
2026-01-01 21:58:30,-12.977993702027566,IISC
2026-01-01 21:59:00,-8.800230251718093,IISC
2026-01-01 21:59:30,-11.525568126081044,IISC
2026-01-01 22:00:00,-7.437221323420939,IISC
2026-01-01 22:00:30,-8.134535188898813,IISC
2026-01-01 22:01:00,-7.457450566507953,IISC
2026-01-01 22:01:30,-9.002012681666013,IISC
2026-01-01 22:02:00,-8.365386541016251,IISC
2026-01-01 22:02:30,-9.107918715092502,IISC
2026-01-01 22:03:00,-6.6863594534526865,IISC
2026-01-01 22:03:30,-7.388433145787839,IISC
2026-01-01 22:04:00,-7.640703694381913,IISC
2026-01-01 22:04:30,-6.8529532117072876,IISC
2026-01-01 22:05:00,-3.468720022112105,IISC
2026-01-01 22:05:30,-5.217954479352477,IISC
2026-01-01 22:06:00,-5.36788885912186,IISC
2026-01-01 22:06:30,-3.2093097398815087,IISC
2026-01-01 22:07:00,-3.030816434431898,IISC
2026-01-01 22:07:30,-4.017289474509006,IISC
2026-01-01 22:08:00,-6.362691581792182,IISC
2026-01-01 22:08:30,-7.214699658329645,IISC
2026-01-01 22:09:00,-11.350588008824232,IISC
2026-01-01 22:09:30,-11.484497651719176,IISC
2026-01-01 22:10:00,-11.950008222759388,IISC
2026-01-01 22:10:30,-12.941955056408034,IISC
2026-01-01 22:11:00,-10.250540340899164,IISC
2026-01-01 22:11:30,-7.973230117793893,IISC
2026-01-01 22:12:00,-8.5877759792133,IISC
2026-01-01 22:12:30,-8.373055134452628,IISC
2026-01-01 22:13:00,-7.259917958062163,IISC
2026-01-01 22:13:30,-6.3281828714321255,IISC
2026-01-01 22:14:00,-9.103952202808664,IISC
2026-01-01 22:14:30,-9.163185536712739,IISC
2026-01-01 22:15:00,-7.316374727653997,IISC
2026-01-01 22:15:30,-10.815372511293004,IISC
2026-01-01 22:16:00,-9.888793891814068,IISC
2026-01-01 22:16:30,-8.966446241362744,IISC
2026-01-01 22:17:00,-4.761937128666133,IISC
2026-01-01 22:17:30,-2.7786781023885676,IISC
2026-01-01 22:18:00,-4.765110333764745,IISC
2026-01-01 22:18:30,-8.314456449055003,IISC
2026-01-01 22:19:00,-6.206807430641759,IISC
2026-01-01 22:19:30,-5.11585630120571,IISC
2026-01-01 22:20:00,-11.789126247867665,IISC
2026-01-01 22:20:30,-13.245631679205792,IISC
2026-01-01 22:21:00,-13.630225260166231,IISC
2026-01-01 22:21:30,-13.63403311810571,IISC
2026-01-01 22:22:00,-13.994827599356615,IISC
2026-01-01 22:22:30,-14.29279243169881,IISC
2026-01-01 22:23:00,-15.70741141860999,IISC
2026-01-01 22:23:30,-12.740138610440088,IISC
2026-01-01 22:24:00,-11.227467293999542,IISC
2026-01-01 22:24:30,-9.406359534110063,IISC
2026-01-01 22:25:00,-12.067099834893458,IISC
2026-01-01 22:25:30,-11.53495177473678,IISC
2026-01-01 22:26:00,-11.555894989857567,IISC
2026-01-01 22:26:30,-11.149617779910061,IISC
2026-01-01 22:27:00,-10.666231434275916,IISC
2026-01-01 22:27:30,-10.144766528948896,IISC
2026-01-01 22:28:00,-5.152846923215696,IISC
2026-01-01 22:28:30,-6.02593419878136,IISC
2026-01-01 22:29:00,-7.9951404190925786,IISC
2026-01-01 22:29:30,-7.637473820895795,IISC
2026-01-01 22:30:00,-5.370438770008164,IISC
2026-01-01 22:30:30,-3.503228736905092,IISC
2026-01-01 22:31:00,-4.321918052039189,IISC
2026-01-01 22:31:30,-3.4991488815134852,IISC
2026-01-01 22:32:00,-3.040846058038167,IISC
2026-01-01 22:32:30,-4.48647188513109,IISC
2026-01-01 22:33:00,-3.1550817708914916,IISC
2026-01-01 22:33:30,-3.3305152132948,IISC
2026-01-01 22:34:00,-7.732330260535358,IISC
2026-01-01 22:34:30,-4.609887264382944,IISC
2026-01-01 22:35:00,-6.586403200273101,IISC
2026-01-01 22:35:30,-8.57825634815594,IISC
2026-01-01 22:36:00,-10.001971873950177,IISC
2026-01-01 22:36:30,-11.55684694311235,IISC
2026-01-01 22:37:00,-8.871249800756551,IISC
2026-01-01 22:37:30,-6.8517632538847355,IISC
2026-01-01 22:38:00,-9.087689467572558,IISC
2026-01-01 22:38:30,-6.468597606352812,IISC
2026-01-01 22:39:00,-6.087811878898922,IISC
2026-01-01 22:39:30,-6.0461634437682,IISC
2026-01-01 22:40:00,-5.733205170346014,IISC
2026-01-01 22:40:30,-3.265237651151132,IISC
2026-01-01 22:41:00,-4.525400427433093,IISC
2026-01-01 22:41:30,-2.2751947420392975,IISC
2026-01-01 22:42:00,-6.089001836721472,IISC
2026-01-01 22:42:30,-7.027876661420962,IISC
2026-01-01 22:43:00,-4.081547055073057,IISC
2026-01-01 22:43:30,-7.362254118020996,IISC
2026-01-01 22:44:00,-9.93969755740881,IISC
2026-01-01 22:44:30,-13.275671429663292,IISC
2026-01-01 22:45:00,-12.56698687974555,IISC
2026-01-01 22:45:30,-12.31736067645023,IISC
2026-01-01 22:46:00,-13.084220827866098,IISC
2026-01-01 22:46:30,-11.663678507170472,IISC
2026-01-01 22:47:00,-11.98840412108788,IISC
2026-01-01 22:47:30,-14.331294100115592,IISC
2026-01-01 22:48:00,-13.163551187813892,IISC
2026-01-01 22:48:30,-12.308898762037293,IISC
2026-01-01 22:49:00,-11.75358623846234,IISC
2026-01-01 22:49:30,-10.557284409346275,IISC
2026-01-01 22:50:00,-9.286940894133304,IISC
2026-01-01 22:50:30,-6.699448967336108,IISC
2026-01-01 22:51:00,-7.647843423585505,IISC
2026-01-01 22:51:30,-3.2616677909822656,IISC
2026-01-01 22:52:00,-4.5004113619217305,IISC
2026-01-01 22:52:30,-7.349164617436362,IISC
2026-01-01 22:53:00,-6.689929318054483,IISC
2026-01-01 22:53:30,-4.7848107052307585,IISC
2026-01-01 22:54:00,-2.483436939857548,IISC
2026-01-01 22:54:30,0.4991012963320967,IISC
2026-01-01 22:55:00,0.10312946517386716,IISC
2026-01-01 22:55:30,1.461265238986045,IISC
2026-01-01 22:56:00,0.058704473611670714,IISC
2026-01-01 22:56:30,-0.5489660976162029,IISC
2026-01-01 22:57:00,-2.9986876367616575,IISC
2026-01-01 22:57:30,-0.7726777072312606,IISC
2026-01-01 22:58:00,-3.9465721159422165,IISC
2026-01-01 22:58:30,-3.8350562965508845,IISC
2026-01-01 22:59:00,-6.379520946652744,IISC
2026-01-01 22:59:30,-5.351399475244568,IISC
2026-01-01 23:00:00,1.161396479025097,IISC
2026-01-01 23:00:30,0.35494670980099574,IISC
2026-01-01 23:01:00,1.770653653083733,IISC
2026-01-01 23:01:30,2.35271183172797,IISC
2026-01-01 23:02:00,0.21215205480227617,IISC
2026-01-01 23:02:30,-0.08567679603895481,IISC
2026-01-01 23:03:00,-1.3857880645387546,IISC
2026-01-01 23:03:30,1.1994750482874703,IISC
2026-01-01 23:04:00,-3.679342131142529,IISC
2026-01-01 23:04:30,-3.306886086281853,IISC
2026-01-01 23:05:00,-0.9876629934667305,IISC
2026-01-01 23:05:30,0.24207091834764327,IISC
2026-01-01 23:06:00,-5.271502466111138,IISC
2026-01-01 23:06:30,-6.976708572575687,IISC
2026-01-01 23:07:00,-3.5508269478497834,IISC
2026-01-01 23:07:30,-0.7770408844363068,IISC
2026-01-01 23:08:00,-0.49859131694124903,IISC
2026-01-01 23:08:30,-6.05237765022092,IISC
2026-01-01 23:09:00,-7.838897373267729,IISC
2026-01-01 23:09:30,-5.75092227926699,IISC
2026-01-01 23:10:00,-5.413503821312848,IISC
2026-01-01 23:10:30,-8.67345277694099,IISC
2026-01-01 23:11:00,-9.352520665817268,IISC
2026-01-01 23:11:30,-9.37050221522795,IISC
2026-01-01 23:12:00,-7.996500360757371,IISC
2026-01-01 23:12:30,-10.95710942994539,IISC
2026-01-01 23:13:00,-9.23511172647469,IISC
2026-01-01 23:13:30,-6.912318757729175,IISC
2026-01-01 23:14:00,-2.066952548653977,IISC
2026-01-01 23:14:30,-1.024551606173104,IISC
2026-01-01 23:15:00,0.5164406532490179,IISC
2026-01-01 23:15:30,0.01427945840718492,IISC
2026-01-01 23:16:00,-9.373675420326558,IISC
2026-01-01 23:16:30,-10.681039766766839,IISC
2026-01-01 23:17:00,-9.652918300424867,IISC
2026-01-01 23:17:30,-9.012986727289702,IISC
2026-01-01 23:18:00,-7.021265794479962,IISC
2026-01-01 23:18:30,-3.7147763568652437,IISC
2026-01-01 23:19:00,-7.910823566970063,IISC
2026-01-01 23:19:30,-5.189263337614052,IISC
2026-01-01 23:20:00,-5.159646668691825,IISC
2026-01-01 23:20:30,-3.02301562395223,IISC
2026-01-01 23:21:00,-2.6580959540069955,IISC
2026-01-01 23:21:30,-5.23580379989872,IISC
2026-01-01 23:22:00,-6.98212948267923,IISC
2026-01-01 23:22:30,-10.850277861946886,IISC
2026-01-01 23:23:00,-5.187015642460074,IISC
2026-01-01 23:23:30,-1.5639414004040584,IISC
2026-01-01 23:24:00,0.939724786973432,IISC
2026-01-01 23:24:30,-5.016852012004371,IISC
2026-01-01 23:25:00,-6.409439835529134,IISC
2026-01-01 23:25:30,-5.864100269283864,IISC
2026-01-01 23:26:00,-2.192237848961472,IISC
2026-01-01 23:26:30,-1.3885079731993646,IISC
2026-01-01 23:27:00,-2.106561073187336,IISC
2026-01-01 23:27:30,-6.923160576951166,IISC
2026-01-01 23:28:00,-1.310140902871755,IISC
2026-01-01 23:28:30,-2.3282327601727966,IISC
2026-01-01 23:29:00,1.5552717133963776,IISC
2026-01-01 23:29:30,0.29153908137848017,IISC
2026-01-01 23:30:00,0.6425759297625198,IISC
2026-01-01 23:30:30,-2.588153024327343,IISC
2026-01-01 23:31:00,0.9495844185048778,IISC
2026-01-01 23:31:30,3.3509144370576767,IISC
2026-01-01 23:32:00,-1.1083584653245282,IISC
2026-01-01 23:32:30,-1.9542467606744094,IISC
2026-01-01 23:33:00,-3.8723793443548877,IISC
2026-01-01 23:33:30,-2.918299540467531,IISC
2026-01-01 23:34:00,-2.6982900021540583,IISC
2026-01-01 23:34:30,-0.4156910854959889,IISC
2026-01-01 23:35:00,0.9974470650137941,IISC
2026-01-01 23:35:30,0.5944488432564486,IISC
2026-01-01 23:36:00,0.11899554730990891,IISC
2026-01-01 23:36:30,-1.4017674690251996,IISC
2026-01-01 23:37:00,-0.7318225714050022,IISC
2026-01-01 23:37:30,8.042738630670545,IISC
2026-01-01 23:38:00,6.030014044040556,IISC
2026-01-01 23:38:30,2.7375774253391527,IISC
2026-01-01 23:39:00,1.6387385972640132,IISC
2026-01-01 23:39:30,1.8658500914382803,IISC
2026-01-01 23:40:00,2.8626927323052724,IISC
2026-01-01 23:40:30,2.946329601914976,IISC
2026-01-01 23:41:00,3.981590801893468,IISC
2026-01-01 23:41:30,5.940257405908783,IISC
2026-01-01 23:42:00,6.726817939626716,IISC
2026-01-01 23:42:30,5.544002266658085,IISC
2026-01-01 23:43:00,3.7424097760486736,IISC
2026-01-01 23:43:30,5.472604939158725,IISC
2026-01-01 23:44:00,2.1097909416072493,IISC
2026-01-01 23:44:30,3.4401610964318756,IISC
2026-01-01 23:45:00,4.469472525029328,IISC
2026-01-01 23:45:30,4.76934129786688,IISC
2026-01-01 23:46:00,4.314778309536809,IISC
2026-01-01 23:46:30,3.1183631534263196,IISC
2026-01-01 23:47:00,3.7249004238905505,IISC
2026-01-01 23:47:30,7.112533475880297,IISC
2026-01-01 23:48:00,9.487004505966269,IISC
2026-01-01 23:48:30,4.338577430524408,IISC
2026-01-01 23:49:00,8.746172272903072,IISC
2026-01-01 23:49:30,11.162971703252678,IISC
2026-01-01 23:50:00,8.752122044284114,IISC
2026-01-01 23:50:30,4.375466047663711,IISC
2026-01-01 23:51:00,2.8570829469737054,IISC
2026-01-01 23:51:30,5.417866981278724,IISC
2026-01-01 23:52:00,5.114428361571092,IISC
2026-01-01 23:52:30,2.3703911816603975,IISC
2026-01-01 23:53:00,2.2978038963384857,IISC
2026-01-01 23:53:30,3.748359542996786,IISC
2026-01-01 23:54:00,8.282089657456023,IISC
2026-01-01 23:54:30,7.284907019140595,IISC
2026-01-01 23:55:00,4.473042385198195,IISC
2026-01-01 23:55:30,2.6994988560767803,IISC
2026-01-01 23:56:00,3.395792752640546,IISC
2026-01-01 23:56:30,1.4986638458596977,IISC
2026-01-01 23:57:00,4.354556829311371,IISC
2026-01-01 23:57:30,3.556266740473251,IISC
2026-01-01 23:58:00,4.387195606583552,IISC
2026-01-01 23:58:30,3.044925898231157,IISC
2026-01-01 23:59:00,2.5281452741312798,IISC
2026-01-01 23:59:30,2.582543229496641,IISC
